GitHub Repo,Engineered ML Project,Stars,Commits,Lines of Code,Architecture,Community,Continuous Integration,Documentation,History,Issues,License,Unit Testing,Last Commit Date
1989Ryan/Semantic_SLAM,N,299,117,9443,The source code of the project exists as ad-hoc scripts.,There are no contributors to the project other than the author.,CI is not used on the project.,Most of the functions in the source code are not documented.,No evidence of sustained commit activity,The author of the project does not reply to issues or close them.,https://github.com/1989Ryan/Semantic_SLAM/blob/master/LICENSE is provided.,Only 1 file related to testing,2020-05-09
Adlik/Adlik,Y,806,406,10269,The source code of this project has been organised into different modules in a way that shows the relationship between different files.,https://github.com/Adlik/Adlik/graphs/contributors shows that there are multiple contributors.,The project uses Azure Pipeline for CI,There is a well-maintained documentation,Evidence of sustained commit activity,"The project maintainers respond to issues, as evidenced by https://github.com/Adlik/Adlik/issues/136 and https://github.com/Adlik/Adlik/issues/108.",https://github.com/Adlik/Adlik/blob/master/LICENSE is provided.,There are many files related to testing.,2023-04-13
adobe/antialiased-cnns,N,1679,239,1785,The source code of this project has been organised into different modules in a way that shows the relationship between different files.,https://github.com/adobe/antialiased-cnns/graphs/contributors shows that there are multiple contributors but mainly 1,CI is not used on the project.,There is a well-maintained documentation,No evidence of sustained commit activity,Do reply to issues last time but not recently,https://github.com/adobe/antialiased-cnns/blob/master/LICENSE.md is provided.,There is no evidence of any testing done on the project.,2021-09-29
advboxes/AdvBox,N,1400,378,9451,Organized into projects where each project source code have been organised into different modules in a way that shows the relationship between different files.,https://github.com/advboxes/AdvBox/graphs/contributors shows that there are multiple contributors,CI is not used on the project.,Most of the functions in the source code are not documented but there are tutorials py files,No evidence of sustained commit activity,"The project maintainers respond to issues, as evidenced by https://github.com/advboxes/AdvBox/issues/43 and https://github.com/advboxes/AdvBox/issues/17",https://github.com/advboxes/AdvBox/blob/master/LICENSE is provided.,There is no evidence of any testing done on the project.,2022-08-08
AFAgarap/cnn-svm,N,391,115,557,The source code of the project exists as ad-hoc scripts.,There are no contributors to the project other than the author.,CI is not used on the project.,Most of the functions in the source code are not documented.,No evidence of sustained commit activity,Issues all raised by author and he do answered others' questions,https://github.com/AFAgarap/cnn-svm/blob/master/LICENSE is provided.,there is no evidence of any testing done on the project.,2020-09-26
AICoE/prometheus-anomaly-detector,N,611,158,653,The source code of the project exists as ad-hoc scripts.,https://github.com/AICoE/prometheus-anomaly-detector/graphs/contributors shows that there are multiple contributors.,CI is not used on the project.,Most of the functions in the source code are not documented.,Not much commits with only 1 commit last month,"The project maintainers respond to issues, as evidenced by https://github.com/AICoE/prometheus-anomaly-detector/issues/68 and https://github.com/AICoE/prometheus-anomaly-detector/issues/64.",https://github.com/AICoE/prometheus-anomaly-detector/blob/master/LICENSE is provided.,There are 2 files related to testing.,2023-05-27
aimacode/aima-python,Y,8508,1190,21246,The source code of this project has been organised into different modules in a way that shows the relationship between different files.,https://github.com/aimacode/aima-python/graphs/contributors shows that there are multiple contributors,The project uses Travis CI,There is a well-maintained documentation,Little evidence of sustained commit activity,"The project maintainers respond to issues, as evidenced by https://github.com/aimacode/aima-python/issues/1181 and https://github.com/aimacode/aima-python/issues/1190",https://github.com/aimacode/aima-python/blob/master/LICENSE is provided.,There are many files related to testing,2021-12-05
aiqm/torchani,Y,516,990,53385,The source code of this project has been organised into different modules in a way that shows the relationship between different files.,https://github.com/aiqm/torchani/graphs/contributors shows that there are multiple contributors,The project uses CI but not sure what is it,Most of the functions in the source code are not documented.,Evidence of sustained commit activity but not stable,"The project maintainers respond to issues, as evidenced by https://github.com/XanaduAI/pennylane/issues/661 and https://github.com/XanaduAI/pennylane/issues/533",https://github.com/aiqm/torchani/blob/master/LICENSE is provided.,There are many files related to testing,2025-09-09
aisolab/nlp_classification,N,231,383,5626,Organized into projects where each project source code have been organised into different modules in a way that shows the relationship between different files.,https://github.com/aisolab/nlp_classification/graphs/contributors shows that there are multiple contributors but mainly 1,CI is not used on the project.,Most of the functions in the source code are not documented.,No evidence of sustained commit activity,"Only 2 issues, 1 open, 1 closed",https://github.com/aisolab/nlp_classification/blob/master/LICENSE is provided.,1 test file for each project,2020-05-30
albumentations-team/albumentations,Y,15160,1332,36379,The source code of this project has been organised into different modules in a way that shows the relationship between different files.,https://github.com/albumentations-team/albumentations/graphs/contributors?from=2019-04-22&to=2020-03-12&type=c shows that there are multiple contributors,CI is not used on the project.,There is a well-maintained documentation,commit activity decreasing,"The project maintainers respond to issues, as evidenced by https://github.com/albumentations-team/albumentations/issues/644 and https://github.com/albumentations-team/albumentations/issues/653 however there are s lot open issues",https://github.com/albumentations-team/albumentations/blob/master/LICENSE is provided.,There are many files related to testing,2025-06-25
alfredfrancis/ai-chatbot-framework,Y,2125,470,2327,The source code of this project has been organised into different modules in a way that shows the relationship between different files.,https://github.com/alfredfrancis/ai-chatbot-framework/graphs/contributors shows that there are multiple contributors,The project uses Travis CI,There is a well-maintained documentation,Evidence of sustained commit activity,"The project maintainers respond to issues, as evidenced by https://github.com/alfredfrancis/ai-chatbot-framework/issues/130 and https://github.com/alfredfrancis/ai-chatbot-framework/issues/113 but not recently",https://github.com/alfredfrancis/ai-chatbot-framework/blob/master/License.txt is provided.,There are files related to testing,2025-02-03
alibaba/ai-matrix,N,190,299,101529,Organized into projects where each project source code have been organised into different modules in a way that shows the relationship between different files.,https://github.com/alibaba/ai-matrix/graphs/contributors shows that there are multiple contributors,CI is not used on the project but there's a lot of projects so I may miss out,There is a well-maintained documentation,Little evidence of sustained commit activity,"The project maintainers respond to issues, as evidenced by https://github.com/alibaba/ai-matrix/issues/2 and https://github.com/alibaba/ai-matrix/issues/51 but not often as there are more open than closed issues","There are many projects, some of them has license is provided.",There are many projects in this git and some of them have test files,2020-10-31
allegroai/trains,Y,6293,2561,157601,The source code of this project has been organised into different modules in a way that shows the relationship between different files.,https://github.com/allegroai/trains/graphs/contributors shows that there are multiple contributors,CI is not used on the project.,There is a well-maintained documentation,Little evidence of sustained commit activity,"The project maintainers (mainly 1 person) respond to issues, as evidenced by https://github.com/allegroai/trains/issues/154 and https://github.com/allegroai/trains/issues/138",https://github.com/allegroai/trains/blob/master/LICENSE is provided.,There is no evidence of any testing done on the project.,2025-09-26
allenai/allennlp,Y,11879,2719,57574,The source code of this project has been organised into different modules in a way that shows the relationship between different files.,https://github.com/allenai/allennlp/graphs/contributors shows that there are multiple contributors,CI is not used on the project.,There is a well-maintained documentation,Evidence of sustained commit activity,"The project maintainers respond to issues, as evidenced by https://github.com/XanaduAI/pennylane/issues/661 and https://github.com/allenai/allennlp/issues/4437",https://github.com/allenai/allennlp/blob/master/LICENSE is provided.,There are many files related to testing,2022-11-22
allenai/scibert,N,1642,253,1237,The source code of this project has been organised into different modules in a way that shows the relationship between different files.,https://github.com/allenai/scibert/graphs/contributors shows that there are multiple contributors,CI is not used on the project.,Most of the functions in the source code are not documented.,Evidence of sustained commit activity,Do reply to issues last time but not recently,https://github.com/allenai/scibert/blob/master/LICENSE.txt is provided.,There are files related to testing,2020-06-14
alvinwan/neural-backed-decision-trees,Y,623,830,4997,The source code of the project exists as ad-hoc scripts.,https://github.com/alvinwan/neural-backed-decision-trees/graphs/contributors shows that there are multiple contributors,CI is not used on the project.,There is a well-maintained documentation,Little evidence of sustained commit activity,The maintainers of the project does not reply to issues or close them.,https://github.com/alvinwan/neural-backed-decision-trees/blob/master/LICENSE is provided.,There are files related to testing,2021-06-03
amaiya/ktrain,Y,1261,3066,15566,The source code of this project has been organised into different modules in a way that shows the relationship between different files.,https://github.com/amaiya/ktrain/graphs/contributors shows that there are multiple contributors but mainly 1,CI is not used on the project.,There is a well-maintained documentation,Evidence of sustained commit activity,"The project maintainers (mainly 1 person) respond to issues, as evidenced by https://github.com/amaiya/ktrain/issues/191 and https://github.com/amaiya/ktrain/issues/185",https://github.com/amaiya/ktrain/blob/master/LICENSE is provided.,There are many files related to testing,2024-07-09
amansrivastava17/embedding-as-service,N,210,396,9036,The source code of this project has been organised into different modules in a way that shows the relationship between different files.,https://github.com/amansrivastava17/embedding-as-service/graphs/contributors shows that there are multiple contributors,CI is not used on the project.,Most of the functions in the source code are not documented.,Evidence of sustained commit activity,Do reply to issues last time but not recently,https://github.com/amansrivastava17/embedding-as-service/blob/master/LICENSE is provided.,There is no evidence of any testing done on the project.,2022-10-25
amzn/xfer,Y,256,200,8890,Organized into projects where each project source code have been organised into different modules in a way that shows the relationship between different files.,https://github.com/amzn/xfer/graphs/contributors shows that there are multiple contributors,The project uses Travis CI,There is a well-maintained documentation,Little evidence of sustained commit activity,"The project maintainers respond to issues, as evidenced by https://github.com/amzn/xfer/issues/70 and https://github.com/amzn/xfer/issues/78",https://github.com/amzn/xfer/blob/master/LICENSE is provided.,There are many projects in this git and some of them have test files,2022-08-30
analyticalmindsltd/smote_variants,Y,673,498,21361,The source code of this project has been organised into different modules in a way that shows the relationship between different files.,There are no contributors to the project other than the author.,The project uses Travis and Circle CI,There is a well-maintained documentation,No evidence of sustained commit activity,"The project author respond to issues, as evidenced by https://github.com/analyticalmindsltd/smote_variants/issues/24 and https://github.com/analyticalmindsltd/smote_variants/issues/11 but not often",https://github.com/analyticalmindsltd/smote_variants/blob/master/LICENSE is provided.,Only 1 test file,2024-01-01
anicolson/DeepXi,Y,516,425,2301,The source code of this project has been organised into different modules in a way that shows the relationship between different files.,https://github.com/anicolson/DeepXi/graphs/contributors shows that there are multiple contributors but 1 only contribute 1 commit,CI is not used on the project.,There is a well-maintained documentation,Little evidence of sustained commit activity,"The project author respond to issues, as evidenced by https://github.com/anicolson/DeepXi/issues/29 and https://github.com/anicolson/DeepXi/issues/43",https://github.com/anicolson/DeepXi/blob/master/LICENSE.txt is provided.,There are files related to testing,2022-02-06
AntonMu/TrainYourOwnYOLO,Y,670,43,3170,The source code of the project exists as ad-hoc scripts.,There are no contributors to the project other than the author.,CI is not used on the project.,There is a well-maintained documentation,There are only 12 commits in the past month,"Only project author respond to issues, as evidenced by https://github.com/AntonMu/TrainYourOwnYOLO/issues/118 and https://github.com/AntonMu/TrainYourOwnYOLO/issues/108.",https://github.com/AntonMu/TrainYourOwnYOLO/blob/master/LICENSE is provided.,There are many files related to testing.,2022-04-10
apache/beam,Y,8304,45656,249436,The source code of this project has been organised into different modules in a way that shows the relationship between different files.,https://github.com/apache/beam/graphs/contributors shows that there are multiple contributors,The project uses CI but not sure what is it,There is a well-maintained documentation,Evidence of sustained commit activity,"The project maintainers respond to issues, as evidenced by https://github.com/apache/beam/pull/12186 and https://github.com/apache/beam/pull/12190",https://github.com/apache/beam/blob/master/LICENSE is provided.,There are many files related to testing,2025-09-27
apache/submarine,Y,706,1051,13139,The source code of this project has been organised into different modules in a way that shows the relationship between different files.,https://github.com/apache/submarine/graphs/contributors shows that there are multiple contributors,The project uses Travis CI,There is a well-maintained documentation,Evidence of sustained commit activity,"5 open, 5 closed",https://github.com/apache/submarine/blob/master/LICENSE-binary and https://github.com/apache/submarine/blob/master/LICENSE-binary are provided.,There are many files related to testing,2024-04-03
apachecn/Interview,Y,8916,54,3443,The source code of this project has been organised into different modules in a way that shows the relationship between different files.,https://github.com/apachecn/Interview/graphs/contributors shows that there are multiple contributors,The project uses Travis CI,There is a well-maintained documentation,Evidence of sustained commit activity,Do reply to issues last time but not recently,https://github.com/apachecn/Interview/blob/master/LICENSE is provided.,There are files related to testing,2023-10-20
apachecn/pytorch-doc-zh,N,4223,1294,0,The source code of the project exists as ad-hoc scripts.,https://github.com/apachecn/pytorch-doc-zh/graphs/contributors shows that there are multiple contributors,The project uses Travis CI,There is a well-maintained documentation,Little evidence of sustained commit activity,"The project maintainers respond to issues, as evidenced by https://github.com/apachecn/pytorch-doc-zh/issues/497 and https://github.com/apachecn/pytorch-doc-zh/issues/517 but not often and not recently",https://github.com/apache/beam/blob/master/LICENSE is provided.,There is no evidence of any testing done on the project.,2025-08-11
apple/turicreate,Y,11195,1571,250226,The source code of this project has been organised into different modules in a way that shows the relationship between different files.,https://github.com/apple/turicreate/graphs/contributors shows that there are multiple contributors,The project uses Travis and Gitlab CI,There is a well-maintained documentation,Evidence of sustained commit activity but decreasing,"The project maintainers respond to issues, as evidenced by https://github.com/apple/turicreate/issues/3247 and https://github.com/apple/turicreate/issues/3249",https://github.com/apple/turicreate/blob/master/LICENSE.md is provided.,There are many files related to testing,2021-11-29
ARM-software/CMSIS_5,Y,1522,3264,480,The source code of this project has been organised into different modules in a way that shows the relationship between different files.,https://github.com/ARM-software/CMSIS_5/graphs/contributors shows that there are multiple contributors.,CI is not used on the project.,There is a well-maintained documentation,There are only 5 commits in the past month however there seems to be evidence of sustained commit activity as the commits are quite stable,"The project maintainers respond to issues, as evidenced by https://github.com/ARM-software/CMSIS_5/issues/890 and https://github.com/ARM-software/CMSIS_5/issues/805.",https://github.com/ARM-software/CMSIS_5/blob/develop/LICENSE.txt is provided.,There are many files related to testing.,2024-09-03
arogozhnikov/einops,Y,9199,713,4042,The source code of this project has been organised into different modules in a way that shows the relationship between different files.,https://github.com/arogozhnikov/einops/graphs/contributors shows that there are multiple contributors but mainly 1,The project uses Travis CI,There is a well-maintained documentation,No evidence of sustained commit activity,Open issues more than closed,https://github.com/arogozhnikov/einops/blob/master/LICENSE is provided.,There are files related to testing,2025-08-12
arogozhnikov/hep_ml,Y,192,371,2839,The source code of this project has been organised into different modules in a way that shows the relationship between different files.,https://github.com/arogozhnikov/hep_ml/graphs/contributors shows that there are multiple contributors but mainly 1,The project uses Travis CI,There is a well-maintained documentation,No evidence of sustained commit activity,Do reply to issues last time but not recently and not often,https://github.com/arogozhnikov/hep_ml/blob/master/LICENSE is provided.,There are many files related to testing,2025-07-01
arviz-devs/arviz,Y,1729,1614,33576,The source code of this project has been organised into different modules in a way that shows the relationship between different files.,https://github.com/arviz-devs/arviz/graphs/contributors shows that there are multiple contributors,The project uses Azure Pipeline CI,There is a well-maintained documentation,Evidence of sustained commit activity,"The project maintainers respond to issues, as evidenced by https://github.com/arviz-devs/arviz/issues/1262 and https://github.com/arviz-devs/arviz/issues/1270",https://github.com/arviz-devs/arviz/blob/master/LICENSE is provided.,There are many files related to testing,2025-09-17
asappresearch/flambe,Y,267,661,12877,The source code of this project has been organised into different modules in a way that shows the relationship between different files.,https://github.com/asappresearch/flambe/graphs/contributors shows that there are multiple contributors,CI is not used on the project.,There is a well-maintained documentation,Evidence of sustained commit activity until recently,Do reply to issues last time but not recently and not often,https://github.com/asappresearch/flambe/blob/master/LICENSE is provided.,There are many files related to testing,2020-05-07
asappresearch/sru,Y,2104,400,3545,The source code of this project has been organised into different modules in a way that shows the relationship between different files.,https://github.com/asappresearch/sru/graphs/contributors shows that there are multiple contributors,The project uses Circle CI,Most of the functions in the source code are not documented.,No evidence of sustained commit activity,Open issues more than closed,https://github.com/asappresearch/sru/blob/master/LICENSE is provided.,There are files related to testing,2021-05-19
as-ideas/TransformerTTS,Y,1153,623,2994,The source code of this project has been organised into different modules in a way that shows the relationship between different files.,https://github.com/as-ideas/TransformerTTS/graphs/contributors shows that there are multiple contributors,CI is not used on the project.,There is a well-maintained documentation,Evidence of sustained commit activity,"The project maintainers respond to issues, as evidenced by https://github.com/as-ideas/TransformerTTS/issues/33 and https://github.com/as-ideas/TransformerTTS/issues/34 but not often",https://github.com/as-ideas/TransformerTTS/blob/master/LICENSE is provided.,There are files related to testing,2021-06-07
astooke/rlpyt,Y,2266,658,28682,The source code of this project has been organised into different modules in a way that shows the relationship between different files.,https://github.com/astooke/rlpyt/graphs/contributors shows that there are multiple contributors,CI is not used on the project.,There is a well-maintained documentation,Little evidence of sustained commit activity,"The project maintainers respond to issues, as evidenced by https://github.com/astooke/rlpyt/issues/162 and https://github.com/astooke/rlpyt/issues/170",https://github.com/astooke/rlpyt/blob/master/LICENSE is provided.,There are files related to testing,2020-09-14
athena-team/athena,Y,960,689,16577,The source code of this project has been organised into different modules in a way that shows the relationship between different files.,https://github.com/athena-team/athena/graphs/contributors shows that there are multiple contributors,CI is not used on the project.,There is a well-maintained documentation,Evidence of sustained commit activity,"The project maintainers respond to issues, as evidenced by https://github.com/athena-team/athena/issues/164 and https://github.com/athena-team/athena/issues/141",https://github.com/athena-team/athena/blob/master/LICENSE is provided.,There are many files related to testing,2022-12-02
autorope/donkeycar,Y,3314,2204,22292,The source code of this project has been organised into different modules in a way that shows the relationship between different files.,https://github.com/autorope/donkeycar/graphs/contributors shows that there are multiple contributors,The project uses Travis CI,There is a well-maintained documentation,Evidence of sustained commit activity,"The project maintainers respond to issues, as evidenced by https://github.com/autorope/donkeycar/issues/600 and https://github.com/autorope/donkeycar/issues/566",https://github.com/autorope/donkeycar/blob/dev/LICENSE is provided.,There are many files related to testing,2025-08-04
avrae/avrae,Y,439,6107,35896,The source code of this project has been organised into different modules in a way that shows the relationship between different files.,https://github.com/avrae/avrae/graphs/contributors shows that there are multiple contributors,The project uses Travis CI,Most of the functions in the source code are not documented.,Evidence of sustained commit activity,"Most of the bugs raised by bot, resolved then closed by bot",https://github.com/avrae/avrae/blob/master/LICENSE is provided.,There are many files related to testing,2025-09-26
awslabs/amazon-sagemaker-examples,Y,10746,3175,70067,The source code of this project has been organised into different modules in a way that shows the relationship between different files.,https://github.com/awslabs/amazon-sagemaker-examples/graphs/contributors shows that there are multiple contributors,CI is not used on the project.,There is a well-maintained documentation,Evidence of sustained commit activity,Open issues more than closed,https://github.com/awslabs/amazon-sagemaker-examples/blob/master/LICENSE.txt is provided.,There are many projects in this git and some of them have test files,2025-09-03
BachiLi/redner,Y,1423,908,12656,The source code of this project has been organised into different modules in a way that shows the relationship between different files.,https://github.com/BachiLi/redner/graphs/contributors shows that there are multiple contributors.,CI is not used on the project.,There is a well-maintained documentation,There are only 4 commits in the past month,"The project maintainers (mainly author) respond to issues, as evidenced by https://github.com/BachiLi/redner/pull/110 and https://github.com/BachiLi/redner/issues/126.",https://github.com/BachiLi/redner/blob/master/LICENSE is provided.,There are many files related to testing.,2022-03-28
baldassarreFe/deep-koalarization,Y,413,154,2615,The source code of this project has been organised into different modules in a way that shows the relationship between different files.,https://github.com/baldassarreFe/deep-koalarization/graphs/contributors shows that there are multiple contributors,CI is not used on the project.,There is a well-maintained documentation,No evidence of sustained commit activity,"The project maintainers respond to issues, as evidenced by https://github.com/baldassarreFe/deep-koalarization/issues/4 and https://github.com/baldassarreFe/deep-koalarization/issues/14",https://github.com/baldassarreFe/deep-koalarization/blob/master/LICENSE is provided.,There are many files related to testing,2021-08-03
batra-mlp-lab/visdial-challenge-starter-pytorch,N,190,121,1510,The source code of this project has been organised into different modules in a way that shows the relationship between different files.,https://github.com/batra-mlp-lab/visdial-challenge-starter-pytorch/graphs/contributors shows that there are multiple contributors,CI is not used on the project.,Most of the functions in the source code are not documented.,No evidence of sustained commit activity,"The project maintainers respond to issues, as evidenced by https://github.com/batra-mlp-lab/visdial-challenge-starter-pytorch/issues/23 and https://github.com/batra-mlp-lab/visdial-challenge-starter-pytorch/issues/32 but not very often",https://github.com/batra-mlp-lab/visdial-challenge-starter-pytorch/blob/master/LICENSE is provided.,There is no evidence of any testing done on the project.,2021-09-29
bayesiains/nflows,Y,958,161,6408,The source code of this project has been organised into different modules in a way that shows the relationship between different files.,https://github.com/bayesiains/nflows/graphs/contributors shows that there are multiple contributors,CI is not used on the project.,Most of the functions in the source code are not documented.,Little evidence of sustained commit activity,Open issues more than closed,https://github.com/bayesiains/nflows/blob/master/LICENSE.md is provided.,There are many files related to testing,2024-12-27
Belval/TextRecognitionDataGenerator,Y,3571,156,3319,The source code of this project has been organised into different modules in a way that shows the relationship between different files.,https://github.com/Belval/TextRecognitionDataGenerator/graphs/contributors shows that there are multiple contributors but mainly author,The project uses Travis CI,There is a well-maintained documentation,No evidence of sustained commit activity,"The project maintainers (mainly author) respond to issues, as evidenced by https://github.com/Belval/TextRecognitionDataGenerator/issues/109 and https://github.com/Belval/TextRecognitionDataGenerator/issues/95.",https://github.com/Belval/TextRecognitionDataGenerator/blob/master/LICENSE is provided.,There are 2 files related to testing.,2024-02-15
beringresearch/ivis,Y,338,584,2011,The source code of this project has been organised into different modules in a way that shows the relationship between different files.,https://github.com/beringresearch/ivis/graphs/contributors shows that there are multiple contributors,The project uses Travis CI,There is a well-maintained documentation,Little evidence of sustained commit activity,"The project maintainers respond to issues, as evidenced by https://github.com/beringresearch/ivis/issues/61 and https://github.com/beringresearch/ivis/issues/71",https://github.com/beringresearch/ivis/blob/master/LICENSE is provided.,There are many files related to testing,2024-09-29
berkmancenter/mediacloud,Y,285,19500,34414,The source code of this project has been organised into different modules in a way that shows the relationship between different files.,https://github.com/berkmancenter/mediacloud/graphs/contributors shows that there are multiple contributors,CI is not used on the project.,There is a well-maintained documentation,Evidence of sustained commit activity but decreasing,"The project maintainers respond to issues, as evidenced by https://github.com/berkmancenter/mediacloud/issues/697 and https://github.com/berkmancenter/mediacloud/issues/713",https://github.com/berkmancenter/mediacloud/blob/master/LICENSE is provided.,There is no evidence of any testing done on the project.,2022-01-28
bethgelab/foolbox,Y,2903,1711,8798,The source code of this project has been organised into different modules in a way that shows the relationship between different files.,https://github.com/bethgelab/foolbox/graphs/contributors shows that there are multiple contributors,CI is not used on the project.,There is a well-maintained documentation,Little evidence of sustained commit activity,"The project maintainers respond to issues, as evidenced by https://github.com/bethgelab/foolbox/issues/498 and https://github.com/bethgelab/foolbox/issues/545 but some are closed without resolving","There is no license to be found, either in the form of a license file or written inside the source code file.",There are many files related to testing,2024-03-04
bethgelab/siamese-mask-rcnn,N,349,174,4358,The source code of this project has been organised into different modules in a way that shows the relationship between different files.,https://github.com/matterport/Mask_RCNN/graphs/contributors shows that there are multiple contributors,CI is not used on the project.,There is a well-maintained documentation,No evidence of sustained commit activity,Open issues more than closed,https://github.com/matterport/Mask_RCNN/blob/master/LICENSE is provided.,There is no evidence of any testing done on the project.,2020-05-19
beyretb/AnimalAI-Olympics,N,577,316,2030,The source code of this project has been organised into different modules in a way that shows the relationship between different files.,https://github.com/beyretb/AnimalAI-Olympics/graphs/contributors shows that there are multiple contributors,CI is not used on the project.,There is a well-maintained documentation,No evidence of sustained commit activity,"The project maintainers respond to issues, as evidenced by https://github.com/beyretb/AnimalAI-Olympics/issues/83 and https://github.com/beyretb/AnimalAI-Olympics/issues/91","There is no license to be found, either in the form of a license file or written inside the source code file.",There are files related to testing,2021-06-14
bhoov/exbert,Y,599,156,59579,The source code of this project has been organised into different modules in a way that shows the relationship between different files.,https://github.com/bhoov/exbert/graphs/contributors shows that there are multiple contributors,CI is not used on the project.,There is a well-maintained documentation,No evidence of sustained commit activity,"The project maintainers respond to issues, as evidenced by https://github.com/bhoov/exbert/issues/7 and https://github.com/bhoov/exbert/issues/10",https://github.com/bhoov/exbert/blob/master/LICENSE is provided.,There are many files related to testing,2021-06-02
BindsNET/bindsnet,Y,1625,2124,14028,The source code of the project exists as ad-hoc scripts.,https://github.com/BindsNET/bindsnet/graphs/contributors shows that there are multiple contributors.,The project uses Travis CI,Most of the functions in the source code are not documented.,Little evidence of sustained commit activity with 17 commits last month,"The project maintainers respond to issues, as evidenced by https://github.com/BindsNET/bindsnet/issues/345 and https://github.com/BindsNET/bindsnet/issues/317.",https://github.com/BindsNET/bindsnet/blob/master/LICENSE is provided.,There are many files related to testing.,2025-09-26
biolib/openprotein,N,190,163,2258,The source code of this project has been organised into different modules in a way that shows the relationship between different files.,https://github.com/biolib/openprotein/graphs/contributors shows that there are multiple contributors,CI is not used on the project.,Most of the functions in the source code are not documented.,No evidence of sustained commit activity,Open issues more than closed,https://github.com/biolib/openprotein/blob/master/LICENSE is provided.,There are files related to testing,2020-06-22
bitextor/bitextor,Y,295,4001,4658,The source code of this project has been organised into different modules in a way that shows the relationship between different files but quite messy,https://github.com/bitextor/bitextor/graphs/contributors shows that there are multiple contributors,CI is not used on the project.,There is a well-maintained documentation,Evidence of sustained commit activity until recently,"The project maintainers respond to issues, as evidenced by https://github.com/bitextor/bitextor/issues/169 and https://github.com/bitextor/bitextor/issues/175",https://github.com/bitextor/bitextor/blob/master/document-aligner/LICENSE is provided.,There are files related to testing,2024-11-11
black0017/MedicalZooPytorch,N,1877,122,6014,The source code of this project has been organised into different modules in a way that shows the relationship between different files.,https://github.com/black0017/MedicalZooPytorch/graphs/contributors shows that there are multiple contributors,CI is not used on the project.,There is a well-maintained documentation,Evidence of sustained commit activity,"The project maintainers respond to issues, as evidenced by https://github.com/black0017/MedicalZooPytorch/issues/3 and https://github.com/black0017/MedicalZooPytorch/issues/4",https://github.com/black0017/MedicalZooPytorch/blob/master/LICENSE.md is provided.,There are many files related to testing,2022-02-07
BloodAxe/pytorch-toolbelt,Y,1556,1245,12133,The source code of this project has been organised into different modules in a way that shows the relationship between different files.,https://github.com/BloodAxe/pytorch-toolbelt/graphs/contributors shows that there are multiple contributors but mainly author,The project uses Travis CI,Most of the functions in the source code are not documented.,There are only 2 commits in the past month however there seems to be evidence of sustained commit activity as the commits are quite stable,"The project maintainers (mainly author) respond to issues, as evidenced by https://github.com/BloodAxe/pytorch-toolbelt/issues/4 and https://github.com/BloodAxe/pytorch-toolbelt/issues/7.",https://github.com/BloodAxe/pytorch-toolbelt/blob/develop/LICENSE is provided.,There are many files related to testing.,2025-09-12
brainiak/brainiak,Y,358,406,17865,The source code of this project has been organised into different modules in a way that shows the relationship between different files.,https://github.com/brainiak/brainiak/graphs/contributors shows that there are multiple contributors,The project uses Travis CI,There is a well-maintained documentation,Little evidence of sustained commit activity,"The project maintainers respond to issues, as evidenced by https://github.com/brainiak/brainiak/issues/448 and https://github.com/brainiak/brainiak/issues/456",https://github.com/brainiak/brainiak/blob/master/LICENSE is provided.,There are many files related to testing,2025-01-06
bricewalker/Hey-Jetson,Y,199,438,1891,The source code of this project has been organised into different modules in a way that shows the relationship between different files.,https://github.com/bricewalker/Hey-Jetson/graphs/contributors shows that there are multiple contributors but mainly 1,CI is not used on the project.,There is a well-maintained documentation,No evidence of sustained commit activity,"The project maintainers respond to issues, as evidenced by https://github.com/bricewalker/Hey-Jetson/issues/53 and https://github.com/bricewalker/Hey-Jetson/issues/51",https://github.com/bricewalker/Hey-Jetson/blob/master/LICENSE is provided.,There are many files related to testing,2024-05-14
BrikerMan/Kashgari,Y,2387,955,4161,The source code of this project has been organised into different modules in a way that shows the relationship between different files.,https://github.com/BrikerMan/Kashgari/graphs/contributors shows that there are multiple contributors but mainly author,The project uses Azure Pipeline for CI,There is a well-maintained documentation,Evidence of sustained commit activity,"The project maintainers (mainly author) respond to issues, as evidenced by https://github.com/BrikerMan/Kashgari/issues/394 and https://github.com/BrikerMan/Kashgari/issues/387.",https://github.com/BrikerMan/Kashgari/blob/v2-trunk/LICENSE is provided.,There are many files related to testing.,2021-07-09
broadinstitute/keras-rcnn,Y,556,838,4681,The source code of this project has been organised into different modules in a way that shows the relationship between different files.,https://github.com/broadinstitute/keras-rcnn/graphs/contributors shows that there are multiple contributors,The project uses Travis CI,Most of the functions in the source code are not documented.,No evidence of sustained commit activity,Open issues more than closed,https://github.com/broadinstitute/keras-rcnn/blob/master/LICENSE is provided.,There are many files related to testing,2020-05-20
bulletphysics/bullet3,Y,13791,9404,100791,The source code of this project has been organised into different modules in a way that shows the relationship between different files.,https://github.com/bulletphysics/bullet3/graphs/contributors shows that there are multiple contributors,The project uses Travis and Appveyor CI,There is a well-maintained documentation,Evidence of sustained commit activity,"The project maintainers respond to issues, as evidenced by https://github.com/bulletphysics/bullet3/issues/2834 and https://github.com/bulletphysics/bullet3/issues/2907",https://github.com/bulletphysics/bullet3/blob/master/LICENSE.txt is provided.,There are many files related to testing,2025-04-23
bureaucratic-labs/dostoevsky,Y,316,350,313,The source code of this project has been organised into different modules in a way that shows the relationship between different files.,https://github.com/bureaucratic-labs/dostoevsky/graphs/contributors shows that there are multiple contributors,The project uses Travis CI,Most of the functions in the source code are not documented.,Evidence of sustained commit activity,"The project maintainers respond to issues, as evidenced by https://github.com/bureaucratic-labs/dostoevsky/issues/37 and https://github.com/bureaucratic-labs/dostoevsky/issues/83",https://github.com/bureaucratic-labs/dostoevsky/blob/master/LICENSE is provided.,There are 2 files related to testing,2023-04-16
Cadene/bootstrap.pytorch,Y,196,238,2866,The source code of this project has been organised into different modules in a way that shows the relationship between different files.,https://github.com/Cadene/bootstrap.pytorch/graphs/contributors shows that there are multiple contributors but mainly author,The project uses Travis CI,There is a well-maintained documentation,No evidence of sustained commit activity,The project maintainers did not respond to most of the issues,https://github.com/Cadene/bootstrap.pytorch/blob/master/LICENSE.txt is provided.,There are many files related to testing.,2020-07-17
Calamari-OCR/calamari,Y,1166,479,11088,The source code of this project has been organised into different modules in a way that shows the relationship between different files.,https://github.com/Calamari-OCR/calamari/graphs/contributors shows that there are multiple contributors but mainly author,The project uses Gitlab CI,Most of the functions in the source code are not documented.,No evidence of sustained commit activity,"The project maintainers respond to issues, as evidenced by https://github.com/Project-MONAI/MONAI/issues/614 and https://github.com/Project-MONAI/MONAI/issues/598.",https://github.com/Cadene/bootstrap.pytorch/blob/master/LICENSE.txt is provided.,There are many files related to testing.,2025-05-12
calico/basenji,Y,452,2009,39869,The source code of this project has been organised into different modules in a way that shows the relationship between different files.,https://github.com/calico/basenji/graphs/contributors shows that there are multiple contributors,CI is not used on the project.,There is a well-maintained documentation,Evidence of sustained commit activity,"The project maintainers respond to issues, as evidenced by https://github.com/calico/basenji/issues/55 and https://github.com/calico/basenji/issues/57",https://github.com/calico/basenji/blob/master/LICENSE is provided.,There are many files related to testing,2025-05-16
carefree0910/MachineLearning,N,1087,551,26107,The source code of this project has been organised into different modules in a way that shows the relationship between different files.,There are no contributors to the project other than the author.,CI is not used on the project.,Most of the functions in the source code are not documented.,No evidence of sustained commit activity,"The project author respond to issues, as evidenced by https://github.com/carefree0910/MachineLearning/issues/4 and https://github.com/carefree0910/MachineLearning/issues/7",https://github.com/carefree0910/MachineLearning/blob/master/LICENSE is provided.,There are many files related to testing,2020-05-30
catalyst-team/catalyst,Y,3362,1698,30808,The source code of this project has been organised into different modules in a way that shows the relationship between different files.,https://github.com/catalyst-team/catalyst/graphs/contributors shows that there are multiple contributors,CI is not used on the project.,There is a well-maintained documentation,Evidence of sustained commit activity,"The project maintainers respond to issues, as evidenced by https://github.com/catalyst-team/catalyst/issues/854 and https://github.com/catalyst-team/catalyst/issues/857",https://github.com/catalyst-team/catalyst/blob/master/LICENSE is provided.,There are many files related to testing,2022-04-29
cgre-aachen/gempy,Y,1158,3113,9841,The source code of this project has been organised into different modules in a way that shows the relationship between different files.,https://github.com/cgre-aachen/gempy/graphs/contributors shows that there are multiple contributors,The project uses Travis CI,There is a well-maintained documentation,Evidence of sustained commit activity,"The project maintainers respond to issues, as evidenced by https://github.com/cgre-aachen/gempy/issues/422 and https://github.com/cgre-aachen/gempy/issues/431 but still a lot open issues",https://github.com/cgre-aachen/gempy/blob/master/LICENSE is provided.,There are many files related to testing,2025-09-24
chuyangliu/snake,Y,1728,1,2805,The source code of this project has been organised into different modules in a way that shows the relationship between different files.,https://github.com/chuyangliu/snake/graphs/contributors shows that there are multiple contributors but mainly 1,The project uses Travis CI,There is a well-maintained documentation,No evidence of sustained commit activity,"The project maintainers respond to issues, as evidenced by https://github.com/chuyangliu/snake/issues/32 and https://github.com/chuyangliu/snake/issues/34",https://github.com/chuyangliu/snake/blob/master/LICENSE.md is provided.,There are many files related to testing,2020-04-01
Ciphey/Ciphey,Y,19991,1894,4765,The source code of this project has been organised into different modules in a way that shows the relationship between different files.,https://github.com/Ciphey/Ciphey/graphs/contributors shows that there are multiple contributors but mainly author,The project uses CI but not sure what is it,Most of the functions in the source code are not documented.,No evidence of sustained commit activity until recent 2 months,"The project maintainers respond to issues, as evidenced by https://github.com/Ciphey/Ciphey/issues/118 and https://github.com/Ciphey/Ciphey/issues/117.",https://github.com/Ciphey/Ciphey/blob/master/license is provided.,There are many files related to testing.,2023-10-12
cisco/mindmeld,Y,688,3317,37579,The source code of this project has been organised into different modules in a way that shows the relationship between different files.,https://github.com/cisco/mindmeld/graphs/contributors shows that there are multiple contributors,The project uses Circle CI,There is a well-maintained documentation,Evidence of sustained commit activity,"The project maintainers respond to issues, as evidenced by https://github.com/cisco/mindmeld/issues/137 and https://github.com/cisco/mindmeld/issues/148",https://github.com/cisco/mindmeld/blob/master/LICENSE is provided.,There are many files related to testing,2023-01-31
ClementPinard/SfmLearner-Pytorch,Y,1030,132,2624,The source code of the project exists as ad-hoc scripts.,https://github.com/ClementPinard/SfmLearner-Pytorch/graphs/contributors shows that there are multiple contributors but mainly author,CI is not used on the project.,There is a well-maintained documentation,No evidence of sustained commit activity,"The project author respond to issues, as evidenced by https://github.com/ClementPinard/SfmLearner-Pytorch/issues/73 and https://github.com/ClementPinard/SfmLearner-Pytorch/issues/77.",https://github.com/ClementPinard/SfmLearner-Pytorch/blob/master/LICENSE is provided.,There are many files related to testing.,2023-01-23
CLUEbenchmark/CLUE,Y,4188,528,48963,The source code of this project has been organised into different modules in a way that shows the relationship between different files.,https://github.com/CLUEbenchmark/CLUE/graphs/contributors shows that there are multiple contributors but mainly author,CI is not used on the project.,There is a well-maintained documentation,No evidence of sustained commit activity,The author of the project reply to only some of the issues,"There are multiple license files found in models folder such as bert, ernie and bert_wwm.ext",There are many files related to testing specifically 1-2 for each model,2025-09-08
cmu-db/ottertune,Y,1225,384,14174,The source code of this project has been organised into different modules in a way that shows the relationship between different files.,https://github.com/cmu-db/ottertune/graphs/contributors shows that there are multiple contributors,The project uses Travis CI,Most of the functions in the source code are not documented.,Evidence of sustained commit activity,"The project maintainers respond to issues, as evidenced by https://github.com/cmu-db/ottertune/issues/347 and https://github.com/cmu-db/ottertune/issues/412",https://github.com/cmu-db/ottertune/blob/master/LICENSE is provided.,There are many files related to testing,2020-09-19
cmusatyalab/OpenTPOD,Y,118,272,1772,The source code of this project has been organised into different modules in a way that shows the relationship between different files.,There are no contributors to the project other than the author.,CI is not used on the project,There is a well-maintained documentation,Evidence of sustained commit activity but not stable,"Only 1 issue raised by users, the rest raised by author and he/she do reply/closes them",https://github.com/cmusatyalab/OpenTPOD/blob/master/LICENSE is provided.,Only 1 test file,2020-10-08
colearninglounge/co-learning-lounge,N,487,345,1168,Organized into projects where each project source code have been organised into different modules in a way that shows the relationship between different files.,https://github.com/colearninglounge/co-learning-lounge/graphs/contributors shows that there are multiple contributors,CI is not used on the project,There is a well-maintained documentation,Evidence of sustained commit activity but not stable,Open issues more than closed,"There is no license to be found, either in the form of a license file or written inside the source code file.","There is no evidence of testing however, the project is mainly on Jupyter so testing may be on the jupyter notebooks",2021-09-30
commaai/openpilot,Y,56169,15894,45846,The source code of this project has been organised into different modules in a way that shows the relationship between different files.,https://github.com/commaai/openpilot/graphs/contributors shows that there are multiple contributors,The project uses Jenkins CI,There is a well-maintained documentation,Evidence of sustained commit activity,"The project maintainers respond to issues, as evidenced by https://github.com/commaai/openpilot/issues/1829 and https://github.com/commaai/openpilot/issues/1835",https://github.com/commaai/openpilot/blob/master/LICENSE is provided.,There are many files related to testing,2025-09-27
ConvLab/ConvLab,Y,404,501,36887,The source code of this project has been organised into different modules in a way that shows the relationship between different files.,https://github.com/ConvLab/ConvLab/graphs/contributors shows that there are multiple contributors,The project uses Travis CI,Some of the functions are documented,No evidence of sustained commit activity,"The project maintainers respond to issues, as evidenced by https://github.com/ConvLab/ConvLab/issues/64 and https://github.com/ConvLab/ConvLab/issues/54.",https://github.com/ConvLab/ConvLab/blob/master/LICENSE is provided.,There are files related to testing but all over the place,2020-06-08
CorentinJ/Real-Time-Voice-Cloning,Y,57518,299,4322,The source code of this project has been organised into different modules in a way that shows the relationship between different files.,https://github.com/CorentinJ/Real-Time-Voice-Cloning/graphs/contributors shows that there are multiple contributors but mainly author,CI is not used on the project.,There is a well-maintained documentation,No evidence of sustained commit activity until June,"The project maintainers respond to issues, as evidenced by https://github.com/CorentinJ/Real-Time-Voice-Cloning/issues/392 and https://github.com/CorentinJ/Real-Time-Voice-Cloning/issues/337.",https://github.com/CorentinJ/Real-Time-Voice-Cloning/blob/master/LICENSE.txt is provided.,There is no evidence of any testing done on the project.,2025-09-23
cornellius-gp/gpytorch,Y,3777,3975,24163,The source code of this project has been organised into different modules in a way that shows the relationship between different files.,https://github.com/cornellius-gp/gpytorch/graphs/contributors shows that there are multiple contributors.,The project uses TravisCI to test their build and codes,There is a well maintained README,Checking https://github.com/cornellius-gp/gpytorch/pulse/monthly there has been significant commit activity in the past month.,"The project maintainers respond to issues, as evidenced by https://github.com/cornellius-gp/gpytorch/issues/1188 and https://github.com/cornellius-gp/gpytorch/issues/1184",https://github.com/cornellius-gp/gpytorch/blob/master/LICENSE is provided.,There are many files related to testing.,2025-09-03
CornellNLP/Cornell-Conversational-Analysis-Toolkit,Y,603,1497,16129,The source code of this project has been organised into different modules in a way that shows the relationship between different files.,https://github.com/CornellNLP/Cornell-Conversational-Analysis-Toolkit/graphs/contributors shows that there are multiple contributors,The project uses CI but not sure what is it,There is a well-maintained documentation,Evidence of sustained commit activity,"The project maintainers respond to issues, as evidenced by https://github.com/CornellNLP/Cornell-Conversational-Analysis-Toolkit/issues/39 and https://github.com/CornellNLP/Cornell-Conversational-Analysis-Toolkit/issues/33.",https://github.com/CornellNLP/Cornell-Conversational-Analysis-Toolkit/blob/master/LICENSE.md is provided.,"There is no evidence of testing however, the project is mainly on Jupyter so testing may be on the jupyter notebooks",2025-09-22
cornell-zhang/heterocl,Y,341,1123,20269,The source code of this project has been organised into different modules in a way that shows the relationship between different files.,https://github.com/cornell-zhang/heterocl/graphs/contributors shows that there are multiple contributors.,The project uses CircleCI to test their build and codes,There is a well maintained README,The project only has 11 commits in the past month.,The project maintainer only replied to selected few issues,https://github.com/cornell-zhang/heterocl/blob/master/LICENSE is provided.,There are many files related to testing.,2024-04-20
cortexlabs/cortex,Y,8035,2327,3845,The source code of this project has been organised into different modules in a way that shows the relationship between different files.,https://github.com/cortexlabs/cortex/graphs/contributors shows that there are multiple contributors.,The project uses CircleCI to test their build and codes,"There is a well maintained README at https://github.com/cortexlabs/cortex/tree/master/examples/keras/document-denoiser , https://github.com/cortexlabs/cortex/tree/master/examples/onnx/multi-model-classifier and https://github.com/cortexlabs/cortex/tree/master/examples/tensorflow/image-classifier-resnet50",Checking https://github.com/cortexlabs/cortex/pulse/monthly there has been significant commit activity in the past month.,The project maintainer only replied to selected few issues,https://github.com/cortexlabs/cortex/blob/master/LICENSE is provided.,There is no evidence of any testing done on the project.,2023-03-04
cpnota/autonomous-learning-library,Y,652,300,10618,The source code of the project exists as ad-hoc scripts.,https://github.com/cpnota/autonomous-learning-library/graphs/contributors shows that there are a handful (4) of contributors. ,The project hardly uses TravisCI to test their build and codes,Most of the functions in the source code are not documented.,Checking https://github.com/cpnota/autonomous-learning-library/pulse/monthly there has been significant commit activity in the past month.,The author of the project does not reply to issues or close them.,https://github.com/cpnota/autonomous-learning-library/blob/master/LICENSE is provided,There is no evidence of any testing done on the project.,2024-03-17
creme-ml/creme,Y,5558,3982,31014,The source code of this project has been organised into different modules in a way that shows the relationship between different files.,https://github.com/creme-ml/creme/graphs/contributors shows that there are multiple contributors.,The project uses TravisCI to test their build and codes,Most of the functions in the source code are not documented.,Checking https://github.com/creme-ml/creme/pulse/monthly there has been significant commit activity in the past month.,"The project maintainers respond to issues, as evidenced by https://github.com/creme-ml/creme/issues/302",https://github.com/cpnota/autonomous-learning-library/blob/master/LICENSE is provided,There are many files related to testing.,2025-09-26
CyberZHG/keras-bert,Y,2427,142,1970,The source code of this project has been organised into different modules in a way that shows the relationship between different files.,https://github.com/CyberZHG/keras-bert/graphs/contributors shows that there are multiple contributors but mainly author,The project uses Travis CI,Most of the functions in the source code are not documented.,No evidence of sustained commit activity,"The author of the project does not reply to issues, almost all issues are closed by bot",https://github.com/CyberZHG/keras-bert/blob/master/LICENSE is provided.,There are many files related to testing.,2022-01-01
DagnyT/hardnet,N,525,107,4371,The source code of this project has been organised into different modules in a way that shows the relationship between different files.,https://github.com/DagnyT/hardnet/graphs/contributors shows that there are multiple contributors,CI is not used on the project.,Some of the functions are documented,No evidence of sustained commit activity,"The project maintainers respond to issues, but mainly not resolved as there's no response from users",https://github.com/DagnyT/hardnet/blob/master/LICENSE is provided.,There is no evidence of any testing done on the project.,2025-04-14
danielegrattarola/spektral,Y,2384,1134,10445,The source code of this project has been organised into different modules in a way that shows the relationship between different files.,https://github.com/danielegrattarola/spektral/graphs/contributors shows that there are multiple contributors.,"The project uses various CI services to compute code coverage, check stylistic violations, etc.",There is a well maintained README at https://github.com/danielegrattarola/spektral/blob/master/spektral/datasets/citation.py,Checking https://github.com/danielegrattarola/spektral/pulse/monthly there has been significant commit activity in the past month.,"The project maintainers respond to issues, as evidenced by https://github.com/danielegrattarola/spektral/issues/69, https://github.com/danielegrattarola/spektral/issues/68",https://github.com/danielegrattarola/spektral/blob/master/LICENSE is provided,There are many files related to testing.,2024-01-21
danielhanchen/hyperlearn,N,2290,264,3936,The source code of this project has been organised into different modules in a way that shows the relationship between different files.,https://github.com/danielegrattarola/spektral/graphs/contributors only has 2 contributers,CI is not used on the project.,Most of the functions in the source code are not documented.,Checking https://github.com/danielhanchen/hyperlearn/pulse/monthly there has only been 1 commit activity in the past month.,"The project maintainers respond to issues, as evidenced by https://github.com/danielhanchen/hyperlearn/issues/20",https://github.com/danielhanchen/hyperlearn/blob/master/LICENSE is provided,There is no evidence of any testing done on the project.,2024-11-19
databricks/spark-deep-learning,Y,1996,138,286,The source code of this project has been organised into different modules in a way that shows the relationship between different files.,https://github.com/databricks/spark-deep-learning/graphs/contributors shows that there are multiple contributors.,"The project uses various CI services to compute code coverage, check stylistic violations, etc.",There is a well maintained documentation at https://github.com/databricks/spark-deep-learning/blob/master/dev/run.py,There is no commit in the past month,"The project maintainers respond to issues, as evidenced by https://github.com/databricks/spark-deep-learning/issues/226",https://github.com/databricks/spark-deep-learning/blob/master/LICENSE is provided,There are many files related to testing.,2022-03-21
datamllab/rlcard,Y,3249,875,12848,The source code of this project has been organised into different modules in a way that shows the relationship between different files.,https://github.com/datamllab/rlcard/graphs/contributors shows that there are multiple contributors.,CI is not used on the project.,There is a well maintained README at https://github.com/datamllab/rlcard/tree/master/docs,There is no commit in the past month,"The project maintainers respond to issues, as evidenced by https://github.com/datamllab/rlcard/issues/154 and https://github.com/datamllab/rlcard/issues/153",https://github.com/datamllab/rlcard/blob/master/LICENSE.md is provided,There are many files related to testing.,2024-06-26
data-science-on-aws/workshop,N,3409,3376,95889,The source code of this project has been organised into different modules in a way that shows the relationship between different files.,https://github.com/data-science-on-aws/workshop/graphs/contributors only has 3 contributers,CI is not used on the project.,Most of the functions in the source code are not documented.,Checking https://github.com/data-science-on-aws/workshop/pulse/monthly there has been significant commit activity in the past month.,There aren't any open issues,"There is no license to be found, either in the form of a license file or written as comments in the source code files.",There is no evidence of any testing done on the project.,2024-07-31
ddbourgin/numpy-ml,Y,16147,348,16395,The source code of this project has been organised into different modules in a way that shows the relationship between different files.,https://github.com/ddbourgin/numpy-ml/graphs/contributors shows that there are multiple contributors.,CI is not used on the project.,"There is a well maintained README at https://github.com/ddbourgin/numpy-ml/tree/master/numpy_ml, https://github.com/ddbourgin/numpy-ml/tree/master/numpy_ml/utils, https://github.com/ddbourgin/numpy-ml/tree/master/numpy_ml/trees",There is 1 commit in the past month,"The project maintainers respond to issues, as evidenced by https://github.com/ddbourgin/numpy-ml/issues/49",https://github.com/ddbourgin/numpy-ml/blob/master/LICENSE is provided,There are many files related to testing.,2022-01-08
deepchem/deepchem,Y,6227,10635,105916,The source code of the project exists as ad-hoc scripts.,https://github.com/deepchem/deepchem/graphs/contributors shows that there are multiple contributors.,"The project uses various CI services to compute code coverage, check stylistic violations, etc.",There is a well maintained documentation at https://github.com/deepchem/deepchem/tree/master/docs,Checking https://github.com/deepchem/deepchem/pulse/monthly there has been significant commit activity in the past month.,"The project maintainers respond to issues, as evidenced by https://github.com/deepchem/deepchem/issues/1975",https://github.com/deepchem/deepchem/blob/master/LICENSE is provided,There are a few files related to testing.,2025-09-24
deepfakes/faceswap,Y,54523,1840,46036,The source code of this project has been organised into different modules in a way that shows the relationship between different files.,https://github.com/deepchem/deepchem/graphs/contributors shows that there are multiple contributors.,"The project uses various CI services to compute code coverage, check stylistic violations, etc.",There is a well maintained documentation at https://github.com/deepfakes/faceswap/tree/master/docs,Checking https://github.com/deepfakes/faceswap/pulse/monthly there has been significant commit activity in the past month.,"The project maintainers respond to issues, as evidenced by https://github.com/deepfakes/faceswap/issues/985",https://github.com/deepfakes/faceswap/blob/master/LICENSE is provided,There are many files related to testing.,2025-09-18
deepmedic/deepmedic,Y,1059,540,6072,The source code of this project has been organised into different modules in a way that shows the relationship between different files.,https://github.com/deepmedic/deepmedic/graphs/contributors shows that there are multiple contributors.,CI is not used on the project.,There is a well maintained documentation at https://github.com/deepmedic/deepmedic/tree/master/documentation,Checking https://github.com/deepmedic/deepmedic/pulse/monthly there has been significant commit activity in the past month.,"The project maintainers respond to issues, as evidenced by https://github.com/deepmedic/deepmedic/issues/177",https://github.com/deepmedic/deepmedic/blob/master/LICENSE.txt is provided,There are a few files related to testing.,2024-08-04
deepmind/dm-haiku,Y,3100,1024,20792,The source code of this project has been organised into different modules in a way that shows the relationship between different files.,https://github.com/deepmind/dm-haiku/graphs/contributors shows that there are multiple contributors.,"The project uses various CI services to compute code coverage, check stylistic violations, etc.",There is a well maintained documentation at https://github.com/deepmind/dm-haiku/tree/master/docs and README at https://github.com/deepmind/dm-haiku/blob/master/haiku/experimental.py and https://github.com/deepmind/dm-haiku/blob/master/haiku/initializers.py,Checking https://github.com/deepmedic/deepmedic/pulse/monthly there has been significant commit activity in the past month.,"The project maintainers respond to issues, as evidenced by https://github.com/deepmind/dm-haiku/issues/55",https://github.com/deepmind/dm-haiku/blob/master/LICENSE is provided,There are a few files related to testing.,2025-09-18
deepmind/open_spiel,Y,4753,4740,64877,The source code of this project has been organised into different modules in a way that shows the relationship between different files.,https://github.com/deepmind/open_spiel/graphs/contributors shows that there are multiple contributors.,"The project uses various CI services to compute code coverage, check stylistic violations, etc.","There is a well maintained documentation at https://github.com/deepmind/open_spiel/tree/master/docs , https://github.com/deepmind/open_spiel/tree/master/swift and majority of the functions at https://github.com/deepmind/open_spiel/blob/master/open_spiel/scripts/install.sh",Checking https://github.com/deepmind/open_spiel/pulse/monthly there has been significant commit activity in the past month.,"The project maintainers respond to issues, as evidenced by https://github.com/deepmind/open_spiel/issues/292 and https://github.com/deepmind/open_spiel/issues/291",https://github.com/deepmind/open_spiel/blob/master/LICENSE is provided,There are a few files related to testing.,2025-09-24
deepmind/sonnet,Y,9884,873,13196,The source code of this project has been organised into different modules in a way that shows the relationship between different files.,https://github.com/deepmind/sonnet/graphs/contributors shows that there are multiple contributors.,"The project uses various CI services to compute code coverage, check stylistic violations, etc.",There is a well maintained README and documentation at https://github.com/deepmind/sonnet/tree/v2/docs,Checking https://github.com/deepmind/sonnet/pulse/monthly there has been 2 commit activity in the past month.,"The project maintainers respond to issues, as evidenced by https://github.com/deepmind/sonnet/issues/172",https://github.com/deepmind/sonnet/blob/v2/LICENSE is provided,There are a few files related to testing.,2025-08-04
deepmipt/DeepPavlov,Y,6934,2711,16907,The source code of this project has been organised into different modules in a way that shows the relationship between different files.,https://github.com/deepmipt/DeepPavlov/graphs/contributors shows that there are multiple contributors.,"The project uses various CI services to compute code coverage, check stylistic violations, etc.",There is a well maintained README and majority of the function in https://github.com/deepmipt/DeepPavlov/blob/master/deeppavlov/evolve.py,Checking https://github.com/deepmipt/DeepPavlov/pulse/monthly there has been significant commit activity in the past month.,"The project maintainers respond to issues, as evidenced by https://github.com/deepmipt/DeepPavlov/issues/1265",https://github.com/deepmipt/DeepPavlov/blob/master/LICENSE is provided,There are many files related to testing.,2024-11-26
deepset-ai/FARM,Y,1753,594,16491,The source code of this project has been organised into different modules in a way that shows the relationship between different files.,https://github.com/deepset-ai/FARM/graphs/contributors shows that there are multiple contributors.,"The project uses various CI services to compute code coverage, check stylistic violations, etc.",There is a well maintained README and majority of the function in https://github.com/deepset-ai/FARM/blob/master/farm/train.py,Checking https://github.com/deepset-ai/FARM/pulse/monthly there has been significant commit activity in the past month.,"The project maintainers respond to issues, as evidenced by https://github.com/deepset-ai/FARM/issues/404 and https://github.com/deepset-ai/FARM/issues/385",https://github.com/deepset-ai/FARM/blob/master/LICENSE is provided,There are many files related to testing.,2022-08-31
deezer/spleeter,Y,27410,540,2291,The source code of this project has been organised into different modules in a way that shows the relationship between different files.,https://github.com/deezer/spleeter/graphs/contributors shows that there are multiple contributors.,"The project uses various CI services to compute code coverage, check stylistic violations, etc.",There is a well maintained README and majority of the function in https://github.com/deezer/spleeter/blob/master/spleeter/__main__.py,Checking https://github.com/deezer/spleeter/pulse/monthly there has been significant commit activity in the past month.,"The project maintainers respond to issues, as evidenced by https://github.com/deezer/spleeter/issues/418 and https://github.com/deezer/spleeter/issues/415",https://github.com/deezer/spleeter/blob/master/LICENSE is provided,There are many files related to testing.,2025-04-02
determined-ai/determined,Y,3190,8394,93990,The source code of this project has been organised into different modules in a way that shows the relationship between different files.,https://github.com/determined-ai/determined/graphs/contributors shows that there are multiple contributors.,"The project uses various CI services to compute code coverage, check stylistic violations, etc.",There is a well maintained README and documentation at https://docs.determined.ai/latest/,Checking https://github.com/determined-ai/determined/pulse/monthly there has been significant commit activity in the past month.,There aren't any open issues,https://github.com/determined-ai/determined/blob/master/LICENSE is provided,There are many files related to testing.,2025-03-20
digantamisra98/Mish,N,1303,2957,1042,The source code of the project exists as ad-hoc scripts.,https://github.com/determined-ai/determined/graphs/contributors shows that there are only 3 contributors.,"The project uses various CI services to compute code coverage, check stylistic violations, etc.",There is a well maintained README and majority of the function in https://github.com/digantamisra98/Mish/blob/master/Mish/Torch/functional.py,Checking https://github.com/digantamisra98/Mish/pulse/monthly there has been minor commit activity in the past month.,"The project maintainers respond to issues, as evidenced by https://github.com/digantamisra98/Mish/issues/34",https://github.com/digantamisra98/Mish/blob/master/LICENSE is provided,There is no evidence of any testing done on the project.,2025-09-27
DigitalSlideArchive/HistomicsTK,Y,446,3031,11307,The source code of this project has been organised into different modules in a way that shows the relationship between different files.,https://github.com/DigitalSlideArchive/HistomicsTK/graphs/contributors shows that there are multiple contributors,The project uses various CI services,There is a well-maintained documentation,No evidence of sustained commit activity for May and June with 2 commits each,"The project maintainers respond to issues, as evidenced by https://github.com/DigitalSlideArchive/HistomicsTK/issues/869 and https://github.com/DigitalSlideArchive/HistomicsTK/issues/867.",https://github.com/DigitalSlideArchive/HistomicsTK/blob/master/LICENSE is provided.,There are many files related to testing.,2025-09-08
DLR-RM/stable-baselines3,Y,11626,907,14536,The source code of this project has been organised into different modules in a way that shows the relationship between different files.,https://github.com/DLR-RM/stable-baselines3/graphs/contributors shows that there are multiple contributors,The project uses Gitlab CI,There is a well-maintained documentation,Evidence of sustained commit activity,"The project maintainers respond to issues, as evidenced by https://github.com/DLR-RM/stable-baselines3/issues/37 and https://github.com/DLR-RM/stable-baselines3/issues/76.",https://github.com/DLR-RM/stable-baselines3/blob/master/LICENSE is provided.,There are many files related to testing.,2025-09-26
dmlc/dgl,Y,14080,4417,197271,The source code of this project has been organised into different modules in a way that shows the relationship between different files.,https://github.com/dmlc/dgl/graphs/contributors shows that there are multiple contributors.,"The project uses various CI services to compute code coverage, check stylistic violations, etc.",There is a well maintained README and majority of the function in https://github.com/dmlc/dgl/blob/master/python/dgl/convert.py and https://github.com/dmlc/dgl/blob/master/python/dgl/view.py,Checking https://github.com/dmlc/dgl/pulse/monthly there has been minor commit activity in the past month.,"The project maintainers respond to issues, as evidenced by https://github.com/dmlc/dgl/issues/1743 and https://github.com/dmlc/dgl/issues/1727",https://github.com/dmlc/dgl/blob/master/LICENSE is provided,There are many files related to testing.,2025-07-31
DongjunLee/kino-bot,Y,154,569,7610,The source code of this project has been organised into different modules in a way that shows the relationship between different files.,There are no contributors to the project other than the author.,The project uses Travis CI,There is a well-maintained documentation,No evidence of sustained commit activity for May and June with 2 commits each,Issues mostly raised by author and he do answered others' questions,https://github.com/DongjunLee/quantified-self/blob/master/LICENSE.md is provided.,There are many files related to testing.,2020-11-08
drscotthawley/panotti,N,268,310,2180,The source code of the project exists as ad-hoc scripts.,https://github.com/dmlc/dgl/graphs/contributors shows that there are only 2 contributors.,CI is not used on the project.,There is a well maintained README and majority of the function in https://github.com/drscotthawley/panotti/blob/master/panotti/mixup_generator.py and https://github.com/drscotthawley/panotti/blob/master/panotti/models.py,Checking https://github.com/drscotthawley/panotti/pulse/monthly there has been only 2 commit activity in the past month.,"The project maintainers respond to issues, as evidenced by https://github.com/drscotthawley/panotti/issues/39",https://github.com/drscotthawley/panotti/blob/master/LICENSE is provided,There is no evidence of any testing done on the project.,2021-07-29
DSE-MSU/DeepRobust,Y,1059,858,14598,The source code of this project has been organised into different modules in a way that shows the relationship between different files.,https://github.com/DSE-MSU/DeepRobust/graphs/contributors shows that there are multiple contributors,CI is not used on the project.,There is a well-maintained documentation,Little evidence of sustained commit activity,"The project maintainers respond to issues, as evidenced by https://github.com/DSE-MSU/DeepRobust/issues/15 and https://github.com/DSE-MSU/DeepRobust/issues/13.",https://github.com/DSE-MSU/DeepRobust/blob/master/LICENSE is provided.,There are many files related to testing.,2025-06-26
dsgiitr/d2l-pytorch,N,4325,188,1116,The source code of the project exists as ad-hoc scripts.,https://github.com/dsgiitr/d2l-pytorch/graphs/contributors shows that there are only 2 contributors.,CI is not used on the project.,There is a well maintained README,Checking https://github.com/dsgiitr/d2l-pytorch/pulse/monthly there has been only 1 commit activity in the past month.,"The project maintainers hardly respond to issues, as evidenced by https://github.com/dsgiitr/d2l-pytorch/issues",https://github.com/dsgiitr/d2l-pytorch/blob/master/LICENSE is provided,There is no evidence of any testing done on the project.,2021-01-09
dwadden/dygiepp,N,587,712,7411,The source code of the project exists as ad-hoc scripts.,https://github.com/dwadden/dygiepp/graphs/contributors shows that there are only 2 contributors.,CI is not used on the project.,There is a well maintained README and majority of the function in https://github.com/dwadden/dygiepp/blob/master/dygie/commands/predict_dygie.py,Checking https://github.com/dwadden/dygiepp/pulse/monthly there has been only 4 commit activity in the past month.,"The project maintainers respond to issues, as evidenced by https://github.com/dwadden/dygiepp/issues/13","There is no license to be found, either in the form of a license file or written as comments in the source code files.",There are many files related to testing.,2024-06-18
EdinburghNLP/nematus,Y,802,892,7250,The source code of this project has been organised into different modules in a way that shows the relationship between different files.,https://github.com/EdinburghNLP/nematus/graphs/contributors shows that there are multiple contributors,CI is not used on the project.,There is a well-maintained documentation,No evidence of sustained commit activity for May and June with 2 commits each,"The project maintainers respond to issues, as evidenced by https://github.com/EdinburghNLP/nematus/issues/111 and https://github.com/EdinburghNLP/nematus/issues/97 however issues are quite old (year 2019)",https://github.com/EdinburghNLP/nematus/blob/master/LICENSE is provided.,There are many files related to testing.,2022-12-09
eladhoffer/convNet.pytorch,N,348,161,4784,The source code of the project exists as ad-hoc scripts.,https://github.com/eladhoffer/convNet.pytorch/graphs/contributors shows that there are only 2 contributors.,CI is not used on the project.,There is a well maintained README and majority of the function in https://github.com/eladhoffer/convNet.pytorch/blob/master/autoaugment.py,Checking https://github.com/eladhoffer/convNet.pytorch/pulse/monthly there has been only 1 commit activity in the past month.,"The project maintainers respond to issues, as evidenced by https://github.com/eladhoffer/convNet.pytorch/issues/18",https://github.com/eladhoffer/convNet.pytorch/blob/master/LICENSE is provided,There is no evidence of any testing done on the project.,2021-02-04
eleurent/rl-agents,Y,683,787,6640,The source code of the project exists as ad-hoc scripts.,There are no contributors to the project other than the author.,"The project uses various CI services to compute code coverage, check stylistic violations, etc.",There is a well maintained README and majority of the function in https://github.com/eleurent/rl-agents/blob/master/scripts/analyze.py and https://github.com/eleurent/rl-agents/blob/master/scripts/experiments.py,Checking https://github.com/eleurent/rl-agents/pulse/monthly there has been only 4 commit activity in the past month.,"The project maintainers respond to issues, as evidenced by https://github.com/eleurent/rl-agents/issues/38",https://github.com/eleurent/rl-agents/blob/master/LICENSE is provided,There are many files related to testing.,2024-01-13
elifesciences/sciencebeam,Y,293,225,26985,The source code of this project has been organised into different modules in a way that shows the relationship between different files.,https://github.com/elifesciences/sciencebeam/graphs/contributors shows that there are multiple contributors.,"The project uses various CI services to compute code coverage, check stylistic violations, etc.",There is a well maintained README and documentation at https://github.com/elifesciences/sciencebeam/tree/develop/doc,Checking https://github.com/elifesciences/sciencebeam/pulse/monthly there has been only 6 commit activity in the past month.,"The project maintainers respond to issues, as evidenced by https://github.com/elifesciences/sciencebeam/issues/71",https://github.com/elifesciences/sciencebeam/blob/develop/LICENSE is provided,There are many files related to testing.,2022-03-29
EpistasisLab/tpot,Y,9987,551,8506,The source code of this project has been organised into different modules in a way that shows the relationship between different files.,https://github.com/EpistasisLab/tpot/graphs/contributors shows that there are multiple contributors,The project uses Travis CI and appveyor CI,There is a well-maintained documentation,Little evidence of sustained commit activity,"The project maintainers respond to issues, as evidenced by https://github.com/EpistasisLab/tpot/issues/777 and https://github.com/EpistasisLab/tpot/issues/1075",https://github.com/EpistasisLab/tpot/blob/master/LICENSE is provided.,There are many files related to testing.,2025-09-11
ethen8181/machine-learning,Y,3415,520,2780,The source code of this project has been organised into different modules in a way that shows the relationship between different files.,https://github.com/ethen8181/machine-learning/graphs/contributors shows that there are multiple contributors.,"The project uses various CI services to compute code coverage, check stylistic violations, etc.",There is a well maintained README,Checking https://github.com/ethen8181/machine-learning/pulse/monthly there has been 1 commit activity in the past month.,There aren't any open issues,https://github.com/ethen8181/machine-learning/blob/master/LICENSE is provided,There are many files related to testing.,2025-06-27
eth-sri/eran,Y,341,495,6053,The source code of the project exists as ad-hoc scripts.,https://github.com/eth-sri/eran/graphs/contributors shows that there are multiple contributors.,"The project uses various CI services to compute code coverage, check stylistic violations, etc.",There is a well maintained README and majority of the function in https://github.com/eth-sri/eran/blob/master/tf_verify/deepzono_nodes.py,Checking https://github.com/eth-sri/eran/pulse/monthly there has been significant commit activity in the past month.,"The project maintainers respond to issues, as evidenced by https://github.com/eth-sri/eran/issues/20",https://github.com/eth-sri/eran/blob/master/LICENSE is provided,There are few files related to testing.,2022-05-30
evilsocket/pwnagotchi,Y,8621,1744,12470,The source code of this project has been organised into different modules in a way that shows the relationship between different files.,https://github.com/evilsocket/pwnagotchi/graphs/contributors shows that there are multiple contributors.,CI is not used on the project.,There is a well maintained README,Checking https://github.com/evilsocket/pwnagotchi/pulse/monthly there has been 2 commit activity in the past month.,"The project maintainers respond to issues, as evidenced by https://github.com/evilsocket/pwnagotchi/issues/892 and https://github.com/evilsocket/pwnagotchi/issues/859",https://github.com/evilsocket/pwnagotchi/blob/master/LICENSE.md is provided,There is no evidence of any testing done on the project.,2025-08-23
explosion/prodigy-recipes,Y,502,210,3842,The source code of the project exists as ad-hoc scripts.,https://github.com/explosion/prodigy-recipes/graphs/contributors shows that there are multiple contributors.,CI is not used on the project.,There is a well maintained README and majority of the function in https://github.com/explosion/prodigy-recipes/blob/master/terms/terms_teach.py,Checking https://github.com/explosion/prodigy-recipes/pulse/monthly there has been 1 commit activity in the past month.,There aren't any open issues,https://github.com/explosion/prodigy-recipes/blob/master/LICENSE is provided,There is no evidence of any testing done on the project.,2024-08-04
explosion/spacy-transformers,Y,1394,1485,2897,The source code of this project has been organised into different modules in a way that shows the relationship between different files.,https://github.com/explosion/spacy-transformers/graphs/contributors shows that there are multiple contributors.,"The project uses various CI services to compute code coverage, check stylistic violations, etc.",There is a well maintained README and majority of the function in https://github.com/explosion/spacy-transformers/blob/master/spacy_transformers/align.py,Checking https://github.com/explosion/spacy-transformers/pulse/monthly there has been significant commit activity in the past month.,"The project maintainers respond to issues, as evidenced by https://github.com/explosion/spacy-transformers/issues/203",https://github.com/explosion/spacy-transformers/blob/master/LICENSE is provided,There are many files related to testing.,2025-05-26
facebookresearch/ClassyVision,Y,1610,422,19765,The source code of this project has been organised into different modules in a way that shows the relationship between different files.,https://github.com/facebookresearch/ClassyVision/graphs/contributors shows that there are multiple contributors.,"The project uses various CI services to compute code coverage, check stylistic violations, etc.",There is a well maintained README and documentation at https://classyvision.ai/api/,Checking https://github.com/facebookresearch/ClassyVision/pulse/monthly there has been minor commit activity in the past month.,"The project maintainers respond to issues, as evidenced by https://github.com/facebookresearch/ClassyVision/issues/397",https://github.com/facebookresearch/ClassyVision/blob/master/LICENSE is provided,There are many files related to testing.,2023-03-23
facebookresearch/CrypTen,Y,1618,359,21718,The source code of this project has been organised into different modules in a way that shows the relationship between different files.,https://github.com/facebookresearch/CrypTen/graphs/contributors shows that there are multiple contributors.,"The project uses various CI services to compute code coverage, check stylistic violations, etc.",There is a well maintained README and documentation at https://github.com/facebookresearch/CrypTen/tree/master/docs,Checking https://github.com/facebookresearch/CrypTen/pulse/monthly there has been significant commit activity in the past month.,The author of the project does not reply to issues or close them.,https://github.com/facebookresearch/CrypTen/blob/master/LICENSE is provided,There are many files related to testing.,2024-11-23
facebookresearch/EGG,Y,309,1378,14991,The source code of this project has been organised into different modules in a way that shows the relationship between different files.,https://github.com/facebookresearch/EGG/graphs/contributors shows that there are multiple contributors.,CI is not used on the project.,There is a well maintained README and documentation at https://github.com/facebookresearch/EGG/tree/master/docs,Checking https://github.com/facebookresearch/EGG/pulse/monthly there has been significant commit activity in the past month.,"The project maintainers respond to issues, as evidenced by https://github.com/facebookresearch/EGG/issues/63",https://github.com/facebookresearch/EGG/blob/master/LICENSE is provided,There are few files related to testing.,2025-05-06
facebookresearch/habitat-api,Y,2581,937,64676,The source code of this project has been organised into different modules in a way that shows the relationship between different files.,https://github.com/facebookresearch/habitat-api/graphs/contributors shows that there are multiple contributors.,"The project uses various CI services to compute code coverage, check stylistic violations, etc.",There is a well maintained README and documentation at https://github.com/facebookresearch/habitat-api/tree/master/docs,Checking https://github.com/facebookresearch/habitat-api/pulse/monthly there has been 8 commit activity in the past month.,"The project maintainers respond to issues, as evidenced by https://github.com/facebookresearch/habitat-api/issues/422",https://github.com/facebookresearch/habitat-api/blob/master/LICENSE is provided,There are many files related to testing.,2025-04-17
facebookresearch/mmf,Y,5592,1108,43269,The source code of this project has been organised into different modules in a way that shows the relationship between different files.,https://github.com/facebookresearch/habitat-api/graphs/contributors shows that there are multiple contributors.,"The project uses various CI services to compute code coverage, check stylistic violations, etc.",There is a well maintained README and documentation at https://github.com/facebookresearch/mmf/tree/master/docs,Checking https://github.com/facebookresearch/mmf/pulse/monthly there has been significant commit activity in the past month.,"The project maintainers respond to issues, as evidenced by https://github.com/facebookresearch/mmf/issues/364",https://github.com/facebookresearch/mmf/blob/master/LICENSE is provided,There are many files related to testing.,2025-04-24
facebookresearch/nevergrad,Y,4118,1145,32642,The source code of this project has been organised into different modules in a way that shows the relationship between different files.,https://github.com/facebookresearch/nevergrad/graphs/contributors shows that there are multiple contributors.,"The project uses various CI services to compute code coverage, check stylistic violations, etc.",There is a well maintained README and documentation at https://github.com/facebookresearch/nevergrad/tree/master/docs,Checking https://github.com/facebookresearch/nevergrad/pulse/monthly there has been significant commit activity in the past month.,"The project maintainers respond to issues, as evidenced by https://github.com/facebookresearch/nevergrad/issues/746",https://github.com/facebookresearch/nevergrad/blob/master/LICENSE is provided,There are many files related to testing.,2025-04-23
facebookresearch/ParlAI,Y,10622,4358,132159,The source code of this project has been organised into different modules in a way that shows the relationship between different files.,https://github.com/facebookresearch/ParlAI/graphs/contributors shows that there are multiple contributors.,"The project uses various CI services to compute code coverage, check stylistic violations, etc.",There is a well maintained README and documentation at https://github.com/facebookresearch/ParlAI/tree/master/docs,Checking https://github.com/facebookresearch/ParlAI/pulse/monthly there has been significant commit activity in the past month.,"The project maintainers respond to issues, as evidenced by https://github.com/facebookresearch/ParlAI/issues/2814",https://github.com/facebookresearch/ParlAI/blob/master/LICENSE is provided,There are many files related to testing.,2023-11-03
facebookresearch/pyrobot,Y,2299,461,12870,The source code of this project has been organised into different modules in a way that shows the relationship between different files.,https://github.com/facebookresearch/pyrobot/graphs/contributors shows that there are multiple contributors.,"The project uses various CI services to compute code coverage, check stylistic violations, etc.",There is a well maintained README and documentation at https://github.com/facebookresearch/pyrobot/tree/master/docs,Checking https://github.com/facebookresearch/pyrobot/pulse/monthly there has been significant commit activity in the past month.,"The project maintainers respond to issues, as evidenced by https://github.com/facebookresearch/pyrobot/issues/56",https://github.com/facebookresearch/pyrobot/blob/master/LICENSE is provided,There are many files related to testing.,2022-03-08
facebookresearch/pytext,Y,6322,1735,57108,The source code of this project has been organised into different modules in a way that shows the relationship between different files.,https://github.com/facebookresearch/pytext/graphs/contributors shows that there are multiple contributors.,"The project uses various CI services to compute code coverage, check stylistic violations, etc.",There is a well maintained README and documentation at https://github.com/facebookresearch/pytext/tree/master/pytext/docs,Checking https://github.com/facebookresearch/pytext/pulse/monthly there has been significant commit activity in the past month.,"The project maintainers respond to issues, as evidenced by https://github.com/facebookresearch/pytext/issues/1232",https://github.com/facebookresearch/pytext/blob/master/LICENSE is provided,There are many files related to testing.,2022-10-17
facebookresearch/ReAgent,Y,3665,1614,49789,The source code of this project has been organised into different modules in a way that shows the relationship between different files.,https://github.com/facebookresearch/ReAgent/graphs/contributors shows that there are multiple contributors.,"The project uses various CI services to compute code coverage, check stylistic violations, etc.",There is a well maintained README and documentation at https://github.com/facebookresearch/ReAgent/tree/master/docs,Checking https://github.com/facebookresearch/ReAgent/pulse/monthly there has been significant commit activity in the past month.,"The project maintainers respond to issues, as evidenced by https://github.com/facebookresearch/ReAgent/issues/265",https://github.com/facebookresearch/ReAgent/blob/master/LICENSE is provided,There are many files related to testing.,2025-09-02
facebookresearch/vilbert-multi-task,Y,817,295,11884,The source code of the project exists as ad-hoc scripts.,https://github.com/facebookresearch/vilbert-multi-task/graphs/contributors shows that there are multiple contributors.,CI is not used on the project.,There is a well maintained README,Checking https://github.com/facebookresearch/vilbert-multi-task/pulse/monthly there has been 3 commit activity in the past month.,"The project maintainers respond to issues, as evidenced by https://github.com/facebookresearch/vilbert-multi-task/issues/33",https://github.com/facebookresearch/vilbert-multi-task/blob/master/LICENSE is provided,There is no evidence of any testing done on the project.,2022-02-16
fastai/fastai,Y,27456,2882,14973,The source code of this project has been organised into different modules in a way that shows the relationship between different files.,https://github.com/fastai/fastai/graphs/contributors shows that there are multiple contributors.,"The project uses various CI services to compute code coverage, check stylistic violations, etc.",There is a well maintained README and documentation at https://github.com/fastai/fastai/tree/master/docs,There is no commit in the past month,"The project maintainers respond to issues, as evidenced by https://github.com/fastai/fastai/issues/2572",https://github.com/fastai/fastai/blob/master/LICENSE is provided,There are many files related to testing.,2025-09-05
fastnlp/fastNLP,Y,3142,2484,54944,The source code of this project has been organised into different modules in a way that shows the relationship between different files.,https://github.com/fastnlp/fastNLP/graphs/contributors shows that there are multiple contributors.,"The project uses various CI services to compute code coverage, check stylistic violations, etc.",There is a well maintained README and documentation at https://github.com/fastnlp/fastNLP/tree/master/docs,Checking https://github.com/fastnlp/fastNLP/pulse/monthly there has been 3 commit activity in the past month.,"The project maintainers respond to issues, as evidenced by https://github.com/fastnlp/fastNLP/issues/308",https://github.com/fastnlp/fastNLP/blob/master/LICENSE is provided,There are many files related to testing.,2022-12-13
faustomorales/keras-ocr,Y,1467,208,3055,The source code of the project exists as ad-hoc scripts.,https://github.com/faustomorales/keras-ocr/graphs/contributors shows that there are multiple contributors.,"The project uses various CI services to compute code coverage, check stylistic violations, etc.",There is a well maintained README and documentation at https://github.com/faustomorales/keras-ocr/tree/master/docs,Checking https://github.com/faustomorales/keras-ocr/pulse/monthly there has been 1 commit activity in the past month.,"The project maintainers respond to issues, as evidenced by https://github.com/faustomorales/keras-ocr/issues/93",https://github.com/faustomorales/keras-ocr/blob/master/LICENSE is provided,There are many files related to testing.,2025-09-22
fbcotter/pytorch_wavelets,Y,1125,123,4593,The source code of this project has been organised into different modules in a way that shows the relationship between different files.,https://github.com/fbcotter/pytorch_wavelets/graphs/contributors shows that there are 2 contributors.,"The project uses various CI services to compute code coverage, check stylistic violations, etc.",There is a well maintained README and documentation at https://github.com/fbcotter/pytorch_wavelets/tree/master/docs,There is no commit in the past month,"The project maintainers respond to issues, as evidenced by https://github.com/fbcotter/pytorch_wavelets/issues/11",https://github.com/fbcotter/pytorch_wavelets/blob/master/LICENSE is provided,There are many files related to testing.,2022-09-20
f-dangel/backpack,Y,592,1818,16500,The source code of this project has been organised into different modules in a way that shows the relationship between different files.,https://github.com/f-dangel/backpack/graphs/contributors shows that there are multiple contributors.,"The project uses various CI services to compute code coverage, check stylistic violations, etc.",There is a well maintained README and documentation at https://github.com/f-dangel/backpack/tree/master/docs,Checking https://github.com/f-dangel/backpack/pulse/monthly there has been minor commit activity in the past month.,"The project maintainers respond to issues, as evidenced by https://github.com/f-dangel/backpack/issues/68",https://github.com/f-dangel/backpack/blob/master/LICENSE.txt is provided,There are many files related to testing.,2024-11-21
feast-dev/feast,Y,6357,4164,98817,The source code of this project has been organised into different modules in a way that shows the relationship between different files.,https://github.com/feast-dev/feast/graphs/contributors shows that there are multiple contributors.,"The project uses various CI services to compute code coverage, check stylistic violations, etc.",There is a well maintained README and documentation at https://github.com/feast-dev/feast/tree/master/docs,Checking https://github.com/feast-dev/feast/pulse/monthly there has been significant commit activity in the past month.,"The project maintainers respond to issues, as evidenced by https://github.com/feast-dev/feast/issues/835",https://github.com/feast-dev/feast/blob/master/LICENSE is provided,There are many files related to testing.,2025-09-27
FederatedAI/FATE,Y,5973,13850,52191,The source code of this project has been organised into different modules in a way that shows the relationship between different files.,https://github.com/FederatedAI/FATE/graphs/contributors shows that there are multiple contributors,The project uses Travis CI,There is a well-maintained documentation,Evidence of sustained commit activity,"The project maintainers respond to issues, as evidenced by https://github.com/FederatedAI/FATE/issues/1236 and https://github.com/FederatedAI/FATE/issues/1198",https://github.com/FederatedAI/FATE/blob/master/LICENSE is provided.,There are many files related to testing.,2024-11-19
feedly/transfer-nlp,Y,294,465,3827,The source code of this project has been organised into different modules in a way that shows the relationship between different files.,https://github.com/feedly/transfer-nlp/graphs/contributors shows that there are multiple contributors.,"The project uses various CI services to compute code coverage, check stylistic violations, etc.",There is a well maintained README and documentation at https://github.com/feedly/transfer-nlp/tree/master/docs,There is no commit in the past month,The author of the project does not reply to issues or close them.,https://github.com/feedly/transfer-nlp/blob/master/LICENSE is provided,There are many files related to testing.,2020-05-28
fepegar/torchio,Y,2273,1800,14026,The source code of this project has been organised into different modules in a way that shows the relationship between different files.,https://github.com/fepegar/torchio/graphs/contributors shows that there are multiple contributors.,"The project uses various CI services to compute code coverage, check stylistic violations, etc.",There is a well maintained README and documentation at https://github.com/fepegar/torchio/tree/master/docs,Checking https://github.com/fepegar/torchio/pulse/monthly there has been significant commit activity in the past month.,"The project maintainers respond to issues, as evidenced by https://github.com/fepegar/torchio/issues/215",https://github.com/fepegar/torchio/blob/master/LICENSE is provided,There are many files related to testing.,2025-09-22
firmai/datagene,N,205,144,1674,The source code of the project exists as ad-hoc scripts.,https://github.com/firmai/datagene/graphs/contributors shows that there are 2 contributors.,CI is not used on the project.,There is a well maintained README but Most of the functions in the source code are not documented.,Checking https://github.com/firmai/datagene/pulse/monthly there has been 2 commit activity in the past month.,There aren't any open issues,"There is no license to be found, either in the form of a license file or written as comments in the source code files.",There is no evidence of any testing done on the project.,2022-02-08
fizyr/keras-retinanet,Y,4391,1149,4616,The source code of this project has been organised into different modules in a way that shows the relationship between different files.,https://github.com/fizyr/keras-retinanet/graphs/contributors shows that there are multiple contributors.,"The project uses various CI services to compute code coverage, check stylistic violations, etc.",There is a well maintained README and in functions at https://github.com/fizyr/keras-retinanet/blob/master/keras_retinanet/initializers.py and https://github.com/fizyr/keras-retinanet/blob/master/keras_retinanet/losses.py,Checking https://github.com/fizyr/keras-retinanet/pulse/monthly there has been 6 commit activity in the past month.,"The project maintainers respond to issues, as evidenced by https://github.com/fizyr/keras-retinanet/issues/1402",https://github.com/fizyr/keras-retinanet/blob/master/LICENSE is provided,There are many files related to testing.,2023-03-16
flairNLP/flair,Y,14297,6684,35868,The source code of this project has been organised into different modules in a way that shows the relationship between different files.,https://github.com/flairNLP/flair/graphs/contributors shows that there are multiple contributors.,"The project uses various CI services to compute code coverage, check stylistic violations, etc.",There is a well maintained README and documentations at https://github.com/flairNLP/flair/tree/master/resources/docs,Checking https://github.com/flairNLP/flair/pulse/monthly there has been significant commit activity in the past month.,"The project maintainers respond to issues, as evidenced by https://github.com/flairNLP/flair/issues/1744",https://github.com/flairNLP/flair/blob/master/LICENSE is provided,There are many files related to testing.,2025-06-12
flatironinstitute/CaImAn,Y,688,4856,24964,The source code of this project has been organised into different modules in a way that shows the relationship between different files.,https://github.com/flatironinstitute/CaImAn/graphs/contributorsshows that there are multiple contributors.,"The project uses various CI services to compute code coverage, check stylistic violations, etc.",There is a well maintained README and documentations at https://github.com/flatironinstitute/CaImAn/tree/master/docs,Checking https://github.com/flatironinstitute/CaImAn/pulse/monthly there has been significant commit activity in the past month.,"The project maintainers respond to issues, as evidenced by https://github.com/flatironinstitute/CaImAn/issues/780",https://github.com/flatironinstitute/CaImAn/blob/master/LICENSE.txt is provided,There are many files related to testing.,2025-07-17
flow-project/flow,Y,1149,3718,22957,The source code of this project has been organised into different modules in a way that shows the relationship between different files.,https://github.com/flow-project/flow/graphs/contributors that there are multiple contributors.,"The project uses various CI services to compute code coverage, check stylistic violations, etc.",There is a well maintained README and documentations at https://github.com/flow-project/flow/tree/master/docs,Checking https://github.com/flow-project/flow/pulse/monthly there has been significant commit activity in the past month.,"The project maintainers respond to issues, as evidenced by https://github.com/flow-project/flow/issues/946",https://github.com/flow-project/flow/blob/master/LICENSE.md is provided,There are many files related to testing.,2020-12-11
frankkramer-lab/MIScnn,Y,420,568,5928,The source code of this project has been organised into different modules in a way that shows the relationship between different files.,There are no contributors to the project other than the author.,"The project uses various CI services to compute code coverage, check stylistic violations, etc.",There is a well maintained README and documentations at https://github.com/frankkramer-lab/MIScnn/tree/master/docs,Checking https://github.com/frankkramer-lab/MIScnn/pulse/monthly there has been significant commit activity in the past month.,"The project maintainers respond to issues, as evidenced by https://github.com/frankkramer-lab/MIScnn/issues/29",https://github.com/frankkramer-lab/MIScnn/blob/master/LICENSE.md is provided,There are many files related to testing.,2022-02-11
freewym/espresso,Y,942,2439,141225,The source code of this project has been organised into different modules in a way that shows the relationship between different files.,https://github.com/freewym/espresso/graphs/contributors that there are multiple contributors.,CI is not used on the project.,There is a well maintained README and documentations at https://github.com/freewym/espresso/tree/master/docs,Checking https://github.com/freewym/espresso/pulse/monthly there has been significant commit activity in the past month.,"The project maintainers respond to issues, as evidenced by https://github.com/freewym/espresso/issues/28",https://github.com/freewym/espresso/blob/master/LICENSE is provided,There are many files related to testing.,2024-09-04
FunctionLab/selene,Y,386,860,6352,The source code of this project has been organised into different modules in a way that shows the relationship between different files.,https://github.com/FunctionLab/selene/graphs/contributors shows that there are multiple contributors,The project uses Jenkins CI,There is a well-maintained documentation,No evidence of sustained commit activity,"The project maintainers respond to issues, as evidenced by https://github.com/FunctionLab/selene/issues/133 and https://github.com/FunctionLab/selene/issues/130",https://github.com/FunctionLab/selene/blob/master/LICENSE is provided.,There are many files related to testing.,2024-12-16
funcwj/setk,N,421,249,6802,The source code of the project exists as ad-hoc scripts.,There are no contributors to the project other than the author.,CI is not used on the project.,There is a well maintained README and documentations at https://github.com/funcwj/setk/tree/master/doc,Checking https://github.com/funcwj/setk/pulse/monthly there has been significant commit activity in the past month.,There aren't any open issues,https://github.com/funcwj/setk/blob/master/LICENSE is provided,There are many files related to testing.,2022-04-19
galaxyproject/galaxy,Y,1612,85630,351424,The source code of this project has been organised into different modules in a way that shows the relationship between different files.,https://github.com/galaxyproject/galaxy/graphs/contributors that there are multiple contributors.,"The project uses various CI services to compute code coverage, check stylistic violations, etc.",There is a well maintained README and documentations at https://github.com/galaxyproject/galaxy/tree/dev/doc,Checking https://github.com/galaxyproject/galaxy/pulse/monthly there has been significant commit activity in the past month.,"The project maintainers respond to issues, as evidenced by https://github.com/galaxyproject/galaxy/issues/9968",https://github.com/galaxyproject/galaxy/blob/dev/LICENSE.txt is provided,There are many files related to testing.,2025-09-27
geomstats/geomstats,Y,1405,10874,52651,The source code of this project has been organised into different modules in a way that shows the relationship between different files.,https://github.com/geomstats/geomstats/graphs/contributors that there are multiple contributors.,"The project uses various CI services to compute code coverage, check stylistic violations, etc.",There is a well maintained README and documentations at https://github.com/geomstats/geomstats/tree/master/docs,Checking https://github.com/geomstats/geomstats/pulse/monthly there has been significant commit activity in the past month.,"The project maintainers respond to issues, as evidenced by https://github.com/geomstats/geomstats/issues/827",https://github.com/geomstats/geomstats/blob/master/LICENSE.md is provided,There are many files related to testing.,2025-09-26
geoopt/geoopt,Y,987,218,8404,The source code of this project has been organised into different modules in a way that shows the relationship between different files.,https://github.com/geoopt/geoopt/graphs/contributors that there are multiple contributors.,"The project uses various CI services to compute code coverage, check stylistic violations, etc.",There is a well maintained README and documentations at https://github.com/geoopt/geoopt/tree/master/docs,Checking https://github.com/geoopt/geoopt/pulse/monthly there has been 6 commit activity in the past month.,"The project maintainers respond to issues, as evidenced by https://github.com/geoopt/geoopt/issues/136",https://github.com/geoopt/geoopt/blob/master/LICENSE is provided,There are many files related to testing.,2025-08-04
geyang/ml_logger,Y,200,831,4472,The source code of this project has been organised into different modules in a way that shows the relationship between different files.,https://github.com/geyang/ml_logger/graphs/contributors that there are multiple contributors.,CI is not used on the project.,There is a well maintained README and documentations at https://github.com/geyang/ml_logger/tree/master/ml_logger/docs,There is no commit in the past month,"The project maintainers respond to issues, as evidenced by https://github.com/geyang/ml_logger/issues/28",https://github.com/geyang/ml_logger/blob/master/LICENSE.md is provided,There are many files related to testing.,2025-04-21
gjy3035/C-3-Framework,N,723,133,4303,The source code of the project exists as ad-hoc scripts.,https://github.com/gjy3035/C-3-Framework/graphs/contributors that there are multiple contributors.,CI is not used on the project.,Most of the functions in the source code are not documented.,There is no commit in the past month,"The project maintainers respond to issues, as evidenced by https://github.com/gjy3035/C-3-Framework/issues/81",https://github.com/gjy3035/C-3-Framework/blob/python3.x/LICENSE is provided,There are few files related to testing.,2024-03-30
google/automl,Y,6403,733,22342,The source code of this project has been organised into different modules in a way that shows the relationship between different files.,https://github.com/google/automl/graphs/contributors that there are multiple contributors.,"The project uses various CI services to compute code coverage, check stylistic violations, etc.","There is a well-maintained README, and documentations in https://github.com/google/automl/tree/master/efficientdet/g3doc",Checking https://github.com/google/automl/pulse/monthly there has been significant commit activity in the past month.,"The project maintainers respond to issues, as evidenced by https://github.com/google/automl/issues/572",https://github.com/google/automl/blob/master/LICENSE is provided,There is no evidence of any testing done on the project.,2025-03-02
google/clusterfuzz,Y,5478,3690,106396,The source code of this project has been organised into different modules in a way that shows the relationship between different files.,https://github.com/google/clusterfuzz/graphs/contributors that there are multiple contributors.,"The project uses various CI services to compute code coverage, check stylistic violations, etc.","There is a well-maintained README, and documentations in https://github.com/google/clusterfuzz/tree/master/docs",Checking https://github.com/google/clusterfuzz/pulse/monthly there has been significant commit activity in the past month.,"The project maintainers respond to issues, as evidenced by https://github.com/google/clusterfuzz/issues/1850",https://github.com/google/clusterfuzz/blob/master/LICENSE is provided,There are many files related to testing.,2025-09-26
google/fhir,Y,897,1461,80,The source code of this project has been organised into different modules in a way that shows the relationship between different files.,https://github.com/google/fhir/graphs/contributors that there are multiple contributors.,"The project uses various CI services to compute code coverage, check stylistic violations, etc.","There is a well-maintained README, and documentations in https://github.com/google/fhir/tree/master/py/google/fhir/labels, https://github.com/google/fhir/tree/master/py/google/fhir/models and https://github.com/google/fhir/tree/master/py/google/fhir/seqex",Checking https://github.com/google/fhir/pulse/monthly there has been significant commit activity in the past month.,"The project maintainers respond to issues, as evidenced by https://github.com/google/fhir/issues/13",https://github.com/google/fhir/blob/master/LICENSE is provided,There are many files related to testing.,2025-09-25
google/flax,Y,6820,5358,64703,The source code of this project has been organised into different modules in a way that shows the relationship between different files.,https://github.com/google/flax/graphs/contributors that there are multiple contributors.,"The project uses various CI services to compute code coverage, check stylistic violations, etc.","There is a well-maintained README, and documentations in https://github.com/google/flax/tree/master/docs",Checking https://github.com/google/flax/pulse/monthly there has been significant commit activity in the past month.,"The project maintainers respond to issues, as evidenced by https://github.com/google/flax/issues/322",https://github.com/google/flax/blob/master/LICENSE is provided,There are many files related to testing.,2025-09-26
google/ml-metadata,Y,660,909,3619,The source code of this project has been organised into different modules in a way that shows the relationship between different files.,https://github.com/google/ml-metadata/graphs/contributors that there are multiple contributors.,CI is not used on the project.,"There is a well-maintained README, and documentations in https://github.com/google/ml-metadata/tree/master/g3doc",Checking https://github.com/google/ml-metadata/pulse/monthly there has been significant commit activity in the past month.,"The project maintainers respond to issues, as evidenced by https://github.com/google/ml-metadata/issues/42",https://github.com/google/ml-metadata/blob/master/LICENSE is provided,There is no evidence of any testing done on the project.,2025-04-03
google/nucleus,Y,796,446,8767,The source code of this project has been organised into different modules in a way that shows the relationship between different files.,https://github.com/google/nucleus/graphs/contributors that there are multiple contributors.,"The project uses various CI services to compute code coverage, check stylistic violations, etc.","There is a well-maintained README, and documentations in https://github.com/google/nucleus/tree/master/docs",There is no commit in the past month,There aren't any open issues,https://github.com/google/nucleus/blob/master/LICENSE is provided,There are many files related to testing.,2021-09-03
google/qkeras,Y,571,451,23397,The source code of this project has been organised into different modules in a way that shows the relationship between different files.,https://github.com/google/qkeras/graphs/contributors that there are multiple contributors.,"The project uses various CI services to compute code coverage, check stylistic violations, etc.","There is a well-maintained README, and majority of the functions in https://github.com/google/qkeras/tree/master/qkeras/autoqkeras and https://github.com/google/qkeras/tree/master/qkeras",Checking https://github.com/google/qkeras/pulse/monthly there has been significant commit activity in the past month.,"The project maintainers respond to issues, as evidenced by https://github.com/google/qkeras/issues/20",https://github.com/google/qkeras/blob/master/LICENSE is provided,There are many files related to testing.,2025-06-13
google/TensorNetwork,Y,1855,566,29498,The source code of this project has been organised into different modules in a way that shows the relationship between different files.,https://github.com/google/TensorNetwork/graphs/contributors that there are multiple contributors.,"The project uses various CI services to compute code coverage, check stylistic violations, etc.","There is a well-maintained README, and documentations in https://github.com/google/TensorNetwork/tree/master/docs",Checking https://github.com/google/TensorNetwork/pulse/monthly there has been significant commit activity in the past month.,"The project maintainers respond to issues, as evidenced by https://github.com/google/TensorNetwork/issues/712",https://github.com/google/TensorNetwork/blob/master/LICENSE is provided,There are many files related to testing.,2021-10-05
google/tf-quant-finance,Y,4994,960,50669,The source code of this project has been organised into different modules in a way that shows the relationship between different files.,https://github.com/google/tf-quant-finance/graphs/contributors that there are multiple contributors.,"The project uses various CI services to compute code coverage, check stylistic violations, etc.","There is a well-maintained README, and majority of the functions in https://github.com/google/tf-quant-finance/tree/master/tf_quant_finance and https://github.com/google/tf-quant-finance/tree/master/api_docs",Checking https://github.com/google/tf-quant-finance/pulse/monthly there has been significant commit activity in the past month.,"The project maintainers respond to issues, as evidenced by https://github.com/google/tf-quant-finance/issues/27",https://github.com/google/tf-quant-finance/blob/master/LICENSE is provided,There are few files related to testing.,2025-03-21
GoogleCloudPlatform/ai-platform-samples,Y,474,681,5014,Organized into projects where each project source code have been organised into different modules in a way that shows the relationship between different files.,https://github.com/GoogleCloudPlatform/ai-platform-samples/graphs/contributors shows that there are multiple contributors,CI is not used on the project.,There is a well-maintained documentation,Little evidence of sustained commit activity with only 5 commits in the past 2 months,"The project maintainers (mainly 1) respond to issues, as evidenced by https://github.com/GoogleCloudPlatform/ai-platform-samples/issues/86 and https://github.com/GoogleCloudPlatform/ai-platform-samples/issues/140 but not often",https://github.com/GoogleCloudPlatform/ai-platform-samples/blob/master/LICENSE is provided.,There are many files related to testing but its everywhere,2022-04-01
GoogleCloudPlatform/healthcare,Y,386,847,7788,The source code of this project has been organised into different modules in a way that shows the relationship between different files.,https://github.com/GoogleCloudPlatform/healthcare/graphs/contributors shows that there are multiple contributors,CI is not used on the project.,There is a well-maintained documentation,Evidence of sustained commit activity,"The project maintainers respond to issues, as evidenced by https://github.com/GoogleCloudPlatform/healthcare/issues/391 and https://github.com/GoogleCloudPlatform/healthcare/issues/463",https://github.com/GoogleCloudPlatform/healthcare/blob/master/LICENSE is provided.,There are many files related to testing but its everywhere,2024-08-20
GoogleCloudPlatform/ml-on-gcp,Y,506,376,9308,The source code of this project has been organised into different modules in a way that shows the relationship between different files.,https://github.com/GoogleCloudPlatform/ml-on-gcp/graphs/contributors shows that there are multiple contributors,CI is not used on the project.,There is a well-maintained documentation,Little evidence of sustained commit activity with only 7 commits in the past 2 months,"The project maintainers respond to issues, as evidenced by https://github.com/GoogleCloudPlatform/ml-on-gcp/issues/34 and https://github.com/GoogleCloudPlatform/ml-on-gcp/issues/42 but not often",https://github.com/GoogleCloudPlatform/ml-on-gcp/blob/master/LICENSE is provided.,Not much test files,2024-10-24
GoogleCloudPlatform/professional-services,Y,2944,2324,82363,The source code of this project has been organised into different modules in a way that shows the relationship between different files.,https://github.com/GoogleCloudPlatform/professional-services/graphs/contributors shows that there are multiple contributors,The project uses Cloudbuild CI,There is a well-maintained documentation,Evidence of sustained commit activity,"The project maintainers respond to issues, as evidenced by https://github.com/GoogleCloudPlatform/professional-services/issues/482 and https://github.com/GoogleCloudPlatform/professional-services/issues/333",https://github.com/GoogleCloudPlatform/professional-services/blob/master/LICENSE is provided.,There are many files related to testing but its everywhere,2025-09-24
GoogleCloudPlatform/python-docs-samples,Y,7839,11996,138315,The source code of this project has been organised into different modules in a way that shows the relationship between different files.,https://github.com/GoogleCloudPlatform/python-docs-samples/graphs/contributors shows that there are multiple contributors,The project uses Travis CI,There is a well-maintained documentation,Evidence of sustained commit activity,"The project maintainers respond to issues, as evidenced by https://github.com/GoogleCloudPlatform/python-docs-samples/issues/4206 and https://github.com/GoogleCloudPlatform/python-docs-samples/issues/4162",https://github.com/GoogleCloudPlatform/python-docs-samples/blob/master/LICENSE is provided.,There are many files related to testing but its everywhere,2025-09-26
GoogleCloudPlatform/tensorflow-without-a-phd,N,2827,436,4787,The source code of this project has been organised into different modules in a way that shows the relationship between different files.,https://github.com/GoogleCloudPlatform/tensorflow-without-a-phd/graphs/contributors shows that there are multiple contributors,CI is not used on the project.,There is a well-maintained documentation,No evidence of sustained commit activity,Do answer questions but not often,https://github.com/GoogleCloudPlatform/tensorflow-without-a-phd/blob/master/LICENSE is provided.,Can't find test files,2020-06-03
GoogleCloudPlatform/training-data-analyst,Y,8292,7963,108122,The source code of this project has been organised into different modules in a way that shows the relationship between different files.,https://github.com/GoogleCloudPlatform/training-data-analyst/graphs/contributors shows that there are multiple contributors,CI is not used on the project.,Functions mentioned but not well documented,Evidence of sustained commit activity,"Users ask, answer and resolve their own issues",https://github.com/GoogleCloudPlatform/training-data-analyst/blob/master/LICENSE is provided.,Can't find test files,2025-09-16
google-research/google-research,Y,36441,4848,1307312,The source code of this project has been organised into different modules in a way that shows the relationship between different files.,https://github.com/google-research/google-research/graphs/contributors that there are multiple contributors.,"The project uses various CI services to compute code coverage, check stylistic violations, etc.",There are multiple well maintained README,Checking https://github.com/google-research/google-research/pulse/monthly there has been significant commit activity in the past month.,"The project maintainers respond to issues, as evidenced by https://github.com/google-research/google-research/issues/313",https://github.com/google-research/google-research/blob/master/LICENSE is provided,There are few files related to testing.,2025-09-17
google-research/meta-dataset,Y,790,319,15178,The source code of this project has been organised into different modules in a way that shows the relationship between different files.,https://github.com/google-research/meta-dataset/graphs/contributors that there are multiple contributors.,CI is not used on the project.,There are is a well maintained README and documentation at https://github.com/google-research/meta-dataset/tree/master/doc,There is no commit in the past month,"The project maintainers respond to issues, as evidenced by https://github.com/google-research/google-research/issues/313",https://github.com/google-research/meta-dataset/blob/master/LICENSE is provided,There are few files related to testing.,2024-05-24
google-research/tensor2robot,Y,560,237,16147,The source code of the project exists as ad-hoc scripts.,https://github.com/google-research/tensor2robot/graphs/contributors that there are multiple contributors.,CI is not used on the project.,"There is a well-maintained README, and the majority of the functions in https://github.com/google-research/tensor2robot/tree/master/models ",Checking https://github.com/google-research/tensor2robot/pulse/monthly there has been 8 commit activity in the past month.,The author of the project does not reply to issues or close them.,https://github.com/google-research/tensor2robot/blob/master/LICENSE is provided,There are few files related to testing.,2024-08-19
google-research/text-to-text-transfer-transformer,Y,6425,601,8552,The source code of the project exists as ad-hoc scripts.,https://github.com/google-research/text-to-text-transfer-transformer/graphs/contributors that there are multiple contributors.,"The project uses various CI services to compute code coverage, check stylistic violations, etc.","There is a well-maintained README, and the majority of the functions in https://github.com/google-research/text-to-text-transfer-transformer/tree/master/t5/scripts",Checking https://github.com/google-research/text-to-text-transfer-transformer/pulse/monthly there has been significant commit activity in the past month.,"The project maintainers respond to issues, as evidenced by https://github.com/google-research/text-to-text-transfer-transformer/issues/299",https://github.com/google-research/text-to-text-transfer-transformer/blob/master/LICENSE is provided,There are many files related to testing.,2025-04-28
GRAAL-Research/poutyne,Y,576,774,12874,The source code of this project has been organised into different modules in a way that shows the relationship between different files.,https://github.com/GRAAL-Research/poutyne/graphs/contributors shows that there are multiple contributors,The project uses Travis CI,There is a well-maintained documentation,Little evidence of sustained commit activity,"The project maintainers (mainly 1 person) respond to issues, as evidenced by https://github.com/GRAAL-Research/poutyne/issues/72 and https://github.com/GRAAL-Research/poutyne/issues/40",https://github.com/GRAAL-Research/poutyne/blob/master/LICENSE is provided.,There are many files related to testing.,2025-05-05
graknlabs/kglib,Y,552,508,1428,The source code of this project has been organised into different modules in a way that shows the relationship between different files.,https://github.com/graknlabs/kglib/graphs/contributors that there are multiple contributors.,"The project uses various CI services to compute code coverage, check stylistic violations, etc.","There is a well-maintained README, and majority of the functions in https://github.com/graknlabs/kglib/tree/master/kglib/kgcn",Checking https://github.com/graknlabs/kglib/pulse/monthly there has been 3 commit activity in the past month.,"The project maintainers respond to issues, as evidenced by https://github.com/graknlabs/kglib/issues/140",https://github.com/graknlabs/kglib/blob/master/LICENSE.txt is provided,There are few files related to testing.,2023-11-18
graphbrain/graphbrain,Y,618,3218,10180,The source code of this project has been organised into different modules in a way that shows the relationship between different files.,https://github.com/graphbrain/graphbrain/graphs/contributors that there are multiple contributors.,CI is not used on the project.,"There is a well-maintained README, and majority of the functions in https://github.com/graphbrain/graphbrain/tree/master/docs",Checking https://github.com/graphbrain/graphbrain/pulse/monthly there has been 1 commit activity in the past month.,"The project maintainers respond to issues, as evidenced by https://github.com/graphbrain/graphbrain/issues/17",https://github.com/graphbrain/graphbrain/blob/master/LICENSE is provided,There are few files related to testing.,2025-08-06
greentfrapp/lucent,Y,643,191,2009,The source code of this project has been organised into different modules in a way that shows the relationship between different files.,https://github.com/greentfrapp/lucent/graphs/contributors that there are multiple contributors.,"The project uses various CI services to compute code coverage, check stylistic violations, etc.","There is a well-maintained README, and majority of the functions in https://github.com/greentfrapp/lucent/tree/master/lucent",Checking https://github.com/greentfrapp/lucent/pulse/monthly there has been significant commit activity in the past month.,"The project maintainers respond to issues, as evidenced by https://github.com/graphbrain/graphbrain/issues/17",https://github.com/greentfrapp/lucent/blob/master/LICENSE is provided,There are few files related to testing.,2025-03-21
guildai/guildai,Y,889,5779,51790,The source code of this project has been organised into different modules in a way that shows the relationship between different files.,https://github.com/guildai/guildai/graphs/contributors that there are multiple contributors.,"The project uses various CI services to compute code coverage, check stylistic violations, etc.","There is a well-maintained README, and majority of the functions in https://github.com/guildai/guildai/tree/master/guild",Checking https://github.com/guildai/guildai/pulse/monthly there has been significant commit activity in the past month.,"The project maintainers respond to issues, as evidenced by https://github.com/guildai/guildai/issues/205",https://github.com/guildai/guildai/blob/master/LICENSE.txt is provided,There are few files related to testing.,2025-04-29
guillaume-be/rust-bert,Y,2951,1120,176,The source code of this project has been organised into different modules in a way that shows the relationship between different files.,https://github.com/guillaume-be/rust-bert/graphs/contributors that there are multiple contributors.,"The project uses various CI services to compute code coverage, check stylistic violations, etc.","There is a well-maintained README, and majority of the functions in https://github.com/guillaume-be/rust-bert/tree/master/src",Checking https://github.com/guillaume-be/rust-bert/pulse/monthly there has been significant commit activity in the past month.,"The project maintainers respond to issues, as evidenced by https://github.com/guillaume-be/rust-bert/issues/56",https://github.com/guillaume-be/rust-bert/blob/master/LICENSE is provided,There are many files related to testing.,2025-05-26
Ha0Tang/AttentionGAN,Y,683,229,3358,The source code of this project has been organised into different modules in a way that shows the relationship between different files.,There are no contributors to the project other than the author.,CI is not used on the project.,There is a well-maintained documentation,No evidence of sustained commit activity,"The project author respond to issues, as evidenced by https://github.com/Ha0Tang/AttentionGAN/issues/12 and https://github.com/Ha0Tang/AttentionGAN/issues/11",https://github.com/Ha0Tang/AttentionGAN/blob/master/LICENSE.md is provided.,There are files related to testing but its everywhere,2023-02-20
Ha0Tang/GestureGAN,N,175,180,1618,The source code of this project has been organised into different modules in a way that shows the relationship between different files.,There are no contributors to the project other than the author.,CI is not used on the project.,There is a well-maintained documentation,No evidence of sustained commit activity,"The project author respond to issues, as evidenced by https://github.com/Ha0Tang/GestureGAN/issues/3 and https://github.com/Ha0Tang/GestureGAN/issues/2",https://github.com/Ha0Tang/GestureGAN/blob/master/LICENSE.md is provided.,There are files related to testing but its everywhere,2023-02-18
Ha0Tang/SelectionGAN,N,467,394,7773,The source code of this project has been organised into different modules in a way that shows the relationship between different files.,There are no contributors to the project other than the author.,CI is not used on the project.,Functions mentioned but not well documented,No evidence of sustained commit activity,"The project author respond to issues, as evidenced by https://github.com/Ha0Tang/SelectionGAN/issues/7 and https://github.com/Ha0Tang/SelectionGAN/issues/6",https://github.com/Ha0Tang/SelectionGAN/blob/master/selectiongan_v1/LICENSE.md and https://github.com/Ha0Tang/SelectionGAN/blob/master/selectiongan_v2/LICENSE.md are provided.,There are files related to testing but its everywhere,2023-02-18
hamelsmu/code_search,N,488,162,11585,The source code of this project has been organised into different modules in a way that shows the relationship between different files.,https://github.com/hamelsmu/code_search/graphs/contributors that there are multiple contributors.,"The project uses various CI services to compute code coverage, check stylistic violations, etc.",There is a well-maintained README,There is no commit in the past month,There aren't any open issues,https://github.com/hamelsmu/code_search/blob/master/LICENSE is provided,There is no evidence of any testing done on the project.,2020-05-28
hanxiao/bert-as-service,Y,12749,1960,4873,The source code of this project has been organised into different modules in a way that shows the relationship between different files.,https://github.com/hanxiao/bert-as-service/graphs/contributors that there are multiple contributors.,CI is not used on the project.,There is a well-maintained README and documentation in https://github.com/hanxiao/bert-as-service/tree/master/docs,Checking https://github.com/hanxiao/bert-as-service/pulse/monthly there has been significant commit activity in the past month.,"The project maintainers respond to issues, as evidenced by https://github.com/hanxiao/bert-as-service/issues/566",https://github.com/hanxiao/bert-as-service/blob/master/LICENSE is provided,There is no evidence of any testing done on the project.,2023-12-20
hasanirtiza/Pedestron,Y,703,886,66866,The source code of this project has been organised into different modules in a way that shows the relationship between different files.,https://github.com/hasanirtiza/Pedestron/graphs/contributors that there are multiple contributors.,CI is not used on the project.,There is a well-maintained README,Checking https://github.com/hasanirtiza/Pedestron/pulse/monthly there has been significant commit activity in the past month.,"The project maintainers respond to issues, as evidenced by https://github.com/hasanirtiza/Pedestron/issues/51",https://github.com/hasanirtiza/Pedestron/blob/master/LICENSE is provided,There are few files related to testing.,2024-12-04
hastagAB/Awesome-Python-Scripts,N,2263,471,7569,The source code of the project exists as ad-hoc scripts.,https://github.com/hastagAB/Awesome-Python-Scripts/graphs/contributors that there are multiple contributors.,"The project uses various CI services to compute code coverage, check stylistic violations, etc.",There is a well-maintained README,Checking https://github.com/hastagAB/Awesome-Python-Scripts/pulse/monthly there has been 2 commit activity in the past month.,"The project maintainers respond to issues, as evidenced by https://github.com/hastagAB/Awesome-Python-Scripts/issues/53",https://github.com/hastagAB/Awesome-Python-Scripts/blob/master/LICENSE.txt is provided,There is no evidence of any testing done on the project.,2024-06-21
HazyResearch/fonduer,Y,411,1397,12109,The source code of this project has been organised into different modules in a way that shows the relationship between different files.,https://github.com/HazyResearch/fonduer/graphs/contributors shows that there are multiple contributors,The project uses CI but not sure what is it,There is a well-maintained documentation,Evidence of sustained commit activity however quite unstable,"The project maintainers respond to issues, as evidenced by https://github.com/HazyResearch/fonduer/issues/413 and https://github.com/HazyResearch/fonduer/issues/435",https://github.com/HazyResearch/fonduer/blob/master/LICENSE is provided.,There are many files related to testing.,2021-06-23
heartexlabs/label-studio,Y,24894,5537,52356,The source code of this project has been organised into different modules in a way that shows the relationship between different files.,https://github.com/heartexlabs/label-studio/graphs/contributors that there are multiple contributors.,"The project uses various CI services to compute code coverage, check stylistic violations, etc.",There is a well-maintained README,Checking https://github.com/heartexlabs/label-studio/pulse/monthly there has been 2 commit activity in the past month.,"The project maintainers respond to issues, as evidenced by https://github.com/heartexlabs/label-studio/issues/335",https://github.com/heartexlabs/label-studio/blob/master/LICENSE is provided,There is no evidence of any testing done on the project.,2025-09-26
henrysky/astroNN,Y,204,2181,10096,The source code of this project has been organised into different modules in a way that shows the relationship between different files.,There are no contributors to the project other than the author.,"The project uses various CI services to compute code coverage, check stylistic violations, etc.",There is a well-maintained README and documentation in https://github.com/henrysky/astroNN/tree/master/docs,There is no commit in the past month,"The project maintainers respond to issues, as evidenced by https://github.com/henrysky/astroNN/issues/6",https://github.com/henrysky/astroNN/blob/master/LICENSE is provided,There are many files related to testing.,2025-09-09
heronsystems/adeptRL,Y,206,275,7744,The source code of this project has been organised into different modules in a way that shows the relationship between different files.,https://github.com/heronsystems/adeptRL/graphs/contributors that there are multiple contributors.,CI is not used on the project.,There is a well-maintained README and documentation in https://github.com/heronsystems/adeptRL/tree/master/adept and https://github.com/heronsystems/adeptRL/tree/master/docs,Checking https://github.com/heronsystems/adeptRL/pulse/monthly there has been 4 commit activity in the past month.,"The project maintainers respond to issues, as evidenced by https://github.com/heronsystems/adeptRL/issues/88",https://github.com/heronsystems/adeptRL/blob/master/LICENSE is provided,There are many files related to testing.,2021-06-17
home-assistant/core,Y,81605,99340,2109291,The source code of this project has been organised into different modules in a way that shows the relationship between different files.,https://github.com/home-assistant/core/graphs/contributors that there are multiple contributors.,"The project uses various CI services to compute code coverage, check stylistic violations, etc.",There is a well-maintained README,Checking https://github.com/home-assistant/core/pulse/monthly there has been significant commit activity in the past month.,"The project maintainers respond to issues, as evidenced by https://github.com/home-assistant/core/issues/37681",https://github.com/home-assistant/core/blob/dev/LICENSE.md is provided,There are many files related to testing.,2025-09-28
hrpan/tetris_mcts,N,349,426,5272,The source code of the project exists as ad-hoc scripts.,There are no contributors to the project other than the author.,CI is not used on the project.,There is a well-maintained README,There is no commit in the past month,"The project maintainers respond to issues, as evidenced by https://github.com/hrpan/tetris_mcts/issues/3","There is no license to be found, either in the form of a license file or written as comments in the source code files.",There is no evidence of any testing done on the project.,2024-10-09
hse-aml/natural-language-processing,N,1194,179,840,The source code of the project exists as ad-hoc scripts.,https://github.com/hse-aml/natural-language-processing/graphs/contributors that there are multiple contributors.,CI is not used on the project.,There is a well-maintained README,Checking https://github.com/hse-aml/natural-language-processing/pulse/monthly there has been significant commit activity in the past month.,"The project maintainers respond to issues, as evidenced by https://github.com/hse-aml/natural-language-processing/issues/43","There is no license to be found, either in the form of a license file or written as comments in the source code files.",There is no evidence of any testing done on the project.,2021-02-23
huggingface/neuralcoref,Y,2885,116,3814,"Poorly organized, general naming convention, doesn't explain modules",Multiple contributors: https://github.com/huggingface/neuralcoref/graphs/contributors,No indications of using CI services,"There is a well maintained README, but no documentation on README","No commits in the past few months, around 12 commits in the last year",Author actively replies to issues,https://github.com/huggingface/neuralcoref/blob/master/LICENSE.txt,Only 1 test file,2021-06-22
huggingface/transformers,Y,150377,20591,988895,The source code of this project has been organised into different modules in a way that shows the relationship between different files.,Multiple contributors: https://github.com/huggingface/transformers/graphs/contributors,"The project uses CI services to compute code coverage, check stylistic violations, etc.","There is a well maintained README, codes are well documented",The project shows frequent and consistent commits throughout the past years: https://github.com/huggingface/transformers/graphs/commit-activity,More closed issues than open. Project authors respond to issues: https://github.com/huggingface/transformers/issues,https://github.com/huggingface/transformers/blob/master/LICENSE,There are many files related to testing.,2025-09-26
HumanCompatibleAI/adversarial-policies,Y,287,472,8183,The source code of this project has been organised into different modules in a way that shows the relationship between different files.,https://github.com/HumanCompatibleAI/adversarial-policies/graphs/contributors shows that there are multiple contributors,The project uses Circle CI,Some of the functions are documented,No evidence of sustained commit activity,"The project maintainers respond to issues, as evidenced by https://github.com/HumanCompatibleAI/adversarial-policies/issues/50 and https://github.com/HumanCompatibleAI/adversarial-policies/issues/17 but not much issues to begin with",https://github.com/HumanCompatibleAI/adversarial-policies/blob/master/LICENSE is provided.,There are files related to testing.,2022-04-01
hunglc007/tensorflow-yolov4-tflite,Y,2264,159,2739,The source code of this project has been organised into different modules in a way that shows the relationship between different files.,Multiple contributors: https://github.com/hunglc007/tensorflow-yolov4-tflite/graphs/contributors,"The project uses various CI services to compute code coverage, check stylistic violations, etc.","There is a well maintained README, codes are well documented","Consistent commits throughout the past month, but hiatus before that","More open issues than closed issues, author does not respond frequently",https://github.com/hunglc007/tensorflow-yolov4-tflite/blob/master/LICENSE,There is no evidence of any testing done on the project.,2020-08-10
hunkim/DeepLearningZeroToAll,N,4494,335,5832,The source code of this project has been organised into different modules in a way that shows the relationship between different files.,Multiple contributors: https://github.com/hunkim/DeepLearningZeroToAll/graphs/contributors,"The project uses various CI services to compute code coverage, check stylistic violations, etc. https://github.com/hunkim/DeepLearningZeroToAll/blob/master/CONTRIBUTING.md","There is a well maintained README, codes are well documented",Few commits in the last month: https://github.com/hunkim/DeepLearningZeroToAll/graphs/commit-activity,There aren't any open issues,There is no license,Only 1 test file,2022-07-14
hunkim/PyTorchZeroToAll,N,3952,117,1281,"Poorly organized, general naming convention, doesn't explain modules",Multiple contributors: https://github.com/hunkim/PyTorchZeroToAll/graphs/contributors,"The project uses various CI services to compute code coverage, check stylistic violations, etc.","There is a README, codes are documented",Few commits in the last month: https://github.com/hunkim/PyTorchZeroToAll/graphs/commit-activity,"More open issues than closed issues, author does not respond frequently",There is no license,There is no evidence of any testing done on the project.,2020-11-01
huseinzol05/Malaya,Y,506,942,603277,The source code of this project has been organised into different modules in a way that shows the relationship between different files.,Multiple contributors: https://github.com/huseinzol05/Malaya/graphs/contributors,"The project uses various CI services to compute code coverage, check stylistic violations, etc.","There is a well maintained README, codes are well documented",Few commits in the last month: https://github.com/hunkim/PyTorchZeroToAll/graphs/commit-activity,"Only one issue, issues closed frequently: https://github.com/huseinzol05/Malaya/issues?q=is%3Aissue+is%3Aclosed",https://github.com/huseinzol05/Malaya/blob/master/LICENSE,There are few files related to testing.,2025-08-29
huseinzol05/NLP-Models-Tensorflow,N,1787,275,9527,The source code of this project has been organised into different modules in a way that shows the relationship between different files.,Multiple contributors: https://github.com/huseinzol05/NLP-Models-Tensorflow/graphs/contributors,No indications of using CI services,"There is a well maintained README, codes are well documented",Few commits in the last month: https://github.com/huseinzol05/NLP-Models-Tensorflow/graphs/commit-activity,Author does not respond frequently,https://github.com/huseinzol05/NLP-Models-Tensorflow/blob/master/LICENSE,There is no evidence of any testing done on the project.,2020-07-20
hysts/pytorch_image_classification,N,1420,185,4643,"Poorly organized, general naming convention, doesn't explain modules",Only one contributor: https://github.com/hysts/pytorch_image_classification/graphs/contributors,No indications of using CI services,"There is a README, codes are not documented","No commits in the past few months, around 12 commits in the last year","Only one issue, issues closed frequently: https://github.com/hysts/pytorch_image_classification/issues?q=is%3Aopen+is%3Aissue",https://github.com/hysts/pytorch_image_classification/blob/master/LICENSE,There is no evidence of any testing done on the project.,2021-12-12
IBM/adversarial-robustness-toolbox,Y,5560,13028,80632,The source code of this project has been organised into different modules in a way that shows the relationship between different files.,https://github.com/IBM/adversarial-robustness-toolbox/graphs/contributors shows that there are multiple contributors,The project uses Travis CI,There is a well-maintained documentation,Evidence of sustained commit activity,"The project maintainers respond to issues, as evidenced by https://github.com/IBM/adversarial-robustness-toolbox/issues/477 and https://github.com/IBM/adversarial-robustness-toolbox/issues/448",https://github.com/IBM/adversarial-robustness-toolbox/blob/main/LICENSE is provided.,There are many files related to testing.,2025-09-25
IBM/AIF360,Y,2657,438,13835,The source code of this project has been organised into different modules in a way that shows the relationship between different files.,https://github.com/IBM/AIF360/graphs/contributors shows that there are multiple contributors,The project uses Travis CI,There is a well-maintained documentation,Little evidence of sustained commit activity but quite stable,"The project maintainers (mainly 1 person) respond to issues, as evidenced by https://github.com/IBM/AIF360/issues/185 and https://github.com/IBM/AIF360/issues/45",https://github.com/IBM/AIF360/blob/master/LICENSE is provided.,There are many files related to testing.,2024-12-10
IBM/AIX360,Y,1735,633,17132,The source code of this project has been organised into different modules in a way that shows the relationship between different files.,https://github.com/IBM/AIX360/graphs/contributors shows that there are multiple contributors,The project uses Travis CI,There is a well-maintained documentation,No evidence of sustained commit activity,"The project maintainers respond to issues but not often, as evidenced by https://github.com/IBM/AIX360/issues/46 and https://github.com/IBM/AIX360/issues/76",https://github.com/IBM/AIX360/blob/master/LICENSE is provided.,There are many files related to testing.,2025-02-26
IBM/lale,Y,343,1540,80917,The source code of this project has been organised into different modules in a way that shows the relationship between different files.,https://github.com/IBM/lale/graphs/contributors shows that there are multiple contributors,The project uses Travis CI,There is a well-maintained documentation,Evidence of sustained commit activity,The maintainers of the project does not reply to issues or close them.,https://github.com/IBM/lale/blob/master/LICENSE.txt is provided.,There are many files related to testing.,2025-09-19
idealo/image-super-resolution,Y,4789,151,2788,The source code of this project has been organised into different modules in a way that shows the relationship between different files.,Multiple contributors: https://github.com/idealo/image-super-resolution/graphs/contributors,"The project uses various CI services to compute code coverage, check stylistic violations, etc.","There is a README, codes are not documented","No commits in the past few months, around 12 commits in the last year",More closed issues than open. Project authors respond to issues: https://github.com/idealo/image-super-resolution/issues,https://github.com/idealo/image-super-resolution/blob/master/LICENSE,There are many files related to testing.,2024-12-18
inferno-pytorch/inferno,Y,244,962,9337,The source code of this project has been organised into different modules in a way that shows the relationship between different files.,Multiple contributors: https://github.com/inferno-pytorch/inferno/graphs/contributors,"The project uses various CI services to compute code coverage, check stylistic violations, etc.","There is a README, codes are not documented",Some commits in the last few months: https://github.com/inferno-pytorch/inferno/graphs/commit-activity,More closed issues than open. Project authors respond to issues: https://github.com/inferno-pytorch/inferno/issues,https://github.com/inferno-pytorch/inferno/blob/master/LICENSE,There are many files related to testing.,2021-02-15
interpretml/DiCE,Y,1446,791,7492,The source code of this project has been organised into different modules in a way that shows the relationship between different files.,Multiple contributors: https://github.com/interpretml/DiCE/graphs/contributors,"The project uses various CI services to compute code coverage, check stylistic violations, etc.","There is a well maintained README, codes are well documented",Consistent commits in the last month,More closed issues than open. Project authors respond to issues: https://github.com/interpretml/DiCE/issues,https://github.com/interpretml/DiCE/blob/master/LICENSE,There are many files related to testing.,2025-07-13
interpretml/interpret-community,Y,435,486,10499,The source code of this project has been organised into different modules in a way that shows the relationship between different files.,Multiple contributors: https://github.com/interpretml/interpret-community/graphs/contributors,"The project uses various CI services to compute code coverage, check stylistic violations, etc.","There is a README, codes are not documented",Consistent commits in the last month,More closed issues than open. Project authors respond to issues: https://github.com/interpretml/interpret-community/issues?q=is%3Aopen+is%3Aissue,https://github.com/interpretml/interpret-community/blob/master/LICENSE,There are many files related to testing.,2025-02-07
interpretml/interpret-text,Y,426,152,6861,The source code of this project has been organised into different modules in a way that shows the relationship between different files.,Multiple contributors: https://github.com/interpretml/interpret-text/graphs/contributors,"The project uses various CI services to compute code coverage, check stylistic violations, etc.","There is a well maintained README, codes are well documented",Consistent commits in the last month,"More open issues than closed issues, author does not respond frequently",https://github.com/interpretml/interpret-text/blob/master/LICENSE,There are many files related to testing.,2024-02-05
ironmussa/Optimus,Y,1516,6411,24242,The source code of the project exists as ad-hoc scripts.,Multiple contributors: https://github.com/ironmussa/Optimus/graphs/contributors,"The project uses various CI services to compute code coverage, check stylistic violations, etc.","There is a well maintained README, some codes are documented","No commits the past few months, 3 commits since Jan",More closed issues than open. Project authors respond to issues: https://github.com/idealo/image-super-resolution/issues,https://github.com/ironmussa/Optimus/blob/master/LICENSE,There are many files related to testing.,2023-05-19
iskandr/fancyimpute,Y,1279,202,1755,The source code of the project exists as ad-hoc scripts.,Multiple contributors: https://github.com/iskandr/fancyimpute/graphs/contributors,"The project uses various CI services to compute code coverage, check stylistic violations, etc.","There is a well maintained README, some codes are documented","Only one commit the past month, 2 in the past year","More closed than open, author does not respond frequently",https://github.com/iskandr/fancyimpute/blob/master/LICENSE,There are many files related to testing.,2021-10-21
jaakkopasanen/AutoEq,N,14749,896,4958,The source code of this project has been organised into different modules in a way that shows the relationship between different files.,Multiple contributors: https://github.com/jaakkopasanen/AutoEq/graphs/contributors,No indications of using CI services,"There is a README, codes are not documented","No commits the past month, active before that","More closed than open, author does not respond frequently",https://github.com/jaakkopasanen/AutoEq/blob/master/LICENSE,There is no evidence of any testing done on the project.,2025-07-20
jakeret/tf_unet,N,1912,209,937,The source code of this project has been organised into different modules in a way that shows the relationship between different files.,Multiple contributors: https://github.com/jakeret/tf_unet/graphs/contributors,No indications of using CI services,"There is a README, codes are not documented","No commits the past month, active before that","More closed than open, author does not respond frequently",https://github.com/jakeret/tf_unet/blob/master/LICENSE,There is no evidence of any testing done on the project.,2020-05-05
jantic/DeOldify,N,18416,524,12886,The source code of the project exists as ad-hoc scripts.,Multiple contributors: https://github.com/jantic/DeOldify/graphs/contributors,No indications of using CI services,"There is a README, codes are not documented",No commits in the past month,"More closed than open, author does not respond frequently",https://github.com/jantic/DeOldify/blob/master/LICENSE,There is no evidence of any testing done on the project.,2024-10-19
JayYip/bert-multitask-learning,N,549,535,5351,The source code of this project has been organised into different modules in a way that shows the relationship between different files.,There are no contributors to the project other than the author.,CI is not used on the project.,Most of the functions in the source code are not documented.,No evidence of sustained commit activity,"The project author respond to issues, as evidenced by https://github.com/JayYip/bert-multitask-learning/issues/44 and https://github.com/JayYip/bert-multitask-learning/issues/43",https://github.com/JayYip/bert-multitask-learning/blob/master/LICENSE is provided.,There are files related to testing but everywhere,2023-03-03
jeongyoonlee/Kaggler,Y,752,254,2665,The source code of this project has been organised into different modules in a way that shows the relationship between different files.,Multiple contributors: https://github.com/jeongyoonlee/Kaggler/graphs/contributors,"The project uses various CI services to compute code coverage, check stylistic violations, etc.","There is a well maintained README, some codes are documented",No commits in the past month,"More closed than open, author does not respond frequently",https://github.com/jeongyoonlee/Kaggler/blob/master/LICENSE,There are many files related to testing.,2024-04-25
jessevig/bertviz,N,7652,308,7099,The source code of the project exists as ad-hoc scripts.,Multiple contributors: hhttps://github.com/jessevig/bertviz/graphs/contributors,"The project uses various CI services to compute code coverage, check stylistic violations, etc.","There is a README, codes are not documented",No commits in the past month,"More closed than open, author does not respond frequently",https://github.com/jessevig/bertviz/blob/master/LICENSE,Only 1 test file,2025-06-01
jettify/pytorch-optimizer,Y,3142,435,3729,The source code of this project has been organised into different modules in a way that shows the relationship between different files.,Multiple contributors: https://github.com/jettify/pytorch-optimizer/graphs/contributors,"The project uses various CI services to compute code coverage, check stylistic violations, etc.","There is a well maintained README, some codes are documented",Consistent commits in the last month,More closed issues than open. Project authors respond to issues: https://github.com/jettify/pytorch-optimizer/issues/137,https://github.com/jettify/pytorch-optimizer/blob/master/LICENSE,There are many files related to testing.,2023-06-20
jim-schwoebel/voicebook,N,386,646,12756,The source code of this project has been organised into different modules in a way that shows the relationship between different files.,Multiple contributors: https://github.com/jim-schwoebel/voicebook/graphs/contributors,No indications of using CI services,"There is a well maintained README, some codes are documented",No commits in the past month,More closed issues than open. Project authors respond to issues: https://github.com/jim-schwoebel/voicebook/issues,https://github.com/jim-schwoebel/voicebook/blob/master/LICENSE,There are many files related to testing.,2021-04-15
joe-siyuan-qiao/DetectoRS,Y,1146,816,46475,The source code of this project has been organised into different modules in a way that shows the relationship between different files.,Multiple contributors: https://github.com/joe-siyuan-qiao/DetectoRS/graphs/contributors,No indications of using CI services,"There is a well maintained README, some codes are documented","No commits the past month, active before that",More closed issues than open. Project authors respond to issues: https://github.com/joe-siyuan-qiao/DetectoRS/issues/46,https://github.com/joe-siyuan-qiao/DetectoRS/blob/master/LICENSE,There are many files related to testing.,2020-06-30
joeynmt/joeynmt,Y,702,904,9765,The source code of this project has been organised into different modules in a way that shows the relationship between different files.,Multiple contributors: https://github.com/joeynmt/joeynmt/graphs/contributors,"The project uses various CI services to compute code coverage, check stylistic violations, etc.","There is a well maintained README, some codes are documented",Consistent commits in the last month,"More closed than open, author does not respond frequently",https://github.com/joeynmt/joeynmt/blob/master/LICENSE,There are many files related to testing.,2024-01-25
jrzaurin/pytorch-widedeep,Y,1377,965,32158,The source code of this project has been organised into different modules in a way that shows the relationship between different files.,Multiple contributors: https://github.com/jrzaurin/pytorch-widedeep/graphs/contributors,"The project uses various CI services to compute code coverage, check stylistic violations, etc.","There is a well maintained README, some codes are documented","No commits the past month, active before that",More closed issues than open. Project authors respond to issues: https://github.com/jrzaurin/pytorch-widedeep/issues/12,https://github.com/jrzaurin/pytorch-widedeep/blob/master/LICENSE,There are many files related to testing.,2025-09-27
jtyoui/Jtyoui,N,1,5,0,The source code of the project exists as ad-hoc scripts.,Only one contributor: https://github.com/jtyoui/Jtyoui/graphs/contributors,No indications of using CI services,"There is a README, codes are not documented",Few commits in the past month,There are no open issues,https://github.com/jtyoui/Jtyoui/blob/pyunit/LICENSE,There is no evidence of any testing done on the project.,2023-03-10
junyanz/pytorch-CycleGAN-and-pix2pix,Y,24516,535,2037,The source code of this project has been organised into different modules in a way that shows the relationship between different files.,Multiple contributors: https://github.com/junyanz/pytorch-CycleGAN-and-pix2pix/graphs/contributors,No indications of using CI services,"There is a well maintained README, codes are well documented",Consistent commits in the last month,More closed issues than open. Project authors respond to issues:https://github.com/junyanz/pytorch-CycleGAN-and-pix2pix/issues/1084,https://github.com/junyanz/pytorch-CycleGAN-and-pix2pix/blob/master/LICENSE,There are many files related to testing.,2025-08-06
Kaixhin/Rainbow,N,1650,161,557,The source code of the project exists as ad-hoc scripts.,https://github.com/Kaixhin/Rainbow/graphs/contributors shows that there are multiple contributors but mainly 1 person,CI is not used on the project.,Most of the functions in the source code are not documented.,No evidence of sustained commit activity,"The project author respond to issues, as evidenced by https://github.com/Kaixhin/Rainbow/issues/72 and https://github.com/Kaixhin/Rainbow/issues/70",https://github.com/Kaixhin/Rainbow/blob/master/LICENSE.md is provided.,Only found 1 file related to testing,2022-01-13
KaiyangZhou/deep-person-reid,Y,4613,896,14712,The source code of the project exists as ad-hoc scripts.,https://github.com/KaiyangZhou/deep-person-reid/graphs/contributors shows that there are multiple contributors but mainly 1 person,CI is not used on the project.,There is a well-maintained documentation,No evidence of sustained commit activity,"The project author respond to issues, as evidenced by https://github.com/KaiyangZhou/deep-person-reid/issues/328 and https://github.com/KaiyangZhou/deep-person-reid/issues/324",https://github.com/KaiyangZhou/deep-person-reid/blob/master/LICENSE is provided.,There is no evidence of any testing done on the project.,2023-02-08
kakao/buffalo,Y,578,580,6686,The source code of this project has been organised into different modules in a way that shows the relationship between different files.,Multiple contributors: https://github.com/kakao/buffalo/graphs/contributors,"The project uses various CI services to compute code coverage, check stylistic violations, etc.","There is a well maintained README, codes are well documented",Some commits the past month,"More closed than open, author does not respond frequently",https://github.com/kakao/buffalo/blob/dev/LICENSE,There are many files related to testing.,2025-05-16
kakaobrain/torchgpipe,Y,855,350,8953,The source code of this project has been organised into different modules in a way that shows the relationship between different files.,Multiple contributors: https://github.com/kakaobrain/torchgpipe/graphs/contributors,"The project uses various CI services to compute code coverage, check stylistic violations, etc.","There is a well maintained README, codes are well documented","No commits the past month, active before that","More closed than open, author does not respond frequently",https://github.com/kakaobrain/torchgpipe/blob/master/LICENSE,There are many files related to testing.,2020-09-18
kan-bayashi/PytorchWaveNetVocoder,Y,300,384,1966,The source code of this project has been organised into different modules in a way that shows the relationship between different files.,Multiple contributors: https://github.com/kan-bayashi/PytorchWaveNetVocoder/graphs/contributors,"The project uses various CI services to compute code coverage, check stylistic violations, etc.","There is a well maintained README, codes are well documented",Some commits the past month,More closed issues than open. Project authors respond to issues:https://github.com/kan-bayashi/PytorchWaveNetVocoder/issues/65,https://github.com/kan-bayashi/PytorchWaveNetVocoder/blob/master/LICENSE,There are many files related to testing.,2020-06-08
kaushaltrivedi/fast-bert,Y,1905,346,9128,The source code of this project has been organised into different modules in a way that shows the relationship between different files.,Multiple contributors: https://github.com/kaushaltrivedi/fast-bert/graphs/contributors,No indications of using CI services,"There is a well maintained README, codes are well documented",Consistent commits in the last month,"More open issues than closed issues, author does not respond frequently",https://github.com/kaushaltrivedi/fast-bert/blob/master/LICENSE,There are many files related to testing.,2024-08-19
kdexd/virtex,N,564,221,3216,The source code of this project has been organised into different modules in a way that shows the relationship between different files.,Only one contributor: https://github.com/kdexd/virtex/graphs/contributors,No indications of using CI services,"There is a README, codes are well documented",Consistent commits in the last month,"More closed than open, author responds frequently: https://github.com/kdexd/virtex/issues/4",https://github.com/kdexd/virtex/blob/master/LICENSE,There is no evidence of any testing done on the project.,2022-04-09
keiohta/tf2rl,Y,477,985,6788,The source code of this project has been organised into different modules in a way that shows the relationship between different files.,Only one contributor: https://github.com/keiohta/tf2rl/graphs/contributors,"The project uses various CI services to compute code coverage, check stylistic violations, etc.","There is a README, codes are well documented","Some commits the last month, but no consistent","More closed than open, author does not respond frequently",https://github.com/keiohta/tf2rl/blob/master/LICENSE,There are many files related to testing.,2021-11-19
keras-team/autokeras,Y,9269,1394,7356,The source code of this project has been organised into different modules in a way that shows the relationship between different files.,Multiple contributors: https://github.com/keras-team/autokeras/graphs/contributors,"The project uses various CI services to compute code coverage, check stylistic violations, etc.",https://github.com/keras-team/keras-tuner/graphs/contributors,Consistent commits in the last month,"More closed than open, author does not respond frequently",https://github.com/keras-team/autokeras/blob/master/LICENSE.txt,There are many files related to testing.,2024-12-16
keras-team/keras-tuner,Y,2903,1087,10943,The source code of this project has been organised into different modules in a way that shows the relationship between different files.,Multiple contributors: https://github.com/keras-team/keras-tuner/graphs/contributors,"The project uses various CI services to compute code coverage, check stylistic violations, etc.",https://github.com/keras-team/keras-tuner/graphs/contributors,Consistent commits in the last month,"More closed than open, author does not respond frequently",https://github.com/keras-team/keras-tuner/blob/master/LICENSE,There are many files related to testing.,2024-06-24
kerlomz/captcha_platform,N,678,174,4875,The source code of the project exists as ad-hoc scripts.,Multiple contributors: https://github.com/kerlomz/captcha_platform/graphs/contributors,"The project uses various CI services to compute code coverage, check stylistic violations, etc.","There is a README, some codes are documented",Consistent commits in the last month,There are no open issues,https://github.com/kerlomz/captcha_platform/blob/master/LICENSE,There is no evidence of any testing done on the project.,2021-12-20
kermitt2/delft,Y,404,942,11351,The source code of the project exists as ad-hoc scripts.,Multiple contributors: https://github.com/kermitt2/delft/graphs/contributors,"The project uses various CI services to compute code coverage, check stylistic violations, etc.","There is a README, some codes are documented",Some commits the past month,"More closed than open, author does not respond frequently",https://github.com/kermitt2/delft/blob/master/LICENSE.txt,There is no evidence of any testing done on the project.,2025-05-19
kermitt2/grobid,Y,4335,3832,293,The source code of this project has been organised into different modules in a way that shows the relationship between different files.,Multiple contributors: https://github.com/kermitt2/grobid/graphs/contributors,"The project uses various CI services to compute code coverage, check stylistic violations, etc.","There is a well maintained README, codes are well documented",Consistent commits in the last month,"More closed than open, author responds frequently: https://github.com/kermitt2/grobid/issues/604",https://github.com/kermitt2/grobid/blob/master/LICENSE,There are many files related to testing.,2025-09-18
keunwoochoi/kapre,Y,930,195,2087,The source code of this project has been organised into different modules in a way that shows the relationship between different files.,Multiple contributors: https://github.com/keunwoochoi/kapre/graphs/contributors,"The project uses various CI services to compute code coverage, check stylistic violations, etc.","There is a well maintained README, codes are well documented","No commits the past month, active before that","More closed than open, author responds frequently: https://github.com/keunwoochoi/kapre/issues/68",https://github.com/keunwoochoi/kapre/blob/master/LICENSE.txt,There are many files related to testing.,2022-07-04
KevinMusgrave/powerful-benchmarker,N,439,895,6855,The source code of this project has been organised into different modules in a way that shows the relationship between different files.,There are no contributors to the project other than the author.,CI is not used on the project.,There is a well-maintained documentation,Evidence of sustained commit activity,"The project author respond to issues, as evidenced by https://github.com/KevinMusgrave/powerful-benchmarker/issues/40 and https://github.com/KevinMusgrave/powerful-benchmarker/issues/39","There is no license to be found, either in the form of a license file or written inside the source code file.",There is no evidence of any testing done on the project.,2024-01-10
KevinMusgrave/pytorch-metric-learning,Y,6232,1309,15569,The source code of this project has been organised into different modules in a way that shows the relationship between different files.,https://github.com/KevinMusgrave/pytorch-metric-learning/graphs/contributors shows that there are multiple contributors but mainly 1 person,CI is not used on the project.,There is a well-maintained documentation,Evidence of sustained commit activity,"The project author respond to issues, as evidenced by https://github.com/KevinMusgrave/pytorch-metric-learning/issues/122 and https://github.com/KevinMusgrave/pytorch-metric-learning/issues/116",https://github.com/KevinMusgrave/pytorch-metric-learning/blob/master/LICENSE is provided.,There are many files related to testing.,2025-08-17
kipoi/kipoi,Y,238,1333,9782,The source code of this project has been organised into different modules in a way that shows the relationship between different files.,Multiple contributors: https://github.com/kipoi/kipoi/graphs/contributors,"The project uses various CI services to compute code coverage, check stylistic violations, etc.","There is a well maintained README, codes are well documented",Consistent commits in the last month,"More closed than open, author does not respond frequently",https://github.com/kipoi/kipoi/blob/master/LICENSE,There are many files related to testing.,2024-04-11
kk7nc/HDLTex,Y,276,269,442,The source code of this project has been organised into different modules in a way that shows the relationship between different files.,Multiple contributors: https://github.com/kk7nc/HDLTex/graphs/contributors,"The project uses various CI services to compute code coverage, check stylistic violations, etc.","There is a well maintained README, codes are well documented","No commits the past month, active before that",Author does not respond frequently,https://github.com/kk7nc/HDLTex/blob/master/LICENSE,There is no evidence of any testing done on the project.,2024-10-10
kk7nc/RMDL,Y,433,516,1433,The source code of this project has been organised into different modules in a way that shows the relationship between different files.,Multiple contributors: https://github.com/kk7nc/RMDL/graphs/contributors,"The project uses various CI services to compute code coverage, check stylistic violations, etc.","There is a well maintained README, codes are well documented",Some commits the past month,Author does not respond frequently,https://github.com/kk7nc/RMDL/blob/master/LICENSE,There is no evidence of any testing done on the project.,2023-05-16
kleinee/jns,N,236,417,28,The source code of the project exists as ad-hoc scripts.,Multiple contributors (mainly one): https://github.com/kleinee/jns/graphs/contributors,No indications of using CI services,"There is a README, some codes are documented","No commits the past month, active before that",There are no open issues,https://github.com/kleinee/jns/blob/master/LICENSE.md,There is no evidence of any testing done on the project.,2023-06-10
knazeri/edge-connect,N,2592,116,1487,The source code of this project has been organised into different modules in a way that shows the relationship between different files.,Multiple contributors (mainly one): https://github.com/knazeri/edge-connect/graphs/contributors,No indications of using CI services,"There is a README, codes are not documented","No commits the past month, active before that","More closed than open, author does not respond frequently",https://github.com/knazeri/edge-connect/blob/master/LICENSE.md,There is no evidence of any testing done on the project.,2024-02-03
koaning/scikit-lego,Y,1360,569,10542,The source code of this project has been organised into different modules in a way that shows the relationship between different files.,Multiple contributors: https://github.com/koaning/scikit-lego/graphs/contributors,"The project uses various CI services to compute code coverage, check stylistic violations, etc.","There is a well maintained README, codes are well documented",Consistent commits in the last month,More closed issues than open. Project authors respond to issues: https://github.com/koaning/scikit-lego/issues/380,https://github.com/koaning/scikit-lego/blob/master/LICENSE,There are many files related to testing.,2025-09-15
kornia/kornia,Y,10774,2965,84657,The source code of this project has been organised into different modules in a way that shows the relationship between different files.,Multiple contributors: https://github.com/kornia/kornia/graphs/contributors,"The project uses various CI services to compute code coverage, check stylistic violations, etc.","There is a well maintained README, codes are well documented",Consistent commits in the last month,"More closed than open, author does not respond frequently",https://github.com/kornia/kornia/blob/master/LICENSE,There are many files related to testing.,2025-09-27
koursaros-ai/nboost,Y,675,1336,1714,The source code of this project has been organised into different modules in a way that shows the relationship between different files.,Multiple contributors: https://github.com/koursaros-ai/nboost/graphs/contributors,"The project uses various CI services to compute code coverage, check stylistic violations, etc.","There is a well maintained README, codes are well documented","No commits the past month, active before that","More closed than open, author does not respond frequently",https://github.com/koursaros-ai/nboost/blob/master/LICENSE,There are many files related to testing.,2020-07-16
kubeflow/examples,N,1447,544,11038,The source code of the project exists as ad-hoc scripts.,https://github.com/kubeflow/examples/graphs/contributors shows that there are multiple contributors,CI is not used on the project,"There is a well-maintained README, and the majority of the functions in https://github.com/kubeflow/examples/blob/master/object_detection/serving_script/standard_fields.py and https://github.com/kubeflow/examples/blob/master/code_search/src/code_search/nmslib/search_engine.py and https://github.com/kubeflow/examples/blob/master/mnist/model.py have appropriate docstrings",https://github.com/kubeflow/examples/graphs/commit-activity shows there has been activities in the past few months consistently,"The project maintainers respond to issues, as evidenced by https://github.com/kubeflow/examples/issues/806 and https://github.com/kubeflow/examples/issues/798",https://github.com/kubeflow/examples/blob/master/LICENSE,There are many files related to testing,2025-04-14
kubeflow/fairing,Y,337,235,9486,The source code of this project has been organised into different modules in a way that shows the relationship between different files.,https://github.com/kubeflow/fairing/graphs/contributors shows that there are multiple contributors,"The project uses various CI services to compute code coverage, check stylistic violations, etc.","There is a well-maintained README, and the majority of the functions in https://github.com/kubeflow/fairing/blob/master/kubeflow/fairing/backends/backends.py and https://github.com/kubeflow/fairing/blob/master/kubeflow/fairing/http_utils.py have appropriate docstrings",https://github.com/kubeflow/fairing/graphs/commit-activity shows there has been activities in the past few months consistently,"The project maintainers respond to issues, as evidenced by https://github.com/kubeflow/fairing/issues/521 and https://github.com/kubeflow/fairing/issues/519",https://github.com/kubeflow/fairing/blob/master/LICENSE,There are many files related to testing,2021-08-26
kubeflow/katib,Y,1628,1361,15845,The source code of this project has been organised into different modules in a way that shows the relationship between different files.,https://github.com/kubeflow/katib/graphs/contributors shows that there are multiple contributors,"The project uses various CI services to compute code coverage, check stylistic violations, etc.",There is a well-maintained README but Most of the functions in the source code are not documented.,https://github.com/kubeflow/katib/graphs/commit-activity shows there has been activities in the past few months consistently,"The project maintainers respond to issues, as evidenced by https://github.com/kubeflow/katib/issues/1211 and https://github.com/kubeflow/katib/issues/1211",https://github.com/kubeflow/katib/blob/master/LICENSE,There are many files related to testing,2025-09-24
kubeflow/kfserving,Y,4593,1896,62085,The source code of this project has been organised into different modules in a way that shows the relationship between different files.,https://github.com/kubeflow/kfserving/graphs/contributors shows that there are multiple contributors,CI is not used on the project,There is a well-maintained README but Most of the functions in the source code are not documented.,https://github.com/kubeflow/kfserving/graphs/commit-activity shows there has been activities in the past few months consistently,"The project maintainers respond to issues, as evidenced by https://github.com/kubeflow/kfserving/issues/916 and https://github.com/kubeflow/kfserving/issues/884",https://github.com/kubeflow/kfserving/blob/master/LICENSE,There are many files related to testing,2025-09-25
kubeflow/pipelines,Y,3954,6514,110404,The source code of this project has been organised into different modules in a way that shows the relationship between different files.,https://github.com/kubeflow/pipelines/graphs/contributors shows that there are multiple contributors,"The project uses various CI services to compute code coverage, check stylistic violations, etc.","There is a well-maintained README, and the majority of the functions in https://github.com/kubeflow/pipelines/blob/master/backend/src/apiserver/model/pipeline_version.go and https://github.com/kubeflow/pipelines/blob/master/backend/src/apiserver/model/job.go have appropriate docstrings",https://github.com/kubeflow/pipelines/graphs/commit-activity shows there has been activities in the past few months consistently,"The project maintainers respond to issues, as evidenced by https://github.com/kubeflow/pipelines/issues/4162 and https://github.com/kubeflow/pipelines/issues/4159",https://github.com/kubeflow/pipelines/blob/master/LICENSE,There are many files related to testing,2025-09-26
kubeflow-kale/kale,Y,640,649,6510,The source code of this project has been organised into different modules in a way that shows the relationship between different files.,https://github.com/kubeflow-kale/kale/graphs/contributors shows that there are multiple contributors but mainly 2,"The project uses various CI services to compute code coverage, check stylistic violations, etc.","There is a well-maintained README, and the majority of the functions in https://github.com/kubeflow-kale/kale/blob/master/backend/kale/utils/jupyter_utils.py and https://github.com/kubeflow-kale/kale/blob/master/backend/kale/utils/graph_utils.py have appropriate docstrings","Checking https://github.com/kubeflow-kale/kale/graphs/commit-activity, there has been activities in the past few months consistently","The project maintainers respond to issues, as evidenced by https://github.com/kubeflow-kale/kale/issues/147 and https://github.com/kubeflow-kale/kale/issues/142",https://github.com/kubeflow-kale/kale/blob/master/LICENSE,There are many files related to testing,2025-09-12
kundajelab/deeplift,Y,865,553,4434,The source code of this project has been organised into different modules in a way that shows the relationship between different files.,https://github.com/kundajelab/deeplift/graphs/contributors shows that there are multiple contributors but mainly 1,"The project uses various CI services to compute code coverage, check stylistic violations, etc.",There is a well-maintained README but Most of the functions in the source code are not documented.,https://github.com/kundajelab/deeplift/graphs/commit-activity shows there has been only 1 commit in the past month,"The project maintainers respond to issues, as evidenced by https://github.com/kundajelab/deeplift/issues/106 and https://github.com/kundajelab/deeplift/issues/103",https://github.com/kundajelab/deeplift/blob/master/LICENSE,There are many files related to testing,2021-11-11
kwotsin/mimicry,Y,608,168,8134,The source code of this project has been organised into different modules in a way that shows the relationship between different files.,There are no contributors to the project other than the author,"The project uses various CI services to compute code coverage, check stylistic violations, etc.","There is a well-maintained README, and the majority of the functions in https://github.com/kwotsin/mimicry/blob/master/torch_mimicry/modules/layers.py and https://github.com/kwotsin/mimicry/blob/master/torch_mimicry/modules/losses.py have appropriate docstrings",https://github.com/kundajelab/deeplift/graphs/commit-activity shows there has been only 1 commit in the past month,"The project maintainers respond to issues, as evidenced by https://github.com/kwotsin/mimicry/issues/19 and https://github.com/kwotsin/mimicry/issues/14",https://github.com/kwotsin/mimicry/blob/master/LICENSE,There are many files related to testing,2022-08-07
l3p-cv/lost,Y,572,2908,15154,The source code of this project has been organised into different modules in a way that shows the relationship between different files.,https://github.com/l3p-cv/lost/graphs/contributors shows that there are multiple contributors,CI is not used on the project,"There is a well-maintained README, and the majority of the functions in https://github.com/l3p-cv/lost/blob/master/backend/lost/pyapi/script.py and https://github.com/l3p-cv/lost/blob/master/backend/lost/logic/label.py have appropriate docstrings",https://github.com/l3p-cv/lost/graphs/commit-activity shows there has been activities in the past few months consistently,"The project maintainers respond to issues, as evidenced by https://github.com/l3p-cv/lost/issues/74 and https://github.com/l3p-cv/lost/issues/58",https://github.com/l3p-cv/lost/blob/master/LICENSE,There are many files related to testing,2025-09-24
lab-ml/labml,Y,2232,2362,16420,The source code of this project has been organised into different modules in a way that shows the relationship between different files.,https://github.com/lab-ml/labml/graphs/contributors shows that there are multiple contributors but mainly 1,CI is not used on the project,"There is a well-maintained README, but only some of the functions in scripts like https://github.com/lab-ml/labml/blob/master/labml/experiment.py and https://github.com/lab-ml/labml/blob/master/labml/logger.py have appropriate docstrings",https://github.com/lab-ml/labml/graphs/commit-activity shows there has been activities in the past few months consistently,"The project maintainers respond to issues, as evidenced by https://github.com/lab-ml/labml/issues/38 and https://github.com/lab-ml/labml/issues/28",https://github.com/lab-ml/labml/blob/master/license,There are many files related to testing,2025-04-10
learnables/cherry,Y,199,415,11180,The source code of this project has been organised into different modules in a way that shows the relationship between different files.,https://github.com/learnables/cherry/graphs/contributors shows that there are multiple contributors but mainly 1,"The project uses various CI services to compute code coverage, check stylistic violations, etc.","There is a well-maintained README, and the majority of the functions in https://github.com/learnables/cherry/blob/master/cherry/models/robotics.py and https://github.com/learnables/cherry/blob/master/cherry/models/tabular.py and https://github.com/learnables/cherry/blob/master/cherry/models/utils.py have appropriate docstrings",https://github.com/learnables/cherry/graphs/commit-activity shows there has been only 1 commit in the past month,"The project maintainers respond to issues, as evidenced by https://github.com/learnables/cherry/issues/33 and https://github.com/learnables/cherry/issues/22",https://github.com/learnables/cherry/blob/master/LICENSE,There are many files related to testing,2025-06-22
learnables/learn2learn,Y,2838,357,13400,The source code of this project has been organised into different modules in a way that shows the relationship between different files.,https://github.com/learnables/learn2learn/graphs/contributors shows that there are multiple contributors but mainly 2,"The project uses various CI services to compute code coverage, check stylistic violations, etc.","There is a well-maintained README, and the majority of the functions inhttps://github.com/learnables/learn2learn/blob/master/learn2learn/optim/learnable_optimizer.py and https://github.com/learnables/learn2learn/blob/master/learn2learn/optim/parameter_update.py and https://github.com/learnables/learn2learn/blob/master/learn2learn/utils.py have appropriate docstrings",https://github.com/learnables/cherry/graphs/commit-activity shows there has been only 1 commit in the past month,"The project maintainers respond to issues, as evidenced by https://github.com/learnables/learn2learn/issues/157 and https://github.com/learnables/learn2learn/issues/154",https://github.com/learnables/learn2learn/blob/master/LICENSE,There are many files related to testing,2023-07-03
leela-zero/leela-zero,Y,5523,843,4587,The source code of this project has been organised into different modules in a way that shows the relationship between different files.,https://github.com/leela-zero/leela-zero/graphs/contributors shows that there are multiple contributors,"The project uses various CI services to compute code coverage, check stylistic violations, etc.",There is a well-maintained README but most of the functions in the source code are not documented.,https://github.com/leela-zero/leela-zero/graphs/commit-activity shows there has been only 1 commit in the past month,"The project maintainers respond to issues, as evidenced by https://github.com/leela-zero/leela-zero/issues/2605 and https://github.com/leela-zero/leela-zero/issues/2599",The license is provided as part of the source code,There are many files related to testing,2023-02-06
LiberAI/NSpM,Y,222,177,4640,The source code of this project has been organised into different modules in a way that shows the relationship between different files.,https://github.com/tensorflow/nmt/graphs/contributors shows that there are multiple contributors,CI is not used on the project.,There is a well-maintained documentation,No evidence of sustained commit activity,The maintainers of the project does not reply to issues or close them.,https://github.com/LiberAI/NSpM/blob/master/LICENSE is provided.,There are files related to testing but everywhere,2022-01-29
limbo018/DREAMPlace,Y,866,787,14304,The source code of this project has been organised into different modules in a way that shows the relationship between different files.,https://github.com/limbo018/DREAMPlace/graphs/contributors shows that there are multiple contributors,"The project uses various CI services to compute code coverage, check stylistic violations, etc.","There is a well-maintained README, and the majority of the functions in https://github.com/limbo018/DREAMPlace/blob/master/dreamplace/BasicPlace.py and https://github.com/limbo018/DREAMPlace/blob/master/dreamplace/Params.py and https://github.com/limbo018/DREAMPlace/blob/master/dreamplace/EvalMetrics.py have appropriate docstrings",https://github.com/limbo018/DREAMPlace/graphs/commit-activity shows there has been activities in the past few months consistently,"The project maintainers respond to issues, as evidenced by https://github.com/limbo018/DREAMPlace/issues/24 and https://github.com/limbo018/DREAMPlace/issues/23",https://github.com/limbo018/DREAMPlace/blob/master/LICENSE,There are many files related to testing,2025-09-27
LoSealL/VideoSuperResolution,Y,1663,456,17887,The source code of this project has been organised into different modules in a way that shows the relationship between different files.,https://github.com/LoSealL/VideoSuperResolution/graphs/contributors shows that there are multiple contributors but mainly 1 person,The project uses Travis CI and azure pipeline,There is a well-maintained documentation,No evidence of sustained commit activity,"The project author respond to issues, as evidenced by https://github.com/LoSealL/VideoSuperResolution/issues/112 and https://github.com/LoSealL/VideoSuperResolution/issues/100",https://github.com/LoSealL/VideoSuperResolution/blob/master/LICENSE is provided.,There are many files related to testing.,2020-07-29
loujie0822/DeepIE,N,1948,259,23934,The source code of this project has been organised into different modules in a way that shows the relationship between different files.,There are no contributors to the project other than the author,CI is not used on the project,There is a well-maintained README but Most of the functions in the source code are not documented.,https://github.com/loujie0822/DeepIE/graphs/commit-activity shows there has been 1 commits in the past month,"The project maintainers respond to issues, as evidenced by https://github.com/loujie0822/DeepIE/issues/46 and https://github.com/loujie0822/DeepIE/issues/27",No license,there is no evidence of any testing done on the project.,2021-03-01
LPDI-EPFL/masif,N,688,440,8859,The source code of this project has been organised into different modules in a way that shows the relationship between different files.,https://github.com/LPDI-EPFL/masif/graphs/contributors shows that there are multiple contributors but mainly 1 person,CI is not used on the project.,There is a well-maintained documentation,No evidence of sustained commit activity,"The project author respond to issues, as evidenced by https://github.com/LPDI-EPFL/masif/issues/10 and https://github.com/LPDI-EPFL/masif/issues/7",https://github.com/LPDI-EPFL/masif/blob/master/LICENSE is provided.,There are files related to testing but everywhere,2021-03-11
lsds/KungFu,Y,298,384,7566,The source code of this project has been organised into different modules in a way that shows the relationship between different files.,https://github.com/lsds/KungFu/graphs/contributors shows that there are multiple contributors,"The project uses various CI services to compute code coverage, check stylistic violations, etc.",There is a well-maintained README but Most of the functions in the source code are not documented.,https://github.com/lsds/KungFu/graphs/commit-activity shows there has been activities in the past few months consistently,"The project maintainers respond to issues, as evidenced byhttps://github.com/lsds/KungFu/issues/304 and https://github.com/loujie0822/DeepIE/issues/27",https://github.com/lsds/KungFu/blob/master/LICENSE,There are many files related to testing,2024-02-23
lucidrains/reformer-pytorch,Y,2181,249,1340,The source code of this project has been organised into different modules in a way that shows the relationship between different files.,https://github.com/lucidrains/reformer-pytorch/graphs/contributors shows that there are multiple contributors,CI is not used on the project,There is a well-maintained README but Most of the functions in the source code are not documented.,https://github.com/lsds/KungFu/graphs/commit-activity shows there has been activities in the past few months consistently,"The project maintainers respond to issues, as evidenced by https://github.com/lucidrains/reformer-pytorch/issues/107 and https://github.com/lucidrains/reformer-pytorch/issues/106",https://github.com/lucidrains/reformer-pytorch/blob/master/LICENSE,there is no evidence of any testing done on the project.,2023-06-21
lufficc/SSD,N,1577,141,2807,The source code of the project exists as ad-hoc scripts.,https://github.com/lufficc/SSD/graphs/contributors shows that there are multiple contributors,CI is not used on the project,There is a well-maintained README but Most of the functions in the source code are not documented.,https://github.com/lsds/KungFu/graphs/commit-activity shows there has been no activities in the past month,"The project maintainers respond to issues, as evidenced byhttps://github.com/lufficc/SSD/issues/150 and https://github.com/lufficc/SSD/issues/149",No license,One test file,2020-11-13
lukas/ml-class,N,2488,643,9119,The source code of this project has been organised into different modules in a way that shows the relationship between different files.,https://github.com/lukas/ml-class/graphs/contributors shows that there are multiple contributors.,CI is not used on the project,There is a well-maintained README but Most of the functions in the source code are not documented.,https://github.com/lukas/ml-class/graphs/commit-activity shows there has been activities in the past without no activities in the past month,"The project maintainers respond to issues, as evidenced by https://github.com/lukas/ml-class/issues/48 and https://github.com/lukas/ml-class/issues/40",No license,there is no evidence of any testing done on the project.,2020-11-20
lukemelas/EfficientNet-PyTorch,Y,8158,162,2617,The source code of this project has been organised into different modules in a way that shows the relationship between different files.,https://github.com/lukemelas/EfficientNet-PyTorch/graphs/contributors shows that there are multiple contributors,CI is not used on the project,"There is a well-maintained README, and the majority of the functions in https://github.com/lukemelas/EfficientNet-PyTorch/blob/master/tf_to_pytorch/convert_tf_to_pt/load_tf_weights.py and https://github.com/lukemelas/EfficientNet-PyTorch/blob/master/efficientnet_pytorch/model.py and https://github.com/lukemelas/EfficientNet-PyTorch/blob/master/efficientnet_pytorch/utils.py have appropriate docstrings",https://github.com/l3p-cv/lost/graphs/commit-activity shows there has been activities in the past few months with 3 commits in the past month,"The project maintainers respond to issues, as evidenced by https://github.com/lukemelas/EfficientNet-PyTorch/issues/195 and https://github.com/lukemelas/EfficientNet-PyTorch/issues/190",https://github.com/lukemelas/EfficientNet-PyTorch/blob/master/LICENSE,One test file,2021-04-15
lululxvi/deepxde,Y,3502,1249,15334,The source code of this project has been organised into different modules in a way that shows the relationship between different files.,https://github.com/lululxvi/deepxde/graphs/contributors shows that there are only 2 contributors,"The project uses various CI services to compute code coverage, check stylistic violations, etc.","There is a well-maintained README, and the majority of the functions in https://github.com/lululxvi/deepxde/blob/master/deepxde/fractional.py and https://github.com/lululxvi/deepxde/blob/master/deepxde/boundary_conditions.py have appropriate docstrings",https://github.com/lululxvi/deepxde/graphs/commit-activity shows there has been activities in the past few months consistently,"The project maintainers respond to issues, as evidenced by https://github.com/lululxvi/deepxde/issues/78 and https://github.com/lululxvi/deepxde/issues/75",https://github.com/lululxvi/deepxde/blob/master/LICENSE,there is no evidence of any testing done on the project.,2025-09-24
Lyken17/pytorch-OpCounter,N,5049,190,1248,The source code of the project exists as ad-hoc scripts.,https://github.com/Lyken17/pytorch-OpCounter/graphs/contributors shows that there are multiple contributors but mainly 1 person,CI is not used on the project.,Most of the functions in the source code are not documented.,No evidence of sustained commit activity,"The project author respond to issues, as evidenced by https://github.com/Lyken17/pytorch-OpCounter/issues/57 and https://github.com/Lyken17/pytorch-OpCounter/issues/71",https://github.com/Lyken17/pytorch-OpCounter/blob/master/LICENSE is provided.,There is no evidence of any testing done on the project.,2022-09-07
machine-learning-apps/Issue-Label-Bot,Y,330,172,1000,The source code of this project has been organised into different modules in a way that shows the relationship between different files.,https://github.com/machine-learning-apps/Issue-Label-Bot/graphs/contributors shows there are multiple contributors,CI is not used on the project,"There is a well-maintained README, and the majority of the functions in https://github.com/lululxvi/deepxde/blob/master/deepxde/fractional.py and https://github.com/lululxvi/deepxde/blob/master/deepxde/boundary_conditions.py have appropriate docstrings",https://github.com/machine-learning-apps/Issue-Label-Bot/graphs/commit-activity shows there are some activities in the past without no activies in the past month,"The project maintainers respond to issues, as evidenced by https://github.com/machine-learning-apps/Issue-Label-Bot/issues/74 and https://github.com/machine-learning-apps/Issue-Label-Bot/issues/73",https://github.com/machine-learning-apps/Issue-Label-Bot/blob/master/LICENSE,There are many files related to testing,2021-04-23
maelfabien/Multimodal-Emotion-Recognition,N,1018,357,2588,The source code of this project has been organised into different modules in a way that shows the relationship between different files.,https://github.com/lululxvi/deepxde/graphs/contributors shows that there are only 3 contributors,CI is not used on the project,"There is a well-maintained README, and the majority of the functions in https://github.com/maelfabien/Multimodal-Emotion-Recognition/blob/master/04-WebApp/library/text_emotion_recognition.py and https://github.com/maelfabien/Multimodal-Emotion-Recognition/blob/master/04-WebApp/library/text_preprocessor.py have appropriate docstrings",https://github.com/maelfabien/Multimodal-Emotion-Recognition/graphs/commit-activity shows very few activities in the past,The author of the project does not reply to issues or close them.,https://github.com/maelfabien/Multimodal-Emotion-Recognition/blob/master/LICENSE,there is no evidence of any testing done on the project.,2020-09-07
magenta/ddsp,Y,3115,472,9882,The source code of this project has been organised into different modules in a way that shows the relationship between different files.,https://github.com/magenta/ddsp/graphs/contributors shows there are multiple contributors,CI is not used on the project,"There is a well-maintained README, and the majority of the functions in https://github.com/magenta/ddsp/blob/master/ddsp/effects.py and https://github.com/magenta/ddsp/blob/master/ddsp/losses.py and https://github.com/magenta/ddsp/blob/master/ddsp/processors.py have appropriate docstrings",https://github.com/magenta/ddsp/graphs/commit-activity shows there have been activities in the past few months,"The project maintainers respond to issues, as evidenced by https://github.com/magenta/ddsp/issues/147 and https://github.com/magenta/ddsp/issues/145",https://github.com/magenta/ddsp/blob/master/LICENSE,There are many files related to testing,2024-09-23
magenta/magenta,Y,19667,1425,44690,The source code of this project has been organised into different modules in a way that shows the relationship between different files.,https://github.com/magenta/magenta/graphs/contributors shows there are multiple contributors,"The project uses various CI services to compute code coverage, check stylistic violations, etc.","There is a well-maintained README, and the majority of the functions in https://github.com/magenta/magenta/blob/master/magenta/models/melody_rnn/melody_rnn_config_flags.py and https://github.com/magenta/magenta/blob/master/magenta/models/melody_rnn/melody_rnn_pipeline.py and https://github.com/magenta/magenta/blob/master/magenta/models/nsynth/reader.py have appropriate docstrings",https://github.com/magenta/magenta/graphs/commit-activity shows there have been activities in the past few months consistently,"The project maintainers respond to issues, as evidenced by https://github.com/magenta/magenta/issues/1759 and https://github.com/magenta/magenta/issues/1757",https://github.com/magenta/magenta/blob/master/LICENSE,there is no evidence of any testing done on the project.,2025-07-08
MAIF/melusine,Y,360,806,7613,The source code of this project has been organised into different modules in a way that shows the relationship between different files.,https://github.com/MAIF/melusine/graphs/contributors shows that there are multiple contributors,The project uses Travis CI,There is a well-maintained documentation,Little evidence of sustained commit activity,"The project maintainers respond to issues, as evidenced by https://github.com/MAIF/melusine/issues/1 and https://github.com/MAIF/melusine/issues/5 however there are only 4 issues raised in total",https://github.com/MAIF/melusine/blob/master/LICENSE is provided.,There are many files related to testing.,2025-01-23
malllabiisc/RESIDE,N,248,108,2483,The source code of the project exists as ad-hoc scripts.,https://github.com/malllabiisc/RESIDE/graphs/contributors shows that there are multiple contributors but mainly 1,CI is not used on the project,"There is a well-maintained README, and the majority of the functions in https://github.com/malllabiisc/RESIDE/blob/master/pcnnatt.py and https://github.com/malllabiisc/RESIDE/blob/master/cnnatt.py and https://github.com/malllabiisc/RESIDE/blob/master/helper.py have appropriate docstrings",https://github.com/malllabiisc/RESIDE/graphs/commit-activity shows there have been some activities in the past few months,"The project maintainers respond to issues, as evidenced by https://github.com/malllabiisc/RESIDE/pull/48 and https://github.com/malllabiisc/RESIDE/pull/47",https://github.com/malllabiisc/RESIDE/blob/master/LICENSE,there is no evidence of any testing done on the project.,2020-10-07
mangaki/mangaki,Y,139,1093,11308,The source code of this project has been organised into different modules in a way that shows the relationship between different files.,https://github.com/mangaki/mangaki/graphs/contributors shows that there are multiple contributors but mainly 1,"The project uses various CI services to compute code coverage, check stylistic violations, etc.","There is a well-maintained README, and the majority of the functions in https://github.com/mangaki/mangaki/blob/master/mangaki/mangaki/models.py and https://github.com/mangaki/mangaki/blob/master/mangaki/mangaki/settings.py and https://github.com/mangaki/mangaki/blob/master/mangaki/mangaki/views.py have appropriate docstrings",https://github.com/mangaki/mangaki/graphs/commit-activity shows there have been a few activities in the past few months,"The project maintainers respond to issues, as evidenced by https://github.com/mangaki/mangaki/issues/680 and https://github.com/mangaki/mangaki/issues/672",https://github.com/mangaki/mangaki/blob/master/LICENSE,There are many files related to testing,2022-10-30
mapbox/robosat,Y,2050,148,1863,The source code of this project has been organised into different modules in a way that shows the relationship between different files.,https://github.com/mapbox/robosat/graphs/contributors shows that there are multiple contributors but mainly 2,"The project uses various CI services to compute code coverage, check stylistic violations, etc.","There is a well-maintained README, and the majority of the functions in https://github.com/mapbox/robosat/blob/master/robosat/features/parking.py and https://github.com/mapbox/robosat/blob/master/robosat/losses.py and https://github.com/mapbox/robosat/blob/master/robosat/metrics.py have appropriate docstrings",https://github.com/mapbox/robosat/graphs/commit-activity shows there have been very few activities in the past few months,"The project maintainers respond to issues, as evidenced by https://github.com/mapbox/robosat/issues/207 and https://github.com/mapbox/robosat/issues/206",https://github.com/mapbox/robosat/blob/master/LICENSE,There are many files related to testing,2020-08-27
MarcSkovMadsen/awesome-streamlit,Y,2206,475,7288,The source code of this project has been organised into different modules in a way that shows the relationship between different files.,https://github.com/MarcSkovMadsen/awesome-streamlit/graphs/contributors shows that there are multiple contributors,The project uses Azure Pipeline for CI,There is a well-maintained documentation,No evidence of sustained commit activity,"The project maintainers respond to issues, as evidenced by https://github.com/MarcSkovMadsen/awesome-streamlit/issues/15 and https://github.com/MarcSkovMadsen/awesome-streamlit/issues/13 but not often",https://github.com/MarcSkovMadsen/awesome-streamlit/blob/master/license.md is provided.,There are files related to testing.,2022-08-28
MarkUsProject/Markus,Y,267,16658,1705,The source code of this project has been organised into different modules in a way that shows the relationship between different files.,https://github.com/MarkUsProject/Markus/graphs/contributors shows that there are multiple contributors,The project uses Travis CI,There is a well-maintained documentation,Evidence of sustained commit activity,"The project maintainers respond to issues, as evidenced by https://github.com/MarkUsProject/Markus/issues/4710 and https://github.com/MarkUsProject/Markus/issues/4473",https://github.com/MarkUsProject/Markus/blob/master/LICENSE is provided.,There are many files related to testing but its everywhere,2025-09-27
masa-su/pixyz,Y,499,901,5683,The source code of this project has been organised into different modules in a way that shows the relationship between different files.,https://github.com/masa-su/pixyz/graphs/contributors shows that there are multiple contributors but mainly 1,"The project uses various CI services to compute code coverage, check stylistic violations, etc.","There is a well-maintained README, and the majority of the functions in https://github.com/masa-su/pixyz/blob/master/pixyz/utils.py and https://github.com/masa-su/pixyz/blob/master/pixyz/layers/resnet.py and https://github.com/masa-su/pixyz/blob/master/pixyz/losses/elbo.py have appropriate docstrings",https://github.com/masa-su/pixyz/graphs/commit-activity shows that there have been activities in the past few months,"The project maintainers respond to issues, as evidenced by https://github.com/masa-su/pixyz/issues/111 and https://github.com/masa-su/pixyz/issues/101",https://github.com/masa-su/pixyz/blob/master/LICENSE,there is no evidence of any testing done on the project.,2025-09-22
materialsvirtuallab/megnet,Y,539,1146,4262,The source code of this project has been organised into different modules in a way that shows the relationship between different files.,https://github.com/materialsvirtuallab/megnet/graphs/contributors shows that there are multiple contributors but mainly 2,"The project uses various CI services to compute code coverage, check stylistic violations, etc.","There is a well-maintained README, and the majority of the functions in https://github.com/materialsvirtuallab/megnet/blob/master/megnet/callbacks.py and https://github.com/materialsvirtuallab/megnet/blob/master/megnet/activations.py and https://github.com/materialsvirtuallab/megnet/blob/master/megnet/models/megnet.py have appropriate docstrings",https://github.com/materialsvirtuallab/megnet/graphs/commit-activity shows there have been significant amount of activities in the past few months,"The project maintainers respond to issues, as evidenced by https://github.com/materialsvirtuallab/megnet/issues/125 and https://github.com/materialsvirtuallab/megnet/issues/124",https://github.com/materialsvirtuallab/megnet/blob/master/LICENSE.md,There are many files related to testing,2023-04-27
MaybeShewill-CV/CRNN_Tensorflow,Y,1037,283,2603,The source code of this project has been organised into different modules in a way that shows the relationship between different files.,https://github.com/MaybeShewill-CV/CRNN_Tensorflow/graphs/contributors shows that there are multiple contributors,CI is not used on the project.,There is a well-maintained documentation,No evidence of sustained commit activity,"The project maintainers respond to issues, as evidenced by https://github.com/MaybeShewill-CV/CRNN_Tensorflow/issues/402 and https://github.com/MaybeShewill-CV/CRNN_Tensorflow/issues/391",https://github.com/MaybeShewill-CV/CRNN_Tensorflow/blob/master/LICENSE is provided.,There is no evidence of any testing done on the project.,2023-05-09
MaybeShewill-CV/lanenet-lane-detection,Y,2499,194,3504,The source code of this project has been organised into different modules in a way that shows the relationship between different files.,https://github.com/MaybeShewill-CV/lanenet-lane-detection/graphs/contributors shows that there are multiple contributors but mainly 1,CI is not used on the project.,There is a well-maintained documentation,No evidence of sustained commit activity,"The project maintainers respond to issues, as evidenced by https://github.com/MaybeShewill-CV/lanenet-lane-detection/issues/419 and https://github.com/MaybeShewill-CV/lanenet-lane-detection/issues/410",https://github.com/MaybeShewill-CV/lanenet-lane-detection/blob/master/LICENSE is provided.,There are files related to testing.,2023-05-11
mdeff/fma,N,2474,205,545,The source code of the project exists as ad-hoc scripts.,There are no contributors to the project other than the author,CI is not used on the project,There is a well-maintained README but most of the functions in the source code are not documented.,https://github.com/mdeff/fma/graphs/commit-activity shows there have been very few activities in the past few months,"The project maintainers respond to issues, as evidenced by https://github.com/mdeff/fma/issues/40 and https://github.com/mdeff/fma/issues/39",https://github.com/mdeff/fma/blob/master/LICENSE.txt,there is no evidence of any testing done on the project.,2021-09-07
medipixel/rl_algorithms,Y,514,184,9388,The source code of this project has been organised into different modules in a way that shows the relationship between different files.,https://github.com/medipixel/rl_algorithms/graphs/contributors shows that there are multiple contributors but mainly 2,"The project uses various CI services to compute code coverage, check stylistic violations, etc.","There is a well-maintained README, and the majority of the functions in https://github.com/medipixel/rl_algorithms/blob/master/rl_algorithms/td3/agent.py and https://github.com/medipixel/rl_algorithms/blob/master/rl_algorithms/recurrent/learner.py and https://github.com/medipixel/rl_algorithms/blob/master/rl_algorithms/ppo/agent.py have appropriate docstrings",https://github.com/medipixel/rl_algorithms/graphs/commit-activity shows there have been activities in the past few months,"The project maintainers respond to issues, as evidenced by https://github.com/medipixel/rl_algorithms/issues/254 and https://github.com/medipixel/rl_algorithms/issues/251",https://github.com/medipixel/rl_algorithms/blob/master/LICENSE.md,There are many files related to testing,2022-09-15
MegviiDetection/video_analyst,Y,854,771,17687,The source code of this project has been organised into different modules in a way that shows the relationship between different files.,https://github.com/MegviiDetection/video_analyst/graphs/contributors shows that there are multiple contributors,The project uses Travis CI,There is a well-maintained documentation,Evidence of sustained commit activity,"The project maintainers respond to issues, as evidenced by https://github.com/MegviiDetection/video_analyst/issues/112 and https://github.com/MegviiDetection/video_analyst/issues/90",https://github.com/MegviiDetection/video_analyst/blob/master/LICENSE is provided.,There are files related to testing but everywhere,2022-03-15
mesutpiskin/computer-vision-guide,N,415,103,963,The source code of this project has been organised into different modules in a way that shows the relationship between different files.,There are no contributors to the project other than the author,CI is not used on the project,There is a well-maintained README but most of the functions in the source code are not documented.,https://github.com/mesutpiskin/computer-vision-guide/graphs/commit-activity shows that there have been very few activities in the past few months,"The project maintainers respond to issues, as evidenced by https://github.com/mesutpiskin/computer-vision-guide/issues/1",https://github.com/mesutpiskin/computer-vision-guide/blob/master/LICENSE.en-US.md,there is no evidence of any testing done on the project.,2020-07-17
MIC-DKFZ/nnUNet,Y,7341,1773,14017,The source code of this project has been organised into different modules in a way that shows the relationship between different files.,https://github.com/MIC-DKFZ/nnUNet/graphs/contributors shows that there are multiple contributors but mainly 1,CI is not used on the project.,There is a well-maintained documentation,Evidence of sustained commit activity but not last month,"The project maintainers respond to issues, as evidenced by https://github.com/MIC-DKFZ/nnUNet/issues/239 and https://github.com/MIC-DKFZ/nnUNet/issues/212",https://github.com/MIC-DKFZ/nnUNet/blob/master/LICENSE is provided.,Only managed to find 1 file related to testing,2025-08-15
MIC-DKFZ/trixi,Y,223,640,5915,The source code of this project has been organised into different modules in a way that shows the relationship between different files.,https://github.com/MIC-DKFZ/trixi/graphs/contributors shows that there are multiple contributors,The project uses Travis CI,There is a well-maintained documentation,No evidence of sustained commit activity,"The project maintainers respond to issues, as evidenced by https://github.com/MIC-DKFZ/trixi/issues/26 and https://github.com/MIC-DKFZ/trixi/issues/22",https://github.com/MIC-DKFZ/trixi/blob/develop/LICENSE is provided.,There are many files related to testing.,2021-01-13
michaelhush/M-LOOP,Y,167,655,4607,The source code of this project has been organised into different modules in a way that shows the relationship between different files.,https://github.com/michaelhush/M-LOOP/graphs/contributors shows that there are multiple contributors,"The project uses various CI services to compute code coverage, check stylistic violations, etc.","There is a well-maintained README, and the majority of the functions in https://github.com/michaelhush/M-LOOP/blob/master/mloop/interfaces.py and https://github.com/michaelhush/M-LOOP/blob/master/mloop/controllers.py and https://github.com/michaelhush/M-LOOP/blob/master/mloop/neuralnet.py have appropriate docstrings",https://github.com/michaelhush/M-LOOP/graphs/commit-activity shows that there have been activities in the past month,"The project maintainers respond to issues, as evidenced by https://github.com/michaelhush/M-LOOP/issues/40 and https://github.com/michaelhush/M-LOOP/issues/38",https://github.com/michaelhush/M-LOOP/blob/master/LICENSE.txt,There are many files related to testing,2025-09-16
microsoft/AdaptiveCards,Y,1879,3829,0,The source code of this project has been organised into different modules in a way that shows the relationship between different files.,https://github.com/microsoft/AdaptiveCards/graphs/contributors shows that there are multiple contributors,CI is not used on the project,There is a well-maintained README but most of the functions in the source code are not documented.,https://github.com/microsoft/AdaptiveCards/graphs/commit-activity shows that there have been a siginificant amount of activities in the past few months consistently,"The project maintainers respond to issues, as evidenced by https://github.com/microsoft/AdaptiveCards/issues/4311 and https://github.com/microsoft/AdaptiveCards/issues/4301",https://github.com/microsoft/AdaptiveCards/blob/main/LICENSE,there is no evidence of any testing done on the project.,2025-08-08
microsoft/ai-edu,N,13977,694,31803,The source code of this project has been organised into different modules in a way that shows the relationship between different files,https://github.com/microsoft/ai-edu/graphs/contributors shows that there are multiple contributors,CI is not used on the project,There is a well-maintained README but most of the functions in the source code are not documented.,https://github.com/microsoft/ai-edu/graphs/commit-activity shows that there have been activities in the past few months consistently,"The project maintainers respond to issues, as evidenced by https://github.com/microsoft/ai-edu/issues/501 and https://github.com/microsoft/ai-edu/issues/487",https://github.com/microsoft/ai-edu/blob/master/LICENSE.md,there is no evidence of any testing done on the project.,2024-05-16
microsoft/botbuilder-python,Y,764,1826,47236,The source code of this project has been organised into different modules in a way that shows the relationship between different files,https://github.com/microsoft/botbuilder-python/graphs/contributors shows that there are multiple contributors,"The project uses various CI services to compute code coverage, check stylistic violations, etc.","There is a well-maintained README, and the majority of the functions in https://github.com/microsoft/botbuilder-python/blob/master/libraries/botbuilder-ai/botbuilder/ai/luis/luis_recognizer.py and https://github.com/microsoft/botbuilder-python/blob/master/libraries/botbuilder-applicationinsights/botbuilder/applicationinsights/application_insights_telemetry_client.py and https://github.com/microsoft/botbuilder-python/blob/master/libraries/botbuilder-core/botbuilder/core/activity_handler.py have appropriate docstrings",https://github.com/microsoft/botbuilder-python/graphs/commit-activity shows that there have been activities in the past few months consistently,"The project maintainers respond to issues, as evidenced by https://github.com/microsoft/botbuilder-python/issues/1236 and https://github.com/microsoft/botbuilder-python/issues/1235",https://github.com/microsoft/botbuilder-python/blob/master/LICENSE,There are many files related to testing,2025-05-28
microsoft/DeepSpeed,Y,40233,2931,96442,The source code of this project has been organised into different modules in a way that shows the relationship between different files with ad hoc scripts,https://github.com/microsoft/DeepSpeed/graphs/contributors shows there are multiple contributors,"The project uses various CI services to compute code coverage, check stylistic violations, etc.",There is a well-maintained README but most of the functions in the source code are not documented.,https://github.com/microsoft/DeepSpeed/graphs/commit-activity shows there have been activities in the past few months,"The project maintainers respond to issues, as evidenced by https://github.com/microsoft/DeepSpeed/issues/279 and https://github.com/microsoft/DeepSpeed/issues/274",https://github.com/microsoft/DeepSpeed/blob/master/LICENSE,There are many files related to testing,2025-09-27
microsoft/EdgeML,Y,1641,890,28556,The source code of this project has been organised into different modules in a way that shows the relationship between different files,https://github.com/microsoft/EdgeML/graphs/contributors shows there are multiple contributors,CI is not used on the project,"There is a well-maintained README, and the majority of the functions in https://github.com/microsoft/EdgeML/blob/master/pytorch/edgeml_pytorch/trainer/fastTrainer.py and https://github.com/microsoft/EdgeML/blob/master/tf/edgeml_tf/trainer/emirnnTrainer.py and https://github.com/microsoft/EdgeML/blob/master/tf/edgeml_tf/trainer/protoNNTrainer.py have appropriate docstrings",https://github.com/microsoft/EdgeML/graphs/commit-activity shows there have been activities in the past few months,"The project maintainers respond to issues, as evidenced by https://github.com/microsoft/EdgeML/issues/185 and https://github.com/microsoft/EdgeML/issues/184",https://github.com/microsoft/EdgeML/blob/master/License.txt,there is no evidence of any testing done on the project.,2022-11-28
microsoft/hummingbird,Y,3481,481,14949,The source code of this project has been organised into different modules in a way that shows the relationship between different files,https://github.com/microsoft/hummingbird/graphs/contributors shows that there are multiple contributors,"The project uses various CI services to compute code coverage, check stylistic violations, etc.","There is a well-maintained README, and the majority of the functions in https://github.com/microsoft/hummingbird/blob/master/hummingbird/ml/convert.py and https://github.com/microsoft/hummingbird/blob/master/hummingbird/ml/operator_converters/skl_decision_tree.py and https://github.com/microsoft/hummingbird/blob/master/hummingbird/ml/ir_converters/topology.py have appropriate docstrings",https://github.com/microsoft/hummingbird/graphs/commit-activity shows that there have been few activities in the past few months with some activities in the last month.,"The project maintainers respond to issues, as evidenced by https://github.com/microsoft/hummingbird/issues/184 and https://github.com/microsoft/hummingbird/issues/181",https://github.com/microsoft/hummingbird/blob/master/LICENSE,There are many files related to testing,2025-07-17
microsoft/MMdnn,Y,5813,1085,27846,The source code of this project has been organised into different modules in a way that shows the relationship between different files,https://github.com/microsoft/MMdnn/graphs/contributors shows there are multiple contributors,"The project uses various CI services to compute code coverage, check stylistic violations, etc.","There is a well-maintained README, and the some of the functions in https://github.com/microsoft/MMdnn/blob/master/mmdnn/conversion/keras/extra_layers.py and https://github.com/microsoft/MMdnn/blob/master/mmdnn/conversion/paddle/paddle_parser.py have appropriate docstrings",https://github.com/microsoft/MMdnn/graphs/commit-activity shows there have been activities in the past few months,"The project maintainers respond to issues, as evidenced by https://github.com/microsoft/MMdnn/issues/856 and https://github.com/microsoft/MMdnn/issues/853",https://github.com/microsoft/MMdnn/blob/master/LICENSE,There are many files related to testing,2025-08-07
microsoft/nni,Y,14277,3012,88496,The source code of this project has been organised into different modules in a way that shows the relationship between different files,https://github.com/microsoft/nni/graphs/contributors show that there are multiple contributors,"The project uses various CI services to compute code coverage, check stylistic violations, etc.","There is a well-maintained README, and the some of the functions in https://github.com/microsoft/nni/blob/master/src/nni_manager/training_service/remote_machine/gpuScheduler.ts and https://github.com/microsoft/nni/blob/master/src/nni_manager/training_service/remote_machine/remoteMachineData.ts have appropriate docstrings",https://github.com/microsoft/nni/graphs/commit-activity show that there have been significant amount of activities in the past few months consistently,"The project maintainers respond to issues, as evidenced by https://github.com/microsoft/nni/issues/2624 and https://github.com/microsoft/nni/issues/2613",https://github.com/microsoft/nni/blob/master/LICENSE,There are many files related to testing,2023-10-26
microsoft/tf2-gnn,Y,375,223,4058,The source code of this project has been organised into different modules in a way that shows the relationship between different files with ad hoc scripts,https://github.com/microsoft/tf2-gnn/graphs/contributors show that there are 3 contributors,"The project uses various CI services to compute code coverage, check stylistic violations, etc.","There is a well-maintained README, and the majority of the functions in https://github.com/microsoft/tf2-gnn/blob/master/tf2_gnn/layers/gnn.py and https://github.com/microsoft/tf2-gnn/blob/master/tf2_gnn/models/graph_task_model.py and https://github.com/microsoft/tf2-gnn/blob/master/tf2_gnn/layers/nodes_to_graph_representation.py have appropriate docstrings",https://github.com/microsoft/tf2-gnn/graphs/commit-activity show that there have been significant amount of activities in the past few months consistently,The author of the project does not reply to issues or close them.,https://github.com/microsoft/tf2-gnn/blob/master/LICENSE,There are many files related to testing,2023-07-13
microsoft/Windows-Machine-Learning,Y,1097,1731,562,The source code of this project has been organised into different modules in a way that shows the relationship between different files,https://github.com/microsoft/Windows-Machine-Learning/graphs/contributors shows there are multiple contributors,"The project uses various CI services to compute code coverage, check stylistic violations, etc.",There is a well-maintained README but most of the functions in the source code are not documented.,https://github.com/microsoft/Windows-Machine-Learning/graphs/commit-activity shows there have been activities in the past few months,"The project maintainers respond to issues, as evidenced by https://github.com/microsoft/MMdnn/issues/856 and https://github.com/microsoft/MMdnn/issues/853",https://github.com/microsoft/Windows-Machine-Learning/blob/master/LICENSE,There are many files related to testing,2025-08-07
milvus-io/bootcamp,Y,2252,15,4440,The source code of this project has been organised into different modules in a way that shows the relationship between different files with ad hoc scripts,https://github.com/milvus-io/bootcamp/graphs/contributors shows that there are multiple contributors,CI is not used on the project,There is a well-maintained README but most of the functions in the source code are not documented.,https://github.com/milvus-io/bootcamp/graphs/commit-activity show that there have been activities in the past few months,"The project maintainers respond to issues, as evidenced by https://github.com/milvus-io/bootcamp/issues/245 and https://github.com/milvus-io/bootcamp/issues/229",https://github.com/milvus-io/bootcamp/blob/master/LICENSE,there is no evidence of any testing done on the project.,2025-08-25
mindsdb/mindsdb,Y,36195,19670,134139,The source code of this project has been organised into different modules in a way that shows the relationship between different files,https://github.com/mindsdb/mindsdb/graphs/contributors shows that there are multiple contributors but mainly 2,"The project uses various CI services to compute code coverage, check stylistic violations, etc.",There is a well-maintained README but most of the functions in the source code are not documented.,https://github.com/mindsdb/mindsdb/graphs/commit-activity shows that there have been some activities in the past months.,"The project maintainers respond to issues, as evidenced by https://github.com/mindsdb/mindsdb/issues/560 and https://github.com/mindsdb/mindsdb/issues/550",https://github.com/mindsdb/mindsdb/blob/stable/LICENSE,There are many files related to testing,2025-09-25
Mini-Conf/Mini-Conf,Y,539,141,522,The source code of this project has been organised into different modules in a way that shows the relationship between different files.,https://github.com/Mini-Conf/Mini-Conf/graphs/contributors shows that there are multiple contributors,The project uses Travis CI,There is a well-maintained documentation,Little evidence of sustained commit activity,"The project maintainers respond to issues, as evidenced by https://github.com/Mini-Conf/Mini-Conf/issues/61 and https://github.com/Mini-Conf/Mini-Conf/issues/59",https://github.com/Mini-Conf/Mini-Conf/blob/master/LICENSE is provided.,There is no evidence of any testing done on the project.,2023-07-19
MIPT-Oulu/solt,Y,265,443,4768,The source code of this project has been organised into different modules in a way that shows the relationship between different files.,https://github.com/MIPT-Oulu/solt/graphs/contributors shows that there are multiple contributors,The project uses Travis CI,There is a well-maintained documentation,No evidence of sustained commit activity,"The project maintainers respond to issues, as evidenced by https://github.com/MIPT-Oulu/solt/issues/73 and https://github.com/MIPT-Oulu/solt/issues/59 but not often",https://github.com/MIPT-Oulu/solt/blob/master/LICENSE is provided.,There are files related to testing.,2025-06-01
MisaOgura/flashtorch,Y,742,127,848,The source code of this project has been organised into different modules in a way that shows the relationship between different files.,https://github.com/MisaOgura/flashtorch/graphs/contributors shows that there are 2 contributors but 2nd only contributed 1 commits,The project uses Travis CI,There is a well-maintained documentation,No evidence of sustained commit activity,"The project maintainers respond to issues, as evidenced by https://github.com/MisaOgura/flashtorch/issues/23 and https://github.com/MisaOgura/flashtorch/issues/21",https://github.com/MisaOgura/flashtorch/blob/master/LICENSE is provided.,There are many files related to testing.,2023-09-21
MITK/MITK,Y,776,46189,55,The source code of this project has been organised into different modules in a way that shows the relationship between different files.,https://github.com/MITK/MITK/graphs/contributors shows that there are multiple contributors,The project uses CTest from CMake,There is a well-maintained documentation,Evidence of sustained commit activity,Issues tab disabled but maintainers do respond to pull requests,https://github.com/MITK/MITK/blob/master/LICENSE is provided.,There are many files related to testing.,2025-08-25
mittagessen/kraken,Y,888,2290,13974,The source code of this project has been organised into different modules in a way that shows the relationship between different files,https://github.com/mittagessen/kraken/graphs/contributors shows there are multiple contributors but mainly 1,"The project uses various CI services to compute code coverage, check stylistic violations, etc.","There is a well-maintained README, and the majority of the functions in https://github.com/mittagessen/kraken/blob/master/kraken/pageseg.py and https://github.com/mittagessen/kraken/blob/master/kraken/repo.py and https://github.com/mittagessen/kraken/blob/master/kraken/rpred.py have appropriate docstrings",https://github.com/mittagessen/kraken/graphs/commit-activity shows that there have been activties in the past few months consistently,"The project maintainers respond to issues, as evidenced by https://github.com/mittagessen/kraken/issues/214 and https://github.com/mittagessen/kraken/issues/209",https://github.com/mittagessen/kraken/blob/master/LICENSE,There are many files related to testing,2025-09-25
mlflow/mlflow,Y,22264,8857,320527,The source code of this project has been organised into different modules in a way that shows the relationship between different files with ad hoc scripts,https://github.com/mlflow/mlflow/graphs/contributors shows that there are multiple contributors,"The project uses various CI services to compute code coverage, check stylistic violations, etc.","There is a well-maintained README, and the majority of the functions in https://github.com/mlflow/mlflow/blob/master/mlflow/models/model.py and https://github.com/mlflow/mlflow/blob/master/mlflow/models/flavor_backend.py and https://github.com/mlflow/mlflow/blob/master/mlflow/tracking/fluent.py have appropriate docstrings",https://github.com/mlflow/mlflow/graphs/commit-activity show that there have been significant amount of activities in the past few months consistently,"The project maintainers respond to issues, as evidenced by https://github.com/mlflow/mlflow/issues/3053 and https://github.com/mlflow/mlflow/issues/3052",https://github.com/mlflow/mlflow/blob/master/LICENSE.txt,There are many files related to testing,2025-09-28
mljar/mljar-supervised,Y,3205,1239,19321,The source code of this project has been organised into different modules in a way that shows the relationship between different files with ad hoc scripts,There are no contributors to the project other than the author,"The project uses various CI services to compute code coverage, check stylistic violations, etc.",There is a well-maintained README but most of the functions in the source code are not documented.,https://github.com/mljar/mljar-supervised/graphs/commit-activity shows that there have been some activities in the past months.,"The project maintainers respond to issues, as evidenced by https://github.com/mljar/mljar-supervised/issues/110 and https://github.com/mljar/mljar-supervised/issues/109",https://github.com/mljar/mljar-supervised/blob/master/LICENSE,There are many files related to testing,2025-07-07
mlmed/torchxrayvision,Y,1062,414,6002,The source code of this project has been organised into different modules in a way that shows the relationship between different files with ad hoc scripts,https://github.com/mlmed/torchxrayvision/graphs/contributors shows there are multiple contributors but mainly 1,CI is not used on the project,There is a well-maintained README but most of the functions in the source code are not documented.,https://github.com/mlmed/torchxrayvision/graphs/commit-activity shows that there have been some activities in the past months.,"The project maintainers respond to issues, as evidenced by https://github.com/mlmed/torchxrayvision/issues/21 and https://github.com/mlmed/torchxrayvision/issues/13",https://github.com/mlmed/torchxrayvision/blob/master/LICENSE,One test file,2025-09-18
mlperf/inference,N,1467,1824,52082,The source code of the project exists as ad-hoc scripts.,https://github.com/mlperf/inference/graphs/contributors shows that there are multiple contributors,CI is not used on the project,There is a well-maintained README but most of the functions in the source code are not documented.,https://github.com/mlperf/inference/graphs/commit-activity shows that there have been some activities in the past months.,"The project maintainers respond to issues, as evidenced by https://github.com/mlperf/inference/issues/640 and https://github.com/mlperf/inference/issues/638",https://github.com/mlperf/inference/blob/master/LICENSE.md,There are many files related to testing,2025-09-24
mlperf/training,N,1715,379,78482,The source code of this project has been organised into different modules in a way that shows the relationship between different files with ad hoc scripts,https://github.com/mlperf/training/graphs/contributors shows that there are multiple contributors,CI is not used on the project,"There is a well-maintained README, and the majority of the functions in https://github.com/mlperf/training/blob/master/image_classification/tensorflow/official/resnet/imagenet_preprocessing.py and https://github.com/mlperf/training/blob/master/recommendation/pytorch/alias_generator.py and https://github.com/mlperf/training/blob/master/image_classification/tensorflow/official/resnet/resnet_model.py have appropriate docstrings",https://github.com/mlperf/training/graphs/commit-activity shows that there have been some activities in the past months.,"The project maintainers respond to issues, not so actively, as evidenced by https://github.com/mlperf/training/issues/382 and https://github.com/mlperf/training/issues/373",https://github.com/mlperf/training/blob/master/LICENSE.md,there is no evidence of any testing done on the project.,2025-09-22
mnicnc404/CartoonGan-tensorflow,N,929,343,1737,The source code of the project exists as ad-hoc scripts.,https://github.com/mnicnc404/CartoonGan-tensorflow/graphs/contributors shows there are 2 contributors only,CI is not used on the project,"There is a well-maintained README, and the majority of the functions in https://github.com/mlperf/training/blob/master/image_classification/tensorflow/official/resnet/imagenet_preprocessing.py and https://github.com/mlperf/training/blob/master/recommendation/pytorch/alias_generator.py and https://github.com/mlperf/training/blob/master/image_classification/tensorflow/official/resnet/resnet_model.py have appropriate docstrings",https://github.com/mnicnc404/CartoonGan-tensorflow/graphs/commit-activity shows that there are only 2 commits in the past.,"No longer maintained, there were issued closed like https://github.com/mnicnc404/CartoonGan-tensorflow/issues/36",https://github.com/mnicnc404/CartoonGan-tensorflow/blob/master/LICENSE,there is no evidence of any testing done on the project.,2021-10-17
modernmt/modernmt,Y,348,3406,6156,The source code of this project has been organised into different modules in a way that shows the relationship between different files with ad hoc scripts,https://github.com/modernmt/modernmt/graphs/contributors shows there are multiple contributors but mainly 1,CI is not used on the project,There is a well-maintained README but most of the functions in the source code are not documented.,https://github.com/modernmt/modernmt/graphs/commit-activity show that there have been significant amount of activities in the past few months consistently,"The project maintainers respond to issues, as evidenced by https://github.com/modernmt/modernmt/issues/547 and https://github.com/modernmt/modernmt/issues/546",https://github.com/modernmt/modernmt/blob/master/LICENSE,There are many files related to testing,2021-12-18
molecularsets/moses,Y,928,210,4587,The source code of this project has been organised into different modules in a way that shows the relationship between different files with ad hoc scripts,https://github.com/molecularsets/moses/graphs/contributors shows there are multiple contributors,"The project uses various CI services to compute code coverage, check stylistic violations, etc.",There is a well-maintained README but most of the functions in the source code are not documented.,https://github.com/molecularsets/moses/graphs/commit-activity shows that there have been few activities in the past months.,"The project maintainers respond to issues, as evidenced by https://github.com/molecularsets/moses/issues/71 and https://github.com/molecularsets/moses/issues/69",https://github.com/molecularsets/moses/blob/master/LICENSE,There are files related to testing,2023-06-22
mozilla/bugbug,Y,547,6468,28261,The source code of this project has been organised into different modules in a way that shows the relationship between different files,https://github.com/mozilla/bugbug/graphs/contributors shows there are multiple contributors but mainly 1,"The project uses various CI services to compute code coverage, check stylistic violations, etc.",There is a well-maintained README but most of the functions in the source code are not documented.,https://github.com/mozilla/bugbug/graphs/commit-activity shows that there have been activties in the past few months consistently,"The project maintainers respond to issues, not so actively, as evidenced by https://github.com/mozilla/bugbug/issues/1642 and https://github.com/mozilla/bugbug/issues/1641",https://github.com/mozilla/bugbug/blob/master/LICENSE,There are many files related to testing,2025-09-26
mozilla/DeepSpeech,Y,26614,3467,8842,The source code of this project has been organised into different modules in a way that shows the relationship between different files with ad hoc scripts,https://github.com/mozilla/DeepSpeech/graphs/contributors shows there are multiple contributors,"The project uses various CI services to compute code coverage, check stylistic violations, etc.",There is a README but someof the functions in the https://github.com/mozilla/DeepSpeech/blob/master/training/deepspeech_training/util/augmentations.py have docstrings,https://github.com/mozilla/DeepSpeech/graphs/commit-activity shows that there have been activties in the past few months consistently,"The project maintainers respond to issues, not so actively, as evidenced by https://github.com/mozilla/DeepSpeech/issues?q=is%3Aissue+author%3Atilmankamp and https://github.com/mozilla/DeepSpeech/issues/3143",https://github.com/mozilla/DeepSpeech/blob/master/LICENSE,There are files related to testing,2025-06-19
mozilla/fathom,Y,1971,1529,1790,The source code of this project has been organised into different modules in a way that shows the relationship between different files,https://github.com/mozilla/fathom/graphs/contributors shows there are multiple contributors,"The project uses various CI services to compute code coverage, check stylistic violations, etc.",There is a README but most of the functions in https://github.com/mozilla/fathom/blob/master/fathom_fox/src/evaluate.js and https://github.com/mozilla/fathom/blob/master/fathom_fox/src/contentScript.js and https://github.com/mozilla/fathom/blob/master/fathom_fox/src/rulesets.js have appropriate docstrings,https://github.com/mozilla/fathom/graphs/commit-activity shows that there have been activties in the past few months consistently,"The project maintainers respond to issues, not so actively, as evidenced by https://github.com/mozilla/fathom/issues/240 and https://github.com/mozilla/fathom/issues/238",https://github.com/mozilla/fathom/blob/master/LICENSE,There are files related to testing,2022-06-13
mozilla/TTS,Y,10009,2184,16653,The source code of this project has been organised into different modules in a way that shows the relationship between different files with ad hoc scripts,https://github.com/mozilla/TTS/graphs/contributors shows there are multiple contributors but mainly 1,"The project uses various CI services to compute code coverage, check stylistic violations, etc.",There is a well-maintained README but most of the functions in the source code are not documented.,https://github.com/mozilla/TTS/graphs/commit-activity shows that there have been activties in the past few months consistently,"The project maintainers respond to issues, not so actively, as evidenced by https://github.com/mozilla/TTS/issues/446 and https://github.com/mozilla/TTS/issues/443",https://github.com/mozilla/TTS/blob/master/LICENSE.txt,There are many files related to testing,2021-02-12
mpariente/asteroid,Y,2462,918,19013,The source code of this project has been organised into different modules in a way that shows the relationship between different files,https://github.com/mpariente/asteroid/graphs/contributors shows there are multiple contributors but mainly 1,"The project uses various CI services to compute code coverage, check stylistic violations, etc.",There is a well-maintained README and most of the functions in https://github.com/mpariente/asteroid/blob/master/asteroid/masknn/consistency.py and https://github.com/mpariente/asteroid/blob/master/asteroid/masknn/convolutional.py and https://github.com/mpariente/asteroid/blob/master/asteroid/engine/optimizers.py have appropriate docstrings,https://github.com/mpariente/asteroid/graphs/commit-activity shows that there have been some activities in the past months.,"The project maintainers respond to issues, not so actively, as evidenced by https://github.com/mpariente/asteroid/issues/161 and https://github.com/mpariente/asteroid/issues/158",https://github.com/mpariente/asteroid/blob/master/LICENSE,There are many files related to testing,2025-07-23
mravanelli/pytorch-kaldi,N,2393,158,7146,The source code of the project exists as ad-hoc scripts.,https://github.com/mravanelli/pytorch-kaldi/graphs/contributors shows there are multiple contributors,CI is not used on the project,There is a well-maintained README but most of the functions in the source code are not documented.,https://github.com/mravanelli/pytorch-kaldi/graphs/commit-activity shows that there have been few activities in the past months.,"The project maintainers respond to issues, not so actively, as evidenced by https://github.com/mravanelli/pytorch-kaldi/issues/233",No license,there is no evidence of any testing done on the project.,2021-03-15
MrGiovanni/ModelsGenesis,Y,770,273,2174,The source code of this project has been organised into different modules in a way that shows the relationship between different files.,https://github.com/MrGiovanni/ModelsGenesis/graphs/contributors shows that there are multiple contributors but mainly 1,The project uses Travis CI,There is a well-maintained documentation,No evidence of sustained commit activity in recent months,"The project maintainers respond to issues, as evidenced by https://github.com/MisaOgura/flashtorch/issues/23 and https://github.com/MisaOgura/flashtorch/issues/22",https://github.com/MrGiovanni/ModelsGenesis/blob/master/LICENSE is provided.,There is no evidence of any testing done on the project.,2025-06-22
MycroftAI/mycroft-precise,Y,933,284,2375,The source code of this project has been organised into different modules in a way that shows the relationship between different files.,https://github.com/MycroftAI/mycroft-precise/graphs/contributors shows that there are multiple contributors,The project uses Jenkins CI,There is a well-maintained documentation,Evidence of sustained commit activity,"The project maintainers respond to issues, as evidenced by https://github.com/MisaOgura/flashtorch/issues/23 and https://github.com/MisaOgura/flashtorch/issues/23",https://github.com/MycroftAI/mycroft-precise/blob/dev/LICENSE is provided.,There are many files related to testing.,2020-08-05
namisan/mt-dnn,Y,2255,582,13012,The source code of this project has been organised into different modules in a way that shows the relationship between different files with ad hoc scripts,https://github.com/namisan/mt-dnn/graphs/contributors shows there are multiple contributors,"The project uses various CI services to compute code coverage, check stylistic violations, etc.",There is a well-maintained README but most of the functions in the source code are not documented.,https://github.com/namisan/mt-dnn/graphs/commit-activity shows that there have been activties in the past few months consistently,"The project maintainers respond to issues, not so actively, as evidenced by https://github.com/namisan/mt-dnn/issues/177 and https://github.com/namisan/mt-dnn/issues/174",https://github.com/namisan/mt-dnn/blob/master/LICENSE,There are files related to testing,2024-03-07
nanoporetech/medaka,Y,482,1494,13952,The source code of this project has been organised into different modules in a way that shows the relationship between different files,https://github.com/nanoporetech/medaka/graphs/contributors shows there are multiple contributors,"The project uses various CI services to compute code coverage, check stylistic violations, etc.",There is a well-maintained README and most of the functions in https://github.com/nanoporetech/medaka/blob/master/src/medaka_trimbam.h and https://github.com/nanoporetech/medaka/blob/master/src/medaka_trimbam.c and https://github.com/nanoporetech/medaka/blob/master/medaka/keras_ext.py have appropriate docstrings,https://github.com/nanoporetech/medaka/graphs/commit-activity shows that there have been activties in the past few months consistently,"The project maintainers respond to issues, not so actively, as evidenced by https://github.com/nanoporetech/medaka/issues/176 and https://github.com/nanoporetech/medaka/issues/175",https://github.com/nanoporetech/medaka/blob/master/LICENSE.md,There are many files related to testing,2025-08-19
natethegreate/hent-AI,N,1665,489,3978,The source code of the project exists as ad-hoc scripts.,https://github.com/natethegreate/hent-AI/graphs/contributors shows there are multiple contributors,CI is not used on the project,There is a well-maintained README and most of the functions in https://github.com/natethegreate/hent-AI/blob/master/mrcnn/config.py and https://github.com/natethegreate/hent-AI/blob/master/mrcnn/parallel_model.py and https://github.com/natethegreate/hent-AI/blob/master/mrcnn/model.py have appropriate docstrings,https://github.com/natethegreate/hent-AI/graphs/commit-activity there have been some activties in the past few months consistently,"The project maintainers respond to issues, not so actively, as evidenced by https://github.com/natethegreate/hent-AI/issues/9 and https://github.com/natethegreate/hent-AI/issues/8",https://github.com/natethegreate/hent-AI/blob/master/LICENSE,there is no evidence of any testing done on the project.,2020-08-15
nerox8664/pytorch2keras,Y,861,282,2881,The source code of this project has been organised into different modules in a way that shows the relationship between different files,https://github.com/nerox8664/pytorch2keras/graphs/contributors shows there are multiple contributors but mainly 1,"The project uses various CI services to compute code coverage, check stylistic violations, etc.",There is a well-maintained README and most of the functions in https://github.com/nerox8664/pytorch2keras/blob/master/pytorch2keras/converter.py have appropriate docstrings,https://github.com/nerox8664/pytorch2keras/graphs/commit-activity shows there are few activities in the past few months,"The project maintainers respond to issues, not so actively, as evidenced by https://github.com/nerox8664/pytorch2keras/issues/111 and https://github.com/nerox8664/pytorch2keras/issues/108",https://github.com/nerox8664/pytorch2keras/blob/master/LICENSE,There are many files related to testing,2021-08-06
NervanaSystems/distiller,Y,4399,643,21114,The source code of this project has been organised into different modules in a way that shows the relationship between different files.,https://github.com/NervanaSystems/distiller/graphs/contributors shows that there are multiple contributors,CI is not used on the project.,There is a well-maintained documentation,Evidence of sustained commit activity until recently,"The project maintainers respond to issues, as evidenced by https://github.com/NervanaSystems/distiller/issues/492 and https://github.com/NervanaSystems/distiller/issues/487",https://github.com/NervanaSystems/distiller/blob/master/LICENSE.md is provided.,There are many files related to testing.,2023-04-24
NervanaSystems/nlp-architect,Y,2939,957,29755,The source code of this project has been organised into different modules in a way that shows the relationship between different files.,https://github.com/NervanaSystems/nlp-architect/graphs/contributors shows that there are multiple contributors,The project uses Jenkins CI,There is a well-maintained documentation,Little evidence of sustained commit activity,"The project maintainers respond to issues, as evidenced by https://github.com/NervanaSystems/nlp-architect/issues/162 and https://github.com/NervanaSystems/nlp-architect/issues/149",https://github.com/NervanaSystems/nlp-architect/blob/master/LICENSE is provided.,There are many files related to testing.,2022-11-07
NeuromorphicProcessorProject/snn_toolbox,Y,382,659,11476,The source code of this project has been organised into different modules in a way that shows the relationship between different files.,https://github.com/NeuromorphicProcessorProject/snn_toolbox/graphs/contributors shows that there are multiple contributors,The project uses Travis CI,There is a well-maintained documentation,Little evidence of sustained commit activity,"The project maintainers respond to issues, as evidenced by https://github.com/NeuromorphicProcessorProject/snn_toolbox/issues/62 and https://github.com/NeuromorphicProcessorProject/snn_toolbox/issues/50",https://github.com/NeuromorphicProcessorProject/snn_toolbox/blob/master/LICENSE.txt is provided.,There are many files related to testing.,2023-01-13
nicolas-chaulet/torch-points3d,Y,255,1788,25464,The source code of the project exists as ad-hoc scripts.,https://github.com/nicolas-chaulet/torch-points3d/graphs/contributors shows there are multiple contributors,"The project uses various CI services to compute code coverage, check stylistic violations, etc.",There is a well-maintained README and most of the functions in https://github.com/nicolas-chaulet/torch-points3d/blob/master/torch_points3d/models/base_model.py and https://github.com/nicolas-chaulet/torch-points3d/blob/master/torch_points3d/core/data_transform/features.py and https://github.com/nicolas-chaulet/torch-points3d/blob/master/torch_points3d/core/data_transform/sparse_transforms.py have appropriate docstrings,https://github.com/nicolas-chaulet/torch-points3d/graphs/commit-activity shows that there have been significant amount of activties in the past few months consistently,"The project maintainers respond to issues, not so actively, as evidenced by https://github.com/nicolas-chaulet/torch-points3d/issues/335 and https://github.com/nicolas-chaulet/torch-points3d/issues/333",no license,There are many files related to testing,2021-12-10
NLeSC/mcfly,Y,365,936,1749,The source code of this project has been organised into different modules in a way that shows the relationship between different files.,https://github.com/NLeSC/mcfly/graphs/contributors shows that there are multiple contributors,The project uses Travis CI and appveyor CI,There is a well-maintained documentation,Little evidence of sustained commit activity,"The project maintainers respond to issues, as evidenced by https://github.com/MisaOgura/flashtorch/issues/23 and https://github.com/MisaOgura/flashtorch/issues/24",https://github.com/NLeSC/mcfly/blob/master/LICENSE is provided.,There are many files related to testing.,2025-07-28
norse/norse,Y,759,412,14090,The source code of this project has been organised into different modules in a way that shows the relationship between different files,https://github.com/norse/norse/graphs/contributors shows there are multiple contributors but mainly 2,CI is not used on the project,There is a well-maintained README and most of the functions in https://github.com/norse/norse/blob/master/norse/torch/module/encode.py and https://github.com/norse/norse/blob/master/norse/torch/module/leaky_integrator.py and https://github.com/norse/norse/blob/master/norse/torch/functional/superspike.py have appropriate docstrings,https://github.com/norse/norse/graphs/commit-activity shows there are some activities in the past few months,"The project maintainers respond to issues, not so actively, as evidenced by https://github.com/norse/norse/issues/81 and https://github.com/norse/norse/issues/71",https://github.com/norse/norse/blob/master/LICENSE,there is no evidence of any testing done on the project.,2025-09-23
numenta/nupic.torch,Y,287,286,2355,The source code of this project has been organised into different modules in a way that shows the relationship between different files,https://github.com/numenta/nupic.torch/graphs/contributors shows there are multiple contributors,"The project uses various CI services to compute code coverage, check stylistic violations, etc.",There is a well-maintained README and most of the functions in https://github.com/numenta/nupic.torch/blob/master/nupic/torch/models/sparse_cnn.py and https://github.com/numenta/nupic.torch/blob/master/nupic/torch/modules/prunable_sparse_weights.py and https://github.com/numenta/nupic.torch/blob/master/nupic/torch/modules/k_winners.py have appropriate docstrings,https://github.com/numenta/nupic.torch/graphs/commit-activity shows there are some activities in the past few months,"The project maintainers respond to issues, not so actively, as evidenced by https://github.com/numenta/nupic.torch/issues/59 and https://github.com/numenta/nupic.torch/issues/58",https://github.com/numenta/nupic.torch/blob/master/LICENSE,There are files related to testing,2024-09-25
nussl/nussl,Y,640,1030,15649,The source code of this project has been organised into different modules in a way that shows the relationship between different files,https://github.com/nussl/nussl/graphs/contributors shows there are multiple contributors,CI is not used on the project,There is a well-maintained README and most of the functions in https://github.com/nussl/nussl/blob/master/nussl/core/audio_signal.py and https://github.com/nussl/nussl/blob/master/nussl/ml/networks/separation_model.py and https://github.com/nussl/nussl/blob/master/nussl/ml/networks/builders.py have appropriate docstrings,https://github.com/nussl/nussl/graphs/commit-activity shows there are activities in the past few months,"The project maintainers respond to issues, not so actively, as evidenced by https://github.com/nussl/nussl/issues/160 and https://github.com/nussl/nussl/issues/159",https://github.com/nussl/nussl/blob/master/LICENSE.md,There are many files related to testing,2024-12-09
nutonomy/nuscenes-devkit,Y,2566,238,14748,The source code of this project has been organised into different modules in a way that shows the relationship between different files,https://github.com/nutonomy/nuscenes-devkit/graphs/contributors shows there are multiple contributors but mainly 1,CI is not used on the project,There is a well-maintained README and most of the functions in https://github.com/nutonomy/nuscenes-devkit/blob/master/python-sdk/nuscenes/prediction/models/covernet.py and https://github.com/nutonomy/nuscenes-devkit/blob/master/python-sdk/nuscenes/prediction/models/backbone.py and https://github.com/nutonomy/nuscenes-devkit/blob/master/python-sdk/nuscenes/can_bus/can_bus_api.py have appropriate docstrings,https://github.com/nutonomy/nuscenes-devkit/graphs/commit-activity shows that there have been significant amount of activties in the past few months consistently,0,https://github.com/nutonomy/nuscenes-devkit/blob/master/LICENSE.txt,There are many files related to testing,2025-08-28
NVIDIA/DeepLearningExamples,Y,14500,1437,294144,The source code of this project has been organised into different modules in a way that shows the relationship between different files.,https://github.com/NVIDIA/DeepLearningExamples/graphs/contributors shows that there are multiple contributors,CI is not used on the project.,There is a well-maintained documentation,Evidence of sustained commit activity,"The project maintainers respond to issues, as evidenced by https://github.com/NVIDIA/DeepLearningExamples/issues/508 and https://github.com/NVIDIA/DeepLearningExamples/issues/451",There are multiple license files as there are multiple projects for this,There is no evidence of any testing done on the project.,2024-04-04
NVIDIA/Megatron-LM,Y,13712,7253,135466,The source code of this project has been organised into different modules in a way that shows the relationship between different files.,https://github.com/NVIDIA/Megatron-LM/graphs/contributors shows that there are multiple contributors,CI is not used on the project.,There is a well-maintained documentation,Little evidence of sustained commit activity,The project maintainers only respond to some issues,https://github.com/NVIDIA/Megatron-LM/blob/master/LICENSE is provided.,There are files related to testing but everywhere,2025-09-27
NVIDIA/NeMo,Y,15770,8996,422797,The source code of this project has been organised into different modules in a way that shows the relationship between different files.,https://github.com/NVIDIA/NeMo/graphs/contributors shows that there are multiple contributors,The project uses Jenkins CI,There is a well-maintained documentation,Evidence of sustained commit activity,"The project maintainers respond to issues, as evidenced by https://github.com/NVIDIA/NeMo/issues/631 and https://github.com/NVIDIA/NeMo/issues/771",https://github.com/NVIDIA/NeMo/blob/master/LICENSE is provided.,There are many files related to testing.,2025-09-26
NVIDIA/tacotron2,N,5275,134,1382,The source code of the project exists as ad-hoc scripts.,https://github.com/NVIDIA/tacotron2/graphs/contributors shows that there are multiple contributors,CI is not used on the project.,Most of the functions in the source code are not documented.,No evidence of sustained commit activity,"The project maintainers respond to issues, as evidenced by https://github.com/NVIDIA/tacotron2/issues/378 and https://github.com/NVIDIA/tacotron2/issues/379",https://github.com/NVIDIA/tacotron2/blob/master/LICENSE is provided.,There is no evidence of any testing done on the project.,2020-06-11
NVIDIA/TRTorch,Y,2865,4650,91885,The source code of this project has been organised into different modules in a way that shows the relationship between different files.,https://github.com/NVIDIA/TRTorch/graphs/contributors shows that there are multiple contributors,CI is not used on the project.,There is a well-maintained documentation,Evidence of sustained commit activity,"The project maintainers respond to issues, as evidenced by https://github.com/NVIDIA/TRTorch/issues/98 and https://github.com/NVIDIA/TRTorch/issues/84 but not often",https://github.com/NVIDIA/TRTorch/blob/master/LICENSE is provided.,There are many files related to testing.,2025-09-26
NVIDIAGameWorks/kaolin,Y,4911,386,42464,The source code of this project has been organised into different modules in a way that shows the relationship between different files.,https://github.com/NVIDIAGameWorks/kaolin/graphs/contributors shows that there are multiple contributors,The project uses Gitlab CI,There is a well-maintained documentation,Little evidence of sustained commit activity,"The project maintainers respond to issues, as evidenced by https://github.com/NVIDIAGameWorks/kaolin/issues/249 and https://github.com/NVIDIAGameWorks/kaolin/issues/142",https://github.com/NVIDIAGameWorks/kaolin/blob/master/LICENSE is provided.,There are many files related to testing.,2025-08-26
NVISO-BE/ee-outliers,Y,209,1690,6035,The source code of this project has been organised into different modules in a way that shows the relationship between different files.,https://github.com/NVISO-BE/ee-outliers/graphs/contributors shows that there are multiple contributors,The project uses Jenkins CI,There is a well-maintained documentation,Evidence of sustained commit activity but not consistent,"The project maintainers respond to issues, as evidenced by https://github.com/NVISO-BE/ee-outliers/issues/539 and https://github.com/NVISO-BE/ee-outliers/issues/518",https://github.com/NVISO-BE/ee-outliers/blob/master/LICENSE is provided.,There are many files related to testing.,2022-08-20
nyanp/nyaggle,Y,292,438,3900,The source code of this project has been organised into different modules in a way that shows the relationship between different files,https://github.com/nyanp/nyaggle/graphs/contributors shows there are multiple contributors but mainly 1,CI is not used on the project,There is a well-maintained README and most of the functions in https://github.com/nyanp/nyaggle/blob/master/nyaggle/feature_store/feature_store.py and https://github.com/nyanp/nyaggle/blob/master/nyaggle/ensemble/averaging.py and https://github.com/nyanp/nyaggle/blob/master/nyaggle/feature/nlp/bert.py have appropriate docstrings,https://github.com/nyanp/nyaggle/graphs/commit-activity shows there are few activities in the past few months,"The project maintainers respond to issues, not so actively, as evidenced by https://github.com/nyanp/nyaggle/issues/69 and https://github.com/nyanp/nyaggle/issues/67",https://github.com/nyanp/nyaggle/blob/master/LICENSE,There are many files related to testing,2023-09-10
nyu-mll/jiant,Y,1670,1930,21649,The source code of this project has been organised into different modules in a way that shows the relationship between different files,https://github.com/nyu-mll/jiant/graphs/contributors shows there are multiple contributors,"The project uses various CI services to compute code coverage, check stylistic violations, etc.",There is a well-maintained README and most of the functions in https://github.com/nyu-mll/jiant/blob/master/jiant/modules/bow_sentence_encoder.py and https://github.com/nyu-mll/jiant/blob/master/jiant/modules/sentence_encoder.py and https://github.com/nyu-mll/jiant/blob/master/jiant/utils/serialize.py have appropriate docstrings,https://github.com/nyu-mll/jiant/graphs/commit-activity shows that there have been significant amount of activties in the past few months consistently,"The project maintainers respond to issues, not so actively, as evidenced by https://github.com/nyu-mll/jiant/issues/1095 and https://github.com/nyu-mll/jiant/issues/1090",https://github.com/nyu-mll/jiant/blob/master/LICENSE,There are many files related to testing,2022-10-17
onnx/keras-onnx,Y,381,423,22574,The source code of this project has been organised into different modules in a way that shows the relationship between different files,https://github.com/onnx/keras-onnx/graphs/contributors shows there are multiple contributors,"The project uses various CI services to compute code coverage, check stylistic violations, etc.",There is a well-maintained README and most of the functions in https://github.com/onnx/onnx-tensorflow/blob/master/onnx_tf/backend.py and https://github.com/onnx/onnx-tensorflow/blob/master/onnx_tf/backend.py#L56 and https://github.com/onnx/onnx-tensorflow/blob/master/onnx_tf/pb_wrapper.py have appropriate docstrings,https://github.com/onnx/keras-onnx/graphs/commit-activity shows that there have been significant amount of activties in the past few months consistently,"The project maintainers respond to issues, not so actively, as evidenced by https://github.com/onnx/keras-onnx/issues/550 and https://github.com/onnx/keras-onnx/issues/547",https://github.com/onnx/keras-onnx/blob/master/LICENSE,There are many files related to testing,2021-08-11
onnx/onnxmltools,Y,1113,336,25210,The source code of this project has been organised into different modules in a way that shows the relationship between different files,https://github.com/onnx/onnxmltools/graphs/contributors shows there are multiple contributors,"The project uses various CI services to compute code coverage, check stylistic violations, etc.",There is a well-maintained README and some of the functions in https://github.com/onnx/onnxmltools/blob/master/onnxmltools/convert/libsvm/convert.py and https://github.com/onnx/onnxmltools/blob/master/onnxmltools/utils/main.py have appropriate docstrings,https://github.com/onnx/onnxmltools/graphs/commit-activity shows that there have been significant amount of activties in the past few months consistently,"The project maintainers respond to issues, not so actively, as evidenced by https://github.com/onnx/onnxmltools/issues/405 and https://github.com/onnx/onnxmltools/issues/403",https://github.com/onnx/onnxmltools/blob/master/LICENSE,There are many files related to testing,2025-06-10
onnx/onnx-tensorflow,Y,1324,747,15523,The source code of this project has been organised into different modules in a way that shows the relationship between different files,https://github.com/onnx/onnx-tensorflow/graphs/contributors shows there are multiple contributors,"The project uses various CI services to compute code coverage, check stylistic violations, etc.",There is a well-maintained README and most of the functions in https://github.com/nyu-mll/jiant/blob/master/jiant/modules/bow_sentence_encoder.py and https://github.com/nyu-mll/jiant/blob/master/jiant/modules/sentence_encoder.py and https://github.com/nyu-mll/jiant/blob/master/jiant/utils/serialize.py have appropriate docstrings,https://github.com/onnx/onnx-tensorflow/graphs/commit-activity shows there are some activities in the past few months,"The project maintainers respond to issues, not so actively, as evidenced by https://github.com/onnx/onnx-tensorflow/issues/695 and https://github.com/onnx/onnx-tensorflow/issues/691",https://github.com/onnx/onnx-tensorflow/blob/master/LICENSE,There are files related to testing,2022-11-16
onnx/tensorflow-onnx,Y,2480,2947,61422,The source code of this project has been organised into different modules in a way that shows the relationship between different files,https://github.com/onnx/tensorflow-onnx/graphs/contributors shows there are multiple contributors,"The project uses various CI services to compute code coverage, check stylistic violations, etc.",There is a well-maintained README and most of the functions in https://github.com/onnx/tensorflow-onnx/blob/master/tf2onnx/tfonnx.py and https://github.com/onnx/tensorflow-onnx/blob/master/tf2onnx/tf_utils.py and https://github.com/onnx/tensorflow-onnx/blob/master/tf2onnx/graph_builder.py have appropriate docstrings,https://github.com/onnx/tensorflow-onnx/graphs/commit-activity shows that there have been significant amount of activties in the past few months consistently,"The project maintainers respond to issues, not so actively, as evidenced by https://github.com/onnx/tensorflow-onnx/issues/997 and https://github.com/onnx/tensorflow-onnx/issues/996",https://github.com/onnx/tensorflow-onnx/blob/master/LICENSE,There are many files related to testing,2025-09-12
opencv/cvat,Y,14466,5486,94933,The source code of this project has been organised into different modules in a way that shows the relationship between different files,https://github.com/opencv/cvat/graphs/contributors shows that there are multiple contributors but mainly 1,"The project uses various CI services to compute code coverage, check stylistic violations, etc.",There is a well-maintained README but most of the functions in the source code are not documented.,https://github.com/opencv/cvat/graphs/commit-activity shows that there have been significant amount of activties in the past few months consistently,"The project maintainers respond to issues, not so actively, as evidenced by https://github.com/opencv/cvat/issues/1870 and https://github.com/opencv/cvat/issues/1869",https://github.com/opencv/cvat/blob/develop/LICENSE,There are files related to testing,2025-09-26
opencv/open_model_zoo,N,4297,8757,91679,The source code of this project has been organised into different modules in a way that shows the relationship between different files,https://github.com/opencv/open_model_zoo/graphs/contributors shows that there are multiple contributors,"The project uses various CI services to compute code coverage, check stylistic violations, etc.",There is a well-maintained README but most of the functions in the source code are not documented.,https://github.com/opencv/open_model_zoo/graphs/commit-activity shows that there have been significant amount of activties in the past few months consistently,"The project maintainers respond to issues, not so actively, as evidenced by https://github.com/opencv/open_model_zoo/issues/1292 and https://github.com/opencv/open_model_zoo/issues/1275",https://github.com/opencv/open_model_zoo/blob/master/LICENSE,there is no evidence of any testing done on the project.,2025-09-19
opencv/openvino_training_extensions,Y,1203,1417,70685,The source code of this project has been organised into different modules in a way that shows the relationship between different files,https://github.com/opencv/openvino_training_extensions/graphs/contributors shows that there are multiple contributors,CI is not used on the project,There is a well-maintained README and some of the functions in https://github.com/opencv/openvino_training_extensions/blob/develop/pytorch_toolkit/face_recognition/evaluate_lfw.py and https://github.com/opencv/openvino_training_extensions/blob/develop/pytorch_toolkit/face_recognition/utils/ie_tools.py and https://github.com/opencv/openvino_training_extensions/blob/develop/pytorch_toolkit/face_recognition/utils/augmentation.py have appropriate docstrings,https://github.com/opencv/openvino_training_extensions/graphs/commit-activity shows that there have been significant amount of activties in the past few months consistently,"The project maintainers respond to issues, not so actively, as evidenced by https://github.com/opencv/openvino_training_extensions/issues/320 and https://github.com/opencv/openvino_training_extensions/issues/316",https://github.com/opencv/openvino_training_extensions/blob/develop/LICENSE,there is no evidence of any testing done on the project.,2025-09-26
Open-Debin/Emotion-FAN,N,357,228,1363,The source code of this project has been organised into different modules in a way that shows the relationship between different files.,There are no contributors to the project other than the author.,CI is not used on the project.,Most of the functions in the source code are not documented.,No evidence of sustained commit activity,"The project maintainers respond to issues, as evidenced by https://github.com/Open-Debin/Emotion-FAN/issues/14 and https://github.com/Open-Debin/Emotion-FAN/issues/10 but not often",https://github.com/Open-Debin/Emotion-FAN/blob/master/LICENSE is provided.,There is no evidence of any testing done on the project.,2021-05-10
OpenMined/PySyft,Y,9783,35229,74198,The source code of this project has been organised into different modules in a way that shows the relationship between different files.,https://github.com/OpenMined/PySyft/graphs/contributors shows that there are multiple contributors,The project uses CI but not sure what is it,There is a well-maintained documentation,Evidence of sustained commit activity,"The project maintainers respond to issues, as evidenced by https://github.com/OpenMined/PySyft/issues/3780 and https://github.com/OpenMined/PySyft/issues/3613",https://github.com/OpenMined/PySyft/blob/master/LICENSE is provided.,There are many files related to testing.,2025-04-13
open-mmlab/mmcv,Y,6271,1467,27143,The source code of this project has been organised into different modules in a way that shows the relationship between different files,https://github.com/open-mmlab/mmcv/graphs/contributors shows there are multiple contributors,CI is not used on the project,There is a well-maintained README and most of the functions in https://github.com/open-mmlab/mmcv/blob/master/mmcv/runner/epoch_based_runner.py and https://github.com/open-mmlab/mmcv/blob/master/mmcv/runner/base_runner.py and https://github.com/open-mmlab/mmcv/blob/master/mmcv/parallel/distributed.py have appropriate docstrings,https://github.com/open-mmlab/mmcv/graphs/commit-activity shows there are some activities in the past few months,"The project maintainers respond to issues, not so actively, as evidenced by https://github.com/open-mmlab/mmcv/issues/406 and https://github.com/open-mmlab/mmcv/issues/397",https://github.com/open-mmlab/mmcv/blob/master/LICENSE,There are many files related to testing,2025-04-25
open-mmlab/mmdetection,Y,31732,2706,161864,The source code of this project has been organised into different modules in a way that shows the relationship between different files,https://github.com/open-mmlab/mmdetection/graphs/contributors shows there are multiple contributors,CI is not used on the project,There is a well-maintained README and most of the functions in https://github.com/open-mmlab/mmdetection/blob/master/mmdet/core/post_processing/merge_augs.py and https://github.com/open-mmlab/mmdetection/blob/master/mmdet/core/mask/mask_target.py and https://github.com/open-mmlab/mmdetection/blob/master/mmdet/core/mask/structures.py have appropriate docstrings,https://github.com/open-mmlab/mmdetection/graphs/commit-activity shows that there have been significant amount of activties in the past few months consistently,"The project maintainers respond to issues, not so actively, as evidenced by https://github.com/open-mmlab/mmdetection/issues/3252 and https://github.com/open-mmlab/mmdetection/issues/3226",https://github.com/open-mmlab/mmdetection/blob/master/LICENSE,There are many files related to testing,2024-02-05
open-mmlab/mmfashion,Y,1346,259,9699,The source code of this project has been organised into different modules in a way that shows the relationship between different files,https://github.com/open-mmlab/mmfashion/graphs/contributors shows there are multiple contributors,"The project uses various CI services to compute code coverage, check stylistic violations, etc.",There is a well-maintained README and some of the functions in https://github.com/open-mmlab/mmfashion/blob/master/mmfashion/core/evaluation/landmark_detect_eval.py and https://github.com/open-mmlab/mmfashion/blob/master/mmfashion/core/evaluation/attr_predict_demo.py have appropriate docstrings,https://github.com/open-mmlab/mmfashion/graphs/commit-activity shows there are some activities in the past few months,"The project maintainers respond to issues, not so actively, as evidenced by https://github.com/open-mmlab/mmfashion/issues/74 and https://github.com/open-mmlab/mmfashion/issues/72",https://github.com/open-mmlab/mmfashion/blob/master/LICENSE,there is no evidence of any testing done on the project.,2021-07-30
open-mmlab/mmskeleton,N,3039,663,6675,The source code of this project has been organised into different modules in a way that shows the relationship between different files,https://github.com/open-mmlab/mmskeleton/graphs/contributors shows that there are multiple contributors but mainly 1,CI is not used on the project,There is a well-maintained README and some of the functions in https://github.com/open-mmlab/mmskeleton/blob/master/mmskeleton/models/backbones/st_gcn_aaai18.py and https://github.com/open-mmlab/mmskeleton/blob/master/mmskeleton/ops/nms/nms.py have appropriate docstrings,https://github.com/open-mmlab/mmskeleton/graphs/commit-activity shows there are few activities in the past few months,"The project maintainers respond to issues, not so actively, as evidenced by https://github.com/open-mmlab/mmskeleton/issues/334 and https://github.com/open-mmlab/mmskeleton/issues/332",https://github.com/open-mmlab/mmskeleton/blob/master/LICENSE,there is no evidence of any testing done on the project.,2020-11-17
OpenNMT/OpenNMT-py,Y,6941,2895,26821,The source code of this project has been organised into different modules in a way that shows the relationship between different files.,https://github.com/OpenNMT/OpenNMT-py/graphs/contributors shows that there are multiple contributors,The project uses Travis CI,There is a well-maintained documentation,Evidence of sustained commit activity but not consistent,"The project maintainers respond to issues, as evidenced by https://github.com/OpenNMT/OpenNMT-py/issues/1803 and https://github.com/OpenNMT/OpenNMT-py/issues/1802",https://github.com/OpenNMT/OpenNMT-py/blob/master/LICENSE.md is provided.,There are many files related to testing.,2024-06-27
OpenNMT/OpenNMT-tf,Y,1478,2039,16235,The source code of this project has been organised into different modules in a way that shows the relationship between different files.,https://github.com/OpenNMT/OpenNMT-tf/graphs/contributors shows that there are multiple contributors but mainly 1,The project uses Travis CI,There is a well-maintained documentation,Evidence of sustained commit activity,"The project maintainers respond to issues, as evidenced by https://github.com/OpenNMT/OpenNMT-tf/issues/695 and https://github.com/OpenNMT/OpenNMT-tf/issues/672",https://github.com/OpenNMT/OpenNMT-tf/blob/master/LICENSE is provided.,There are many files related to testing.,2023-08-04
openseg-group/openseg.pytorch,N,1222,231,18833,The source code of this project has been organised into different modules in a way that shows the relationship between different files,https://github.com/openseg-group/openseg.pytorch/graphs/contributors shows that there are only 3 contributors,CI is not used on the project,There is a well-maintained README and some of the functions in https://github.com/openseg-group/openseg.pytorch/blob/master/lib/models/modules/base_oc_block.py and https://github.com/openseg-group/openseg.pytorch/blob/master/lib/models/modules/isa_block.py have appropriate docstrings,https://github.com/openseg-group/openseg.pytorch/graphs/commit-activityshows that there have been some activties in the past few months,"The project maintainers respond to issues, not so actively, as evidenced by https://github.com/openseg-group/openseg.pytorch/issues/24 and https://github.com/openseg-group/openseg.pytorch/issues/23",https://github.com/openseg-group/openseg.pytorch/blob/master/LICENSE,there is no evidence of any testing done on the project.,2022-08-07
openvinotoolkit/model_server,Y,769,3155,13305,The source code of this project has been organised into different modules in a way that shows the relationship between different files,https://github.com/openvinotoolkit/model_server/graphs/contributors shows that there are multiple contributors,CI is not used on the project,There is a well-maintained README but most of the functions in the source code are not documented.,https://github.com/openvinotoolkit/model_server/graphs/commit-activity shows that there have been some activties in the past few months with many activities in the past month.,"The project maintainers respond to issues, not so actively, as evidenced by https://github.com/openvinotoolkit/model_server/issues/272 and https://github.com/openvinotoolkit/model_server/issues/234",https://github.com/openvinotoolkit/model_server/blob/master/LICENSE,There are many files related to testing,2025-09-25
openvinotoolkit/openvino,Y,8910,20074,145379,The source code of this project has been organised into different modules in a way that shows the relationship between different files,https://github.com/openvinotoolkit/openvino/graphs/contributors shows that there are multiple contributors,"The project uses various CI services to compute code coverage, check stylistic violations, etc.",There is a well-maintained README and some of the functions in https://github.com/openvinotoolkit/openvino/blob/master/model-optimizer/extensions/back/InterpolateReshape.py and https://github.com/openvinotoolkit/openvino/blob/master/model-optimizer/extensions/back/LRNToNorm.py have appropriate docstrings,https://github.com/openvinotoolkit/openvino/graphs/commit-activity shows that there have been few activties in the past few months with many activities in the past month.,"The project maintainers respond to issues, not so actively, as evidenced byhttps://github.com/openvinotoolkit/openvino/issues/1239 and https://github.com/openvinotoolkit/openvino/issues/1220",https://github.com/openvinotoolkit/openvino/blob/master/LICENSE,There are many files related to testing,2025-09-26
osmr/imgclsmob,N,3015,2521,157321,The source code of this project has been organised into different modules in a way that shows the relationship between different files with ad hoc scripts,https://github.com/osmr/imgclsmob/graphs/contributors shows that there are 3 contributors but mainly 1,"The project uses various CI services to compute code coverage, check stylistic violations, etc.",There is a well-maintained README and most of the functions in https://github.com/osmr/imgclsmob/blob/master/pytorch/metrics/det_metrics.py and https://github.com/osmr/imgclsmob/blob/master/pytorch/metrics/cls_metrics.py have appropriate docstrings,https://github.com/osmr/imgclsmob/graphs/commit-activity shows that there have been activties in the past few months with few activities in the past month.,"The project maintainers respond to issues, not so actively, as evidenced by https://github.com/osmr/imgclsmob/issues/70 and https://github.com/osmr/imgclsmob/issues/67",https://github.com/osmr/imgclsmob/blob/master/LICENSE,There are many files related to testing,2024-09-06
ottogroup/palladium,Y,488,358,5775,The source code of this project has been organised into different modules in a way that shows the relationship between different files,https://github.com/ottogroup/palladium/graphs/contributors shows that there are multiple contributors,"The project uses various CI services to compute code coverage, check stylistic violations, etc.",There is a well-maintained README and most of the functions in https://github.com/ottogroup/palladium/blob/master/palladium/interfaces.py and https://github.com/ottogroup/palladium/blob/master/palladium/persistence.py and https://github.com/ottogroup/palladium/blob/master/palladium/fit.py have appropriate docstrings,https://github.com/ottogroup/palladium/graphs/commit-activity shows that there have been few activities,"The project maintainers respond to issues, not so actively, as evidenced by https://github.com/ottogroup/palladium/issues/113 and https://github.com/ottogroup/palladium/issues/98",https://github.com/ottogroup/palladium/blob/master/LICENSE,There are many files related to testing,2022-05-31
OUCMachineLearning/OUCML,N,4603,327,10668,Organized into projects where each project source code exists as ad-hoc scripts.,https://github.com/OUCMachineLearning/OUCML/graphs/contributors shows that there are multiple contributors,CI is not used on the project.,There is a well-maintained documentation,No evidence of sustained commit activity in recent months,The maintainers of the project does not reply to issues or close them.,There are multiple license files as there are multiple projects for this,There are files related to testing but not much,2020-09-14
ownthink/Jiagu,Y,3413,107,1776,The source code of this project has been organised into different modules in a way that shows the relationship between different files,https://github.com/ownthink/Jiagu/graphs/contributors shows that there are multiple contributors,CI is not used on the project,There is a well-maintained README and most of the functions in https://github.com/ownthink/Jiagu/blob/master/jiagu/cluster/base.py and https://github.com/ownthink/Jiagu/blob/master/jiagu/cluster/kmeans.py and https://github.com/ownthink/Jiagu/blob/master/jiagu/perceptron.py have appropriate docstrings,https://github.com/ownthink/Jiagu/graphs/commit-activity shows that there are have been some activities in the past but few in the past month,"The project maintainers respond to issues, not so actively, as evidenced by https://github.com/ownthink/Jiagu/issues/50 and https://github.com/ottogroup/palladium/issues/98",https://github.com/ownthink/Jiagu/blob/master/license,There are many files related to testing,2022-05-07
PacktPublishing/Advanced-Deep-Learning-with-Keras,N,1948,451,7986,Organized into projects where each project source code exists as ad-hoc scripts.,https://github.com/PacktPublishing/Advanced-Deep-Learning-with-Keras/graphs/contributors shows that there are multiple contributors but mainly 1,CI is not used on the project.,Most of the functions in the source code are not documented.,Little evidence of sustained commit activity,"The project maintainers respond to issues, as evidenced by https://github.com/PacktPublishing/Advanced-Deep-Learning-with-Keras/issues/8 and https://github.com/PacktPublishing/Advanced-Deep-Learning-with-Keras/issues/2",https://github.com/PacktPublishing/Advanced-Deep-Learning-with-Keras/blob/master/LICENSE is provided.,There are test files for some of the projects,2023-01-30
PacktPublishing/Deep-Reinforcement-Learning-Hands-On,N,3027,1200,11006,Organized into projects where each project source code exists as ad-hoc scripts.,https://github.com/PacktPublishing/Deep-Reinforcement-Learning-Hands-On/graphs/contributors shows that there are multiple contributors but mainly 1,CI is not used on the project.,Most of the functions in the source code are not documented.,No evidence of sustained commit activity,"The project maintainers respond to issues, as evidenced by https://github.com/PacktPublishing/Deep-Reinforcement-Learning-Hands-On/issues/79 and https://github.com/PacktPublishing/Deep-Reinforcement-Learning-Hands-On/issues/62",https://github.com/PacktPublishing/Deep-Reinforcement-Learning-Hands-On/blob/master/LICENSE is provided.,There are test files for some of the projects,2025-05-09
PaddlePaddle/models,Y,6934,5074,45510,The source code of this project has been organised into different modules in a way that shows the relationship between different files.,https://github.com/PaddlePaddle/models/graphs/contributors shows that there are multiple contributors,The project uses Travis CI,There is a well-maintained documentation,Evidence of sustained commit activity,"The project maintainers respond to issues, as evidenced by https://github.com/PaddlePaddle/models/issues/4733 and https://github.com/PaddlePaddle/models/issues/4704 but there's still many open issues",https://github.com/PaddlePaddle/models/blob/release/1.8/LICENSE is provided.,There are test files for some of the projects,2025-01-15
PaddlePaddle/PARL,Y,3410,518,48648,The source code of this project has been organised into different modules in a way that shows the relationship between different files.,https://github.com/PaddlePaddle/PARL/graphs/contributors shows that there are multiple contributors,The project uses Travis CI,There is a well-maintained documentation,Evidence of sustained commit activity,"The project maintainers respond to issues, as evidenced by https://github.com/PaddlePaddle/PARL/issues/324 and https://github.com/PaddlePaddle/PARL/issues/305",https://github.com/PaddlePaddle/PARL/blob/develop/LICENSE is provided.,There are many files related to testing.,2025-09-13
parlance/ctcdecode,N,848,188,440,The source code of this project has been organised into different modules in a way that shows the relationship between different files,https://github.com/parlance/ctcdecode/graphs/contributors shows that there are multiple contributors,CI is not used on the project,There is a README and most of the functions in https://github.com/parlance/ctcdecode/blob/master/ctcdecode/src/decoder_utils.h and https://github.com/parlance/ctcdecode/blob/master/ctcdecode/src/scorer.h and https://github.com/parlance/ctcdecode/blob/master/ctcdecode/src/ctc_beam_search_decoder.h have appropriate docstrings,https://github.com/parlance/ctcdecode/graphs/commit-activity shows that there are have been few activities in the past but some activities in the past month,"The project maintainers respond to issues, not so actively, as evidenced by https://github.com/parlance/ctcdecode/issues/151 and https://github.com/parlance/ctcdecode/issues/146",https://github.com/parlance/ctcdecode/blob/master/LICENSE,There are 2 files related to testing,2021-06-07
persephone-tools/persephone,Y,160,1187,4246,The source code of this project has been organised into different modules in a way that shows the relationship between different files,https://github.com/persephone-tools/persephone/graphs/contributors shows that there are 4 contributors but mainly 2,"The project uses various CI services to compute code coverage, check stylistic violations, etc.",There is a well-maintained README and most of the functions in https://github.com/persephone-tools/persephone/blob/master/persephone/corpus_reader.py and https://github.com/persephone-tools/persephone/blob/master/persephone/corpus.py and https://github.com/persephone-tools/persephone/blob/master/persephone/results.py have appropriate docstrings,https://github.com/persephone-tools/persephone/graphs/commit-activity shows that there are have been few activities in the past but some activities in the past month,"The project maintainers respond to issues, not so actively, as evidenced by https://github.com/persephone-tools/persephone/issues/234 and https://github.com/persephone-tools/persephone/issues/231",https://github.com/persephone-tools/persephone/blob/master/LICENSE,There are many files related to testing,2020-11-03
PetrochukM/PyTorch-NLP,Y,2224,451,4598,The source code of this project has been organised into different modules in a way that shows the relationship between different files.,https://github.com/PetrochukM/PyTorch-NLP/graphs/contributors shows that there are multiple contributors but mainly 1,The project uses Travis CI,There is a well-maintained documentation,No evidence of sustained commit activity,"The project maintainers (mainly 1 person) respond to issues, as evidenced by https://github.com/PetrochukM/PyTorch-NLP/issues/89 and https://github.com/PetrochukM/PyTorch-NLP/issues/71",https://github.com/PetrochukM/PyTorch-NLP/blob/master/LICENSE is provided.,There are many files related to testing.,2023-07-04
pgmpy/pgmpy,Y,3051,3252,45648,The source code of this project has been organised into different modules in a way that shows the relationship between different files,https://github.com/pgmpy/pgmpy/graphs/contributors shows that there are multiple contributors,"The project uses various CI services to compute code coverage, check stylistic violations, etc.",There is a well-maintained README and most of the functions in https://github.com/pgmpy/pgmpy/blob/dev/pgmpy/base/UndirectedGraph.py and https://github.com/pgmpy/pgmpy/blob/dev/pgmpy/inference/ExactInference.py and https://github.com/pgmpy/pgmpy/blob/dev/pgmpy/inference/EliminationOrder.py have appropriate docstrings,https://github.com/pgmpy/pgmpy/graphs/commit-activity shows that there are have been activities in the past consistently,"The project maintainers respond to issues, not so actively, as evidenced by https://github.com/pgmpy/pgmpy/issues/1298 and https://github.com/pgmpy/pgmpy/issues/1293",https://github.com/pgmpy/pgmpy/blob/dev/LICENSE,There are many files related to testing,2025-09-26
philipperemy/deep-speaker,N,933,368,1268,The source code of the project exists as ad-hoc scripts.,https://github.com/philipperemy/deep-speaker/graphs/contributors shows that there are multiple contributors but mainly 1,CI is not used on the project,There is a well-maintained README but most of the functions in the source code are not documented.,https://github.com/philipperemy/deep-speaker/graphs/commit-activity shows that there are have been few activities in the past,"The project maintainers respond to issues, not so actively, as evidenced by https://github.com/philipperemy/deep-speaker/issues/59 and https://github.com/philipperemy/deep-speaker/issues/58",no license,There are files related to testing,2023-09-30
philipperemy/keract,Y,1053,417,1080,The source code of this project has been organised into different modules in a way that shows the relationship between different files,https://github.com/philipperemy/keract/graphs/contributors shows that there are multiple contributors,CI is not used on the project,There is a well-maintained README and some of the functions in https://github.com/philipperemy/keract/blob/master/keract/keract.py have appropriate docstrings,https://github.com/philipperemy/keract/graphs/commit-activity shows that there are have been some activities in the past with some activities in the past month,"The project maintainers respond to issues, not so actively, as evidenced by https://github.com/philipperemy/keract/issues/106v and https://github.com/philipperemy/keract/issues/105",https://github.com/philipperemy/keract/blob/master/LICENSE,There are files related to testing,2025-04-07
philipperemy/keras-tcn,N,1971,571,1306,The source code of this project has been organised into different modules in a way that shows the relationship between different files,Multiple contributors (Mainly one): https://github.com/philipperemy/keras-tcn/graphs/contributors,"The project uses various CI services to compute code coverage, check stylistic violations, etc.",0,Few commits in the past month,"More closed than open, author responds frequently: https://github.com/philipperemy/keras-tcn/issues/145",https://github.com/philipperemy/keras-tcn/blob/master/LICENSE,There is no evidence of any testing done on the project.,2025-04-08
PhoenixDL/rising,Y,319,900,6035,The source code of this project has been organised into different modules in a way that shows the relationship between different files.,https://github.com/PhoenixDL/rising/graphs/contributors shows that there are multiple contributors,CI is not used on the project.,There is a well-maintained documentation,Little evidence of sustained commit activity,"The project maintainers respond to issues, as evidenced by https://github.com/PhoenixDL/rising/issues/104 and https://github.com/PhoenixDL/rising/issues/99 but there are more open than closed issues",https://github.com/PhoenixDL/rising/blob/master/LICENSE is provided.,There are many files related to testing.,2023-02-22
piEsposito/blitz-bayesian-deep-learning,Y,973,234,2140,The source code of this project has been organised into different modules in a way that shows the relationship between different files,Multiple contributors: https://github.com/piEsposito/blitz-bayesian-deep-learning/graphs/contributors,"The project uses various CI services to compute code coverage, check stylistic violations, etc.","There is a well maintained README, codes are well documented",Some commits the past month,"More closed than open, author responds frequently: https://github.com/piEsposito/blitz-bayesian-deep-learning/issues/43",https://github.com/piEsposito/blitz-bayesian-deep-learning/blob/master/LICENSE,There are many files related to testing,2022-06-09
plasticityai/magnitude,Y,1653,350,54787,The source code of this project has been organised into different modules in a way that shows the relationship between different files,Multiple contributors: https://github.com/plasticityai/magnitude/graphs/contributors,"The project uses various CI services to compute code coverage, check stylistic violations, etc.","There is a README, some codes are documented",Some commits the past month,"More closed than open, author does not respond frequently",https://github.com/plasticityai/magnitude/blob/master/LICENSE.txt,There are many files related to testing,2020-07-17
podgorskiy/ALAE,N,3521,293,5580,The source code of the project consists of some ad-hoc scripts.,Multiple contributors (Mainly one): https://github.com/podgorskiy/ALAE/graphs/contributors,No indications of using CI services,"There is a README, some codes are documented","No commits in the past few months, around 12 commits in the last year","More open than closed, author seldom replies",No license,There is no evidence of any testing done on the project.,2020-12-07
PreferredAI/cornac,Y,989,1394,22641,The source code of this project has been organised into different modules in a way that shows the relationship between different files.,https://github.com/PreferredAI/cornac/graphs/contributors shows that there are multiple contributors,The project uses Travis CI,There is a well-maintained documentation,Evidence of sustained commit activity but not consistent,"The project maintainers respond to issues, as evidenced by https://github.com/PreferredAI/cornac/issues/342 and https://github.com/PreferredAI/cornac/issues/296",https://github.com/PreferredAI/cornac/blob/master/LICENSE is provided.,There are many files related to testing.,2025-04-26
priya-dwivedi/Deep-Learning,N,3366,195,104360,It's just a collection of projects,One contributor,No indications of using CI services,"No README, some codes are documented",Random commits of whole projects,"More open than closed, author seldom replies",No license,There is no evidence of any testing done on the project.,2022-03-28
Project-MONAI/MONAI,Y,6865,3270,150944,The source code of this project has been organised into different modules in a way that shows the relationship between different files.,https://github.com/Project-MONAI/MONAI/graphs/contributors shows that there are multiple contributors.,"The project uses various CI services to compute code coverage, check stylistic violations, etc.","There is a well-maintained README, and the majority of the functions in https://github.com/Project-MONAI/MONAI/blob/master/monai/handlers/checkpoint_saver.py, https://github.com/Project-MONAI/MONAI/blob/master/monai/networks/utils.py , and https://github.com/Project-MONAI/MONAI/blob/master/monai/visualize/img2tensorboard.py have appropriate docstrings.","Checking https://github.com/Project-MONAI/MONAI/commits/master (or https://github.com/Project-MONAI/MONAI/pulse), there has been significant commit activity in the past month.","The project maintainers respond to issues, as evidenced by https://github.com/Project-MONAI/MONAI/issues/614 and https://github.com/Project-MONAI/MONAI/issues/598.",https://github.com/Project-MONAI/MONAI/blob/master/LICENSE is provided.,There are many files related to testing.,2025-09-22
pyannote/pyannote-audio,Y,8363,2402,10618,The source code of this project has been organised into different modules in a way that shows the relationship between different files,Multiple contributors: https://github.com/pyannote/pyannote-audio/graphs/contributors,"The project uses various CI services to compute code coverage, check stylistic violations, etc.","There is a well maintained README, codes are well documented",Consistent commits in the last month,"More closed than open, author does not respond frequently",https://github.com/pyannote/pyannote-audio/blob/develop/LICENSE,There are many files related to testing,2025-09-09
pymc-devs/pymc3,Y,9265,10310,59576,The source code of this project has been organised into different modules in a way that shows the relationship between different files,Multiple contributors: https://github.com/pymc-devs/pymc3/graphs/contributors,"The project uses various CI services to compute code coverage, check stylistic violations, etc.","There is a well maintained README, codes are well documented",Consistent commits in the last month,"More closed than open, author does not respond frequently",https://github.com/pymc-devs/pymc3/blob/master/LICENSE,There are many files related to testing,2025-09-23
pymc-devs/pymc4,Y,712,236,7862,The source code of this project has been organised into different modules in a way that shows the relationship between different files,Multiple contributors: https://github.com/pymc-devs/pymc4/graphs/contributors,"The project uses various CI services to compute code coverage, check stylistic violations, etc.","There is a well maintained README, codes are well documented",Consistent commits in the last month,"More closed than open, author responds frequently",https://github.com/pymc-devs/pymc4/blob/master/LICENSE.txt,There are many files related to testing,2021-10-04
pyprob/pyprob,Y,389,1371,11180,The source code of this project has been organised into different modules in a way that shows the relationship between different files,Multiple contributors: https://github.com/pyprob/pyprob/graphs/contributors,"The project uses various CI services to compute code coverage, check stylistic violations, etc.","There is a README, some codes are documented",Consistent commits in the last month,"More open than closed, author seldom replies",https://github.com/pyprob/pyprob/blob/master/LICENSE,There are many files related to testing,2022-03-25
pyro-ppl/funsor,Y,243,577,26661,The source code of this project has been organised into different modules in a way that shows the relationship between different files,Multiple contibutors: https://github.com/pyro-ppl/funsor/graphs/contributors,No indications of using CI services,"There is a well maintained README, codes are well documented",Consistent commits in the last month,"More closed than open, author responds frequently",https://github.com/pyro-ppl/funsor/blob/master/LICENSE.md,There are many files related to testing,2023-08-31
pyro-ppl/pyro,Y,8867,2513,89231,The source code of this project has been organised into different modules in a way that shows the relationship between different files,Multiple contributors: https://github.com/pyro-ppl/pyro/graphs/contributors,No indications of using CI services,"There is a well maintained README, codes are well documented",Consistent commits in the last month,"More closed than open, author responds frequently",https://github.com/pyro-ppl/pyro/blob/dev/LICENSE.md,There are many files related to testing,2025-07-09
pytorch/audio,Y,2742,2442,40441,The source code of this project has been organised into different modules in a way that shows the relationship between different files,Multiple contributors: https://github.com/pytorch/audio/graphs/contributors,"The project uses various CI services to compute code coverage, check stylistic violations, etc.","There is a well maintained README, codes are well documented",Consistent commits in the last month,"More closed than open, author does not respond frequently",https://github.com/pytorch/audio/blob/master/LICENSE,There are many files related to testing,2025-09-13
pytorch/botorch,Y,3353,2305,89598,The source code of this project has been organised into different modules in a way that shows the relationship between different files,Multiple contributors: https://github.com/pytorch/botorch/graphs/contributors,"The project uses various CI services to compute code coverage, check stylistic violations, etc.","There is a well maintained README, codes are well documented",Consistent commits in the last month,"More closed than open, author does not respond frequently",https://github.com/pytorch/botorch/blob/master/LICENSE,There are many files related to testing,2025-09-26
pytorch/builder,Y,354,2799,685,The source code of this project has been organised into different modules in a way that shows the relationship between different files,Multiple contributors: https://github.com/pytorch/builder/graphs/contributors,"The project uses various CI services to compute code coverage, check stylistic violations, etc.","There is a well maintained README, codes are well documented",Consistent commits in the last month,"More open than closed, author sometimes replies",https://github.com/pytorch/builder/blob/master/LICENSE,There are many files related to testing,2025-08-12
pytorch/captum,Y,5416,1367,42238,The source code of this project has been organised into different modules in a way that shows the relationship between different files,Multiple contributors: https://github.com/pytorch/captum/graphs/contributors,"The project uses various CI services to compute code coverage, check stylistic violations, etc.","There is a well maintained README, codes are well documented",Consistent commits in the last month,"More open than closed, author sometimes replies",https://github.com/pytorch/captum/blob/master/LICENSE,There are many files related to testing,2025-09-27
pytorch/elastic,Y,730,324,1699,The source code of this project has been organised into different modules in a way that shows the relationship between different files,Multiple contributors: https://github.com/pytorch/elastic/graphs/contributors,"The project uses various CI services to compute code coverage, check stylistic violations, etc.","There is a well maintained README, codes are well documented",Consistent commits in the last month,"More closed than open, author responds frequently",https://github.com/pytorch/elastic/blob/master/LICENSE,There are many files related to testing,2022-06-15
pytorch/examples,N,23429,835,7428,Its a collection of projects/examples,Multiple contributors: https://github.com/pytorch/examples/graphs/contributors,"The project uses various CI services to compute code coverage, check stylistic violations, etc.","There is a well maintained README, codes are well documented",Consistent commits in the last month,"More closed than open, author does not respond frequently",https://github.com/pytorch/examples/blob/master/LICENSE,There is no evidence of any testing done on the project.,2025-09-01
pytorch/fairseq,Y,31839,2329,145783,The source code of this project has been organised into different modules in a way that shows the relationship between different files,Multiole contributors: https://github.com/pytorch/fairseq/graphs/contributors,"The project uses various CI services to compute code coverage, check stylistic violations, etc.","There is a well maintained README, codes are well documented",Consistent commits in the last month,"More closed than open, author does not respond frequently",https://github.com/pytorch/fairseq/blob/master/LICENSE,There are many files related to testing,2025-09-09
pytorch/ignite,Y,4700,1838,48124,The source code of this project has been organised into different modules in a way that shows the relationship between different files,Multiple contributors: https://github.com/pytorch/ignite/graphs/contributors,"The project uses various CI services to compute code coverage, check stylistic violations, etc.","There is a well maintained README, codes are well documented",Consistent commits in the last month,"More closed than open, author responds frequently",https://github.com/pytorch/ignite/blob/master/LICENSE,There are many files related to testing,2025-09-25
pytorch/serve,Y,4350,3891,31729,The source code of this project has been organised into different modules in a way that shows the relationship between different files,Multiple contributors: https://github.com/pytorch/serve/graphs/contributors,"The project uses various CI services to compute code coverage, check stylistic violations, etc.","There is a well maintained README, codes are well documented",Consistent commits in the last month,"More closed than open, author responds frequently",https://github.com/pytorch/serve/blob/master/LICENSE,There are many files related to testing,2025-03-17
pytorch/text,Y,3560,1313,14307,The source code of this project has been organised into different modules in a way that shows the relationship between different files,Multiple contributors: https://github.com/pytorch/text/blob/master/LICENSE,"The project uses various CI services to compute code coverage, check stylistic violations, etc.","There is a well maintained README, codes are well documented",Consistent commits in the last month,"More closed than open, author does not respond frequently",https://github.com/pytorch/text/blob/master/LICENSE,There are many files related to testing,2025-09-10
pytorch/tutorials,N,8811,2771,14427,Its a collection of projects/tutorials,Multiple contributors: https://github.com/pytorch/tutorials/graphs/contributors,"The project uses various CI services to compute code coverage, check stylistic violations, etc.","There is a well maintained README, codes are well documented",Consistent commits in the last month,"More closed than open, author does not respond frequently",https://github.com/pytorch/tutorials/blob/master/LICENSE,There is no evidence of any testing done on the project.,2025-09-26
pytorch/vision,Y,17178,4118,76374,The source code of this project has been organised into different modules in a way that shows the relationship between different files,Multiple contributors: https://github.com/pytorch/vision/graphs/contributors,"The project uses various CI services to compute code coverage, check stylistic violations, etc.","There is a well maintained README, codes are well documented",Consistent commits in the last month,"More closed than open, author does not respond frequently",https://github.com/pytorch/vision/blob/master/LICENSE,There are many files related to testing,2025-09-27
PyTorchLightning/pytorch-lightning,Y,30179,10863,86858,The source code of this project has been organised into different modules in a way that shows the relationship between different files.,https://github.com/PyTorchLightning/pytorch-lightning/graphs/contributors shows that there are multiple contributors,"The project seems to use Circle CI but drop it, not very sure what they use exactly",There is a well-maintained documentation,Evidence of sustained commit activity,"The project maintainers respond to issues, as evidenced by https://github.com/PyTorchLightning/pytorch-lightning/issues/2495 and https://github.com/PyTorchLightning/pytorch-lightning/issues/2456",https://github.com/PyTorchLightning/pytorch-lightning/blob/master/LICENSE is provided.,There are many files related to testing.,2025-09-26
QData/TextAttack,Y,3277,2772,25560,The source code of this project has been organised into different modules in a way that shows the relationship between different files.,https://github.com/QData/TextAttack/graphs/contributors shows that there are multiple contributors,The project uses Travis CI,There is a well-maintained documentation,Evidence of sustained commit activity,"The project maintainers respond to issues, as evidenced by https://github.com/QData/TextAttack/issues/155 and https://github.com/QData/TextAttack/issues/126",https://github.com/QData/TextAttack/blob/master/LICENSE is provided.,There are many files related to testing.,2025-07-10
Qiskit/qiskit-aqua,Y,579,6297,53849,The source code of this project has been organised into different modules in a way that shows the relationship between different files.,https://github.com/Qiskit/qiskit-aqua/graphs/contributors shows that there are multiple contributors,The project uses Travis CI,There is a well-maintained documentation,Evidence of sustained commit activity,"The project maintainers respond to issues, as evidenced by https://github.com/Qiskit/qiskit-aqua/issues/1013 and https://github.com/Qiskit/qiskit-aqua/issues/1066",https://github.com/Qiskit/qiskit-aqua/blob/master/LICENSE.txt is provided.,There are many files related to testing.,2021-11-26
qiskit-community/qiskit-textbook,N,996,3298,1455,The source code of this project has been organised into different modules in a way that shows the relationship between different files,Multiple contributors: https://github.com/qiskit-community/qiskit-textbook/graphs/contributors,"The project uses various CI services to compute code coverage, check stylistic violations, etc.","There is a well maintained README, codes are well documented",Consistent commits in the last month,"More closed than open, author does not respond frequently",https://github.com/qiskit-community/qiskit-textbook/blob/master/LICENSE.txt,There is no evidence of any testing done on the project.,2023-05-30
quantumblacklabs/kedro,Y,10549,4147,24084,The source code of this project has been organised into different modules in a way that shows the relationship between different files,Multiple contributors: https://github.com/quantumblacklabs/kedro/graphs/contributors,"The project uses various CI services to compute code coverage, check stylistic violations, etc.","There is a well maintained README, codes are well documented",Consistent commits in the last month,"More closed than open, author responds frequently",https://github.com/quantumblacklabs/kedro/blob/master/LICENSE.md,There are many files related to testing,2025-09-21
quantumiracle/SOTA-RL-Algorithms,N,1282,239,11647,The source code of this project has been organised into different modules in a way that shows the relationship between different files,One contributor,No indications of using CI services,"There is a well maintained README, some codes are documented",No commits the past month,No open issues,https://github.com/quantumiracle/SOTA-RL-Algorithms/blob/master/LICENSE,There is no evidence of any testing done on the project.,2025-03-13
quantumlib/Cirq,Y,4712,4475,169329,The source code of this project has been organised into different modules in a way that shows the relationship between different files,Multiple contributors: https://github.com/quantumlib/Cirq/graphs/contributors,No indications of using CI services,"There is a well maintained README, codes are well documented",Consistent commits in the last month,"More closed than open, author responds frequently",https://github.com/quantumlib/Cirq/blob/master/LICENSE,There is no evidence of any testing done on the project.,2025-09-27
r9y9/nnsvs,N,731,1502,20071,The source code of this project has been organised into different modules in a way that shows the relationship between different files,One contributor,"The project uses various CI services to compute code coverage, check stylistic violations, etc.","There is a README, some codes are documented",Some commits the past month,More closed than open (The one open is a to do list),https://github.com/r9y9/nnsvs/blob/master/LICENSE,There is no evidence of any testing done on the project.,2023-10-09
rail-berkeley/softlearning,N,1343,1490,8647,The source code of this project has been organised into different modules in a way that shows the relationship between different files,Multiple contributors: https://github.com/rail-berkeley/softlearning/graphs/contributors,No indications of using CI services,"There is a well maintained README, codes are well documented",No commits the past month,"More closed than open, author does not respond frequently",https://github.com/rail-berkeley/softlearning/blob/master/LICENSE,There is no evidence of any testing done on the project.,2021-03-20
ray-project/ray,Y,39131,27237,637199,The source code of this project has been organised into different modules in a way that shows the relationship between different files,Multiple contributors: https://github.com/ray-project/ray/graphs/contributors,"The project uses various CI services to compute code coverage, check stylistic violations, etc.","There is a well maintained README, codes are well documented",Consistent commits in the last month,"More closed than open, author does not respond frequently",https://github.com/ray-project/ray/blob/master/LICENSE,There are many files related to testing,2025-09-27
regel/loudml,Y,303,1097,10676,The source code of this project has been organised into different modules in a way that shows the relationship between different files,Multiple contributors: https://github.com/regel/loudml/graphs/contributors,"The project uses various CI services to compute code coverage, check stylistic violations, etc.","There is a well maintained README, codes are well documented",Consistent commits in the last month,"More closed than open, author responds frequently",https://github.com/regel/loudml/blob/develop/LICENSE,There are many files related to testing,2020-08-04
RexYing/gnn-model-explainer,N,1006,180,3867,The source code of this project has been organised into different modules in a way that shows the relationship between different files.,https://github.com/RexYing/gnn-model-explainer/graphs/contributors shows that there are multiple contributors,CI is not used on the project.,There is a well-maintained documentation,No evidence of sustained commit activity,Do reply to issues but very little of the time,https://github.com/RexYing/gnn-model-explainer/blob/master/LICENSE is provided.,There is no evidence of any testing done on the project.,2021-01-21
ria-com/nomeroff-net,Y,486,1542,10722,The source code of this project has been organised into different modules in a way that shows the relationship between different files,Multiple contributors: https://github.com/ria-com/nomeroff-net/graphs/contributors,No indications of using CI services,"There is a well maintained README, codes are well documented",No commits the past month,"More closed than open, author does not respond frequently",https://github.com/ria-com/nomeroff-net/blob/master/LICENSE,There are many files related to testing,2025-09-26
richzhang/colorization-pytorch,N,605,294,1901,The source code of this project has been organised into different modules in a way that shows the relationship between different files,Multiple contributors: https://github.com/richzhang/colorization-pytorch/graphs/contributors,No indications of using CI services,"There is a README, some codes are documented",No commits the past month,"More closed than open, author responds sometimes",https://github.com/richzhang/colorization-pytorch/blob/master/LICENSE,There is only one file related to testing,2020-06-04
rlworkgroup/garage,Y,2023,1221,43186,The source code of this project has been organised into different modules in a way that shows the relationship between different files,Multipe contributors: https://github.com/rlworkgroup/garage/graphs/contributors,"The project uses various CI services to compute code coverage, check stylistic violations, etc.","There is a well maintained README, codes are well documented",Consistent commits in the last month,"More closed than open, author responds sometimes",https://github.com/rlworkgroup/garage/blob/master/LICENSE,There are many files related to testing,2023-01-04
robertness/causalML,N,782,367,2330,The source code of this project has been organised into different modules in a way that shows the relationship between different files with ad hoc scripts (Seems like a tutorial),Multiple contributors: https://github.com/robertness/causalML/graphs/contributors,No indications of using CI services,"There is a README, some codes are documented",No commits the past month,No open or closed issues,https://github.com/robertness/causalML/blob/master/LICENSE,There is no evidence of any testing done on the project.,2024-07-28
robotlearn/pyrobolearn,Y,410,340,67159,The source code of this project has been organised into different modules in a way that shows the relationship between different files,Multiple contributors: https://github.com/robotlearn/pyrobolearn/graphs/contributors,"The project uses various CI services to compute code coverage, check stylistic violations, etc.","There is a well maintained README, codes are well documented",Some commits the past month,"More open than closed, author sometimes replies",https://github.com/robotlearn/pyrobolearn/blob/master/LICENSE,There are many files related to testing,2020-12-02
ROCmSoftwarePlatform/tensorflow-upstream,Y,696,188754,757020,The source code of this project has been organised into different modules in a way that shows the relationship between different files.,https://github.com/ROCmSoftwarePlatform/tensorflow-upstream/graphs/contributors shows that there are multiple contributors,"No evidence of CI used, may missed out because there are alot of files",There is a well-maintained documentation,Evidence of sustained commit activity,"The project maintainers respond to issues, as evidenced by https://github.com/ROCmSoftwarePlatform/tensorflow-upstream/issues/1000 and https://github.com/ROCmSoftwarePlatform/tensorflow-upstream/issues/937",https://github.com/ROCmSoftwarePlatform/tensorflow-upstream/blob/develop-upstream/LICENSE is provided.,There are many files related to testing.,2025-09-26
RTIInternational/gobbli,Y,275,260,16425,The source code of this project has been organised into different modules in a way that shows the relationship between different files.,https://github.com/RTIInternational/gobbli/graphs/contributors shows that there are 2 contributors but 1 of them only committed 1 commits,The project uses Travis CI,There is a well-maintained documentation,Little evidence of sustained commit activity,Do reply to issues last time but not now,https://github.com/RTIInternational/gobbli/blob/master/LICENSE is provided.,There are many files related to testing.,2021-06-23
RussTedrake/underactuated,Y,870,1915,5955,The source code of this project has been organised into different modules in a way that shows the relationship between different files but quite messy,https://github.com/RussTedrake/underactuated/graphs/contributors shows that there are multiple contributors,Project uses Jenkins CI previously but seems to have removed it,There is a well-maintained documentation,Evidence of sustained commit activity but only recently,"The project maintainers respond to issues, as evidenced by https://github.com/RussTedrake/underactuated/issues/353 and https://github.com/RussTedrake/underactuated/issues/372",https://github.com/RussTedrake/underactuated/blob/master/LICENSE.TXT is provided.,There are files related to testing but not much,2025-08-28
rusty1s/pytorch_geometric,Y,22939,7889,124071,The source code of this project has been organised into different modules in a way that shows the relationship between different files,Multiple contributors: https://github.com/rusty1s/pytorch_geometric/graphs/contributors,"The project uses various CI services to compute code coverage, check stylistic violations, etc.","There is a well maintained README, codes are well documented",Consistent commits in the last month,"More closed than open, author responds frequently",https://github.com/rusty1s/pytorch_geometric/blob/master/LICENSE,There are many files related to testing,2025-09-23
rusty1s/pytorch_scatter,Y,1690,1049,1450,The source code of this project has been organised into different modules in a way that shows the relationship between different files,Multiple contributors: https://github.com/rusty1s/pytorch_scatter/graphs/contributors,"The project uses various CI services to compute code coverage, check stylistic violations, etc.","There is a well maintained README, codes are well documented",Some commits the past month,"More closed than open, author responds frequently",https://github.com/rusty1s/pytorch_scatter/blob/master/LICENSE,There are many files related to testing,2025-08-12
rwightman/pytorch-image-models,Y,35368,2940,83829,The source code of this project has been organised into different modules in a way that shows the relationship between different files with some ad hoc scripts,Multiple contributors: https://github.com/rwightman/pytorch-image-models/graphs/contributors,"The project uses various CI services to compute code coverage, check stylistic violations, etc.","There is a well maintained README, codes are well documented",Consistent commits in the last month,"More closed than open, author responds frequently",https://github.com/rwightman/pytorch-image-models/blob/master/LICENSE,There are many files related to testing,2025-09-24
rwth-i6/returnn,Y,370,12170,145490,The source code of the project consists of some ad-hoc scripts.,Multiple contributors: https://github.com/rwth-i6/returnn/graphs/contributors,"The project uses various CI services to compute code coverage, check stylistic violations, etc.","There is a well maintained README, codes are well documented",Consistent commits in the last month,"More closed than open, author responds sometimes",https://github.com/rwth-i6/returnn/blob/master/LICENSE,There are many files related to testing,2025-09-22
santi-pdp/pase,N,444,899,19207,The source code of the project consists of some ad-hoc scripts.,Multiple contributors: https://github.com/santi-pdp/pase/graphs/contributors,No indications of using CI services,"There is a README, some codes are documented",No commits the past month,"More open than closed, author seldom replies",https://github.com/santi-pdp/pase/blob/master/LICENSE,There is no evidence of any testing done on the project.,2020-05-10
scikit-learn-contrib/imbalanced-learn,Y,7038,896,16049,The source code of this project has been organised into different modules in a way that shows the relationship between different files,Multiple contributors: https://github.com/scikit-learn-contrib/imbalanced-learn/graphs/contributors,"The project uses various CI services to compute code coverage, check stylistic violations, etc.","There is a well maintained README, codes are well documented",Some commits the past month,"More closed than open, author does not respond frequently",https://github.com/scikit-learn-contrib/imbalanced-learn/blob/master/LICENSE,There are many files related to testing,2025-08-14
SeanNaren/deepspeech.pytorch,Y,2132,517,2590,The source code of this project has been organised into different modules in a way that shows the relationship between different files.,https://github.com/SeanNaren/deepspeech.pytorch/graphs/contributors shows that there are multiple contributors,CI is not used on the project.,There is a well-maintained documentation,Evidence of sustained commit activity but only recently,"The project maintainers respond to issues, as evidenced by https://github.com/SeanNaren/deepspeech.pytorch/issues/551 and https://github.com/SeanNaren/deepspeech.pytorch/issues/523",https://github.com/SeanNaren/deepspeech.pytorch/blob/master/LICENCE is provided.,There are files related to testing but not much,2022-10-24
SeldonIO/alibi,Y,2558,677,20797,The source code of this project has been organised into different modules in a way that shows the relationship between different files.,https://github.com/SeldonIO/alibi/graphs/contributors shows that there are multiple contributors,The project uses Travis and Circle CI,There is a well-maintained documentation,Little evidence of sustained commit activity,"The project maintainers respond to issues, as evidenced by https://github.com/SeldonIO/alibi/issues/256 and https://github.com/SeldonIO/alibi/issues/251 but not often as there's still a lot open issues",https://github.com/SeldonIO/alibi/blob/master/LICENSE is provided.,There are many files related to testing.,2025-09-23
SeldonIO/alibi-detect,Y,2429,746,24028,The source code of this project has been organised into different modules in a way that shows the relationship between different files.,https://github.com/SeldonIO/alibi-detect/graphs/contributors shows that there are multiple contributors,The project uses Travis CI,There is a well-maintained documentation,Little evidence of sustained commit activity,Do reply to issues last time but not now,https://github.com/SeldonIO/alibi-detect/blob/master/LICENSE is provided.,There are many files related to testing.,2025-09-03
SeldonIO/seldon-core,Y,4638,1207,3289,The source code of this project has been organised into different modules in a way that shows the relationship between different files.,https://github.com/SeldonIO/seldon-core/graphs/contributors shows that there are multiple contributors,The project uses Jenkins CI,There is a well-maintained documentation,Evidence of sustained commit activity but only recently,"The project maintainers respond to issues, as evidenced by https://github.com/SeldonIO/seldon-core/issues/2068 and https://github.com/SeldonIO/seldon-core/issues/2048",https://github.com/SeldonIO/seldon-core/blob/master/LICENSE is provided.,There are many files related to testing.,2025-09-26
serengil/deepface,Y,20627,2069,9137,The source code of this project has been organised into different modules in a way that shows the relationship between different files,Multiple contributors: https://github.com/serengil/deepface/graphs/contributors,No indications of using CI services,"There is a README, some codes are documented",Consistent commits in the last month,"One open issue, author did not respond",https://github.com/serengil/deepface/blob/master/LICENSE,There are many files related to testing,2025-09-26
sergionr2/RacingRobot,Y,226,301,1629,The source code of this project has been organised into different modules in a way that shows the relationship between different files,Multiple contributors: https://github.com/sergionr2/RacingRobot/graphs/contributors,No indications of using CI services,"There is a well maintained README, codes are well documented",No commits the past month,"More open than closed, author seldom replies",https://github.com/sergionr2/RacingRobot/blob/master/LICENSE,There are many files related to testing,2020-05-24
ShangtongZhang/DeepRL,N,3349,480,3019,The source code of this project has been organised into different modules in a way that shows the relationship between different files.,https://github.com/ShangtongZhang/DeepRL/graphs/contributors that there are multiple contributors but mainly 1,CI is not used on the project.,Most of the functions in the source code are not documented.,No evidence of sustained commit activity,"The project maintainers (mainly author) respond to issues, as evidenced by https://github.com/ShangtongZhang/DeepRL/issues/82 and https://github.com/ShangtongZhang/DeepRL/issues/81",https://github.com/ShangtongZhang/DeepRL/blob/master/LICENSE is provided.,There is no evidence of any testing done on the project.,2024-04-16
shibing624/pycorrector,Y,6185,949,16949,The source code of this project has been organised into different modules in a way that shows the relationship between different files,Multiple contributors: https://github.com/shibing624/pycorrector/graphs/contributors,"The project uses various CI services to compute code coverage, check stylistic violations, etc.","There is a well maintained README, codes are well documented",Consistent commits in the last month,"More closed than open, author responds frequently",https://github.com/shibing624/pycorrector/blob/master/LICENSE,There are many files related to testing,2025-09-08
shibing624/python-tutorial,N,2290,186,915,It's a collection of tutorials,One contributor,No indications of using CI services,There is a README,Some commits the past month,"One open issue, author replied",https://github.com/shibing624/python-tutorial/blob/master/LICENSE,There is no evidence of any testing done on the project.,2023-03-05
sigopt/sigopt-examples,Y,201,601,5255,The source code of this project has been organised into different modules in a way that shows the relationship between different files.,"Multiple contributors, each with contribution that is not negligible https://github.com/sigopt/sigopt-examples/graphs/contributors",Travis used,Documentation for each module,Commits are quite spread out,2 still open << 6 closed,License provided,X Doesn't seem to have unit test,2024-04-29
silvandeleemput/memcnn,Y,255,289,2751,X Not much,X 1-2 active contributers,CircleCI used,Documentation provided,Commit activity not negligible,4 open << 35 closed,License provided,X Doesn't seem to have unit test,2023-05-10
sisl/NeuralVerification.jl,Y,232,932,61,The source code of this project has been organised into different modules in a way that shows the relationship between different files.,1-3 active contributers,Travis used,Most of the functions in the source code are not documented.,Commits are quite spread out,27 open < 36 closed,License provided,There are many files related to testing.,2025-05-01
SkalskiP/ILearnDeepLearning.py,N,1384,203,1538,The source code of this project has been organised into different modules in a way that shows the relationship between different files.,https://github.com/SkalskiP/ILearnDeepLearning.py/graphs/contributors that there are multiple contributors but mainly 1,CI is not used on the project.,There is a well-maintained documentation,Little evidence of sustained commit activity,"The project maintainers (mainly author) respond to issues, as evidenced by https://github.com/SkalskiP/ILearnDeepLearning.py/issues/26 and https://github.com/SkalskiP/ILearnDeepLearning.py/issues/3",https://github.com/SkalskiP/ILearnDeepLearning.py/blob/master/LICENSE.md is provided.,There are many files related to testing but its everywhere,2023-12-10
skorch-dev/skorch,Y,6113,1123,20587,X The source code of the project exists as ad-hoc scripts.,"4-6 active contributers, 33 contributers in total",Travis used,Documentation not negligible,Commit activity not negligible,45 open << 266 closed,License provided,X Doesn't seem to have unit test,2025-08-15
slundberg/shap,Y,24462,2867,23375,The source code of this project has been organised into different modules in a way that shows the relationship between different files.,"1 has significantly more commits than others, but 87 contributers",Travis used,Documentation provided,Commit activity not negligible,643 open >> 428 closed,License provided,A number of tests,2025-09-26
snap-stanford/ogb,N,2036,679,21473,The source code of this project has been organised into different modules in a way that shows the relationship between different files.,1-3 active contributers out of 7,X CI is not used on the project.,Documentation provided,"Recent, Commit activity not negligible",1 open <<< 32 closed,License provided,X Doesn't seem to have unit test,2025-05-06
snipsco/tract,Y,2601,8101,1472,The source code of this project has been organised into different modules in a way that shows the relationship between different files.,"1 has significantly more commits than others, but 14 contributers",Travis used,Documentation provided,"Recent, Commit activity not negligible",13 open < 28 closed,License provided,X Doesn't seem to have unit test,2025-09-26
snorkel-team/snorkel,Y,5918,2693,7633,The source code of this project has been organised into different modules in a way that shows the relationship between different files.,4 active contributors out of 52,Travis used,Documentation provided mostly in links,Commits are quite spread out,27 open << 880 closed,License provided,There are many files related to testing.,2024-02-27
songlab-cal/tape,N,719,344,4763,X The source code of the project exists as ad-hoc scripts.,X Author has 286 commits while the other 2 has 1 each,X CI is not used on the project.,Documentation provided,"Recent, Commit activity not negligible",14 open < 34 closed,License provided,X 2 tests,2021-09-07
SPFlow/SPFlow,Y,304,650,16505,The source code of this project has been organised into different modules in a way that shows the relationship between different files.,https://github.com/SPFlow/SPFlow/graphs/contributors shows that there are multiple contributors,CI is not used on the project.,There is a well-maintained documentation,Little evidence of sustained commit activity,"The project maintainers respond to issues, as evidenced by https://github.com/SPFlow/SPFlow/issues/78 and https://github.com/SPFlow/SPFlow/issues/58 but not often",https://github.com/SPFlow/SPFlow/blob/master/LICENSE.md is provided.,There is no evidence of any testing done on the project.,2025-04-04
spmallick/learnopencv,N,22329,2608,120110,"Many folders, each have a few files inside",4 active contributors our of 17,X CI is not used on the project.,Documentation provided mostly in links,"Recent, Commit activity not negligible",146 open >> 43 closed,License provided,X Doesn't seem to have unit test,2025-09-23
spotify/zoltar,Y,142,505,99,The source code of this project has been organised into different modules in a way that shows the relationship between different files.,11 active contributors our of 42,X CI is not used on the project.,Documentation provided https://github.com/spotify/zoltar/tree/master/docs/src,Commit activity not negligible,17 open < 49 closed,License provided,A number of tests,2023-02-18
SpursLipu/YOLOv3-ModelCompression-MultidatasetTraining-Multibackbone,N,444,438,10754,The source code of this project has been organised into different modules in a way that shows the relationship between different files.,There are no contributors to the project other than the author.,CI is not used on the project.,There is a well-maintained documentation,Little evidence of sustained commit activity,"The project maintainers (mainly author) respond to issues, as evidenced by https://github.com/SpursLipu/YOLOv3v4-ModelCompression-MultidatasetTraining-Multibackbone/issues/21 and https://github.com/SpursLipu/YOLOv3v4-ModelCompression-MultidatasetTraining-Multibackbone/issues/29","There is no license to be found, either in the form of a license file or written inside the source code file.",Only 1 test file,2022-05-15
sql-machine-learning/elasticdl,Y,743,1829,21950,The source code of this project has been organised into different modules in a way that shows the relationship between different files.,14 active contributors out of 18,Travis used,Documentation provided,"Recent, Commit activity not negligible",101 open << 641 closed,License provided,Tests contained,2024-01-26
sshuair/torchsat,Y,397,110,5250,Organised here https://github.com/sshuair/torchsat/tree/master/torchsat,X There are no contributors to the project other than the author.,X CI is not used on the project.,Documentation provided mostly in links,"Recent, Commit activity not negligible","3 open, 4 closed",License provided,4 tests,2020-06-20
stanfordnlp/stanza,Y,7607,4785,51429,X The source code of the project exists as ad-hoc scripts.,6 active contributors out of 18,Travis used,Documentation provided mostly in links,Commit activity not negligible,36 open << 260 closed,License provided,Quite a number of tests,2024-12-24
StanfordVL/MinkowskiEngine,Y,2778,531,12760,The source code of this project has been organised into different modules in a way that shows the relationship between different files.,https://github.com/StanfordVL/MinkowskiEngine/graphs/contributors shows that there are multiple contributors but mainly 1,CI is not used on the project.,There is a well-maintained documentation,Evidence of sustained commit activity but seems to commits number seems to be falling,"The project maintainers respond to issues, as evidenced by https://github.com/SeldonIO/seldon-core/issues/2068 and https://github.com/SeldonIO/seldon-core/issues/2048",https://github.com/StanfordVL/MinkowskiEngine/blob/master/LICENSE is provided.,There are many files related to testing,2023-03-22
stellargraph/stellargraph,Y,3026,2535,27496,The source code of this project has been organised into different modules in a way that shows the relationship between different files.,13 active contributors out of 24,X CI is not used on the project.,Documentation provided mostly in links,"Recent, Commit activity not negligible",202 open << 650 closed,License provided,Quite a number of tests,2021-10-29
stephenhky/PyShortTextCategorization,Y,472,1539,2590,"Many folders, each have a few files inside in https://github.com/stephenhky/PyShortTextCategorization/tree/master/shorttext","1 has significantly more commits than others, but 5 contributers",Travis used,Documentation mostly in links,Commit activity not negligible,6 open << 32 closed,License provided,A number of tests,2025-09-19
streamlit/streamlit,Y,41585,8344,113797,Organised but not in modules,"2 have significantly more commits than others, but 51 contributers",CircleCI used,Documentation provided,"Recent, Commit activity not negligible",387 open < 608 closed,License provided,A number of tests https://github.com/streamlit/streamlit/tree/develop/lib/tests,2025-09-26
studioml/studio,Y,380,2412,12169,The source code of this project has been organised into different modules in a way that shows the relationship between different files.,"1 has significantly more commits than others, but 5 contributers",Travis used,Documentation mostly in links,Commit activity not negligible,55 open << 179 closed,License provided,There are many files related to testing.,2023-09-06
Sujit-O/pykg2vec,Y,617,1402,4641,The source code of this project has been organised into different modules in a way that shows the relationship between different files.,https://github.com/Sujit-O/pykg2vec/graphs/contributors shows that there are multiple contributors,The project uses Travis and Circle CI,There is a well-maintained documentation,Little evidence of sustained commit activity,"The project maintainers respond to issues, as evidenced by https://github.com/StanfordVL/MinkowskiEngine/issues/150 and https://github.com/StanfordVL/MinkowskiEngine/issues/165",https://github.com/Sujit-O/pykg2vec/blob/master/LICENSE is provided.,There are many files related to testing,2021-04-21
SurrealAI/surreal,Y,490,1418,9429,The source code of this project has been organised into different modules in a way that shows the relationship between different files.,https://github.com/SurrealAI/surreal/graphs/contributors shows that there are multiple contributors,CI is not used on the project.,There is a well-maintained documentation,No evidence of sustained commit activity,Issues tab disabled but maintainers do respond to pull requests,https://github.com/SurrealAI/surreal/blob/master/LICENSE is provided.,There are files related to testing but not much,2020-05-05
swechhachoudhary/Handwriting-synthesis,N,252,150,1305,Organised but not in modules,X There are no contributors to the project other than the author.,X CI is not used on the project.,X not much,Most activity was last year,"1 open, none closed",License provided,Few tests,2020-12-10
taehoonlee/tensornets,Y,1002,284,9404,Organised but not in modules,X Author has 267 commits while the other 4 has 1-2 each,Travis used,Documentation provided,"Recent, Commit activity not negligible",14 open < 42 closed,License provided,Few tests,2021-01-02
TAMU-VITA/DeblurGANv2,N,1143,133,2268,The source code of this project has been organised into different modules in a way that shows the relationship between different files.,https://github.com/TAMU-VITA/DeblurGANv2/graphs/contributors shows that there are multiple contributors,CI is not used on the project.,Most of the functions in the source code are not documented.,No evidence of sustained commit activity,Did not reply to this year's issues and questions,https://github.com/TAMU-VITA/DeblurGANv2/blob/master/LICENSE is provided.,There are files related to testing but not much,2022-07-14
TarrySingh/Artificial-Intelligence-Deep-Learning-Machine-Learning-Tutorials,N,3911,1406,186758,Organized into projects where each project source code exists as ad-hoc scripts.,There are no contributors to the project other than the author.,The project uses Travis CI,There is a well-maintained documentation,No evidence of sustained commit activity,The author of the project does not reply to issues or close them.,https://github.com/TarrySingh/Artificial-Intelligence-Deep-Learning-Machine-Learning-Tutorials/blob/master/LICENSE is provided.,There are many projects in this git and some of them have test files,2025-03-19
tech-srl/code2vec,N,1144,166,2345,X The source code of the project exists as ad-hoc scripts.,"2 have significantly more commits than others, but 10 contributers",X CI is not used on the project.,Documentation provided,Commit activity not negligible,2 open << 73 closed,License provided,Few tests,2023-09-20
tensorflow/addons,Y,1707,1519,28322,The source code of this project has been organised into different modules in a way that shows the relationship between different files.,"2 have significantly more commits than others, but 103 contributers",X CI is not used on the project.,Documentation provided,"Recent, Commit activity not negligible",113 open < 473 closed,License provided,Few tests https://github.com/tensorflow/addons/tree/master/tools/testing,2024-04-15
tensorflow/cleverhans,Y,6365,3203,31102,Organised but not in modules,"2 have significantly more commits than others, but 93 contributers",Travis used,Documentation provided,Commit activity not negligible,48 open << 371 closed,License provided,Quite a number of tests,2023-01-31
tensorflow/compression,Y,899,303,9288,Organised but not in modules,"2-3 have significantly more commits than others, but 15 contributers",X CI is not used on the project.,Documentation provided,"Recent, Commit activity not negligible",4 open << 37 closed,License provided,X Doesn't seem to have unit test,2025-08-19
tensorflow/data-validation,Y,773,995,28157,Organised but not in modules,"2 have significantly more commits than others, but 4 contributers",X CI is not used on the project.,Documentation provided,"Recent, Commit activity not negligible",34 open < 62 closed,License provided,X 1 integration test https://github.com/tensorflow/data-validation/tree/master/tensorflow_data_validation/integration_tests,2025-06-23
tensorflow/examples,N,8185,2187,31727,The source code of this project has been organised into different modules in a way that shows the relationship between different files.,"1 has significantly more commits than others, but 177 contributers",X CI is not used on the project.,Documentation provided,"Recent, Commit activity not negligible",46 open < 180 closed,License provided,X Doesn't seem to have unit test,2025-08-21
tensorflow/fairness-indicators,Y,353,397,1520,2 modules,"2 have significantly more commits than others, but 11 contributers",X CI is not used on the project.,Documentation provided,"Recent, Commit activity not negligible",all closed,License provided,X Doesn't seem to have unit test,2025-08-04
tensorflow/federated,Y,2397,5691,96954,X The source code of the project exists as ad-hoc scripts.,"4 have significantly more commits than others, but 53 contributers",X CI is not used on the project.,Documentation provided,"Recent, Commit activity not negligible",21 open < 142 closed,License provided,X Doesn't seem to have unit test,2025-09-28
tensorflow/graphics,Y,2781,770,33411,The source code of this project has been organised into different modules in a way that shows the relationship between different files.,"1 has significantly more commits than others, but 20contributers",X CI is not used on the project.,Documentation provided,"Recent, Commit activity not negligible",40 open < 74 closed,License provided,A number of tests https://github.com/tensorflow/graphics/tree/master/tensorflow_graphics/util/tests,2025-02-03
tensorflow/io,Y,731,1700,26222,The source code of this project has been organised into different modules in a way that shows the relationship between different files.,"1 has significantly more commits than others, but 20 contributers",X CI is not used on the project.,Documentation provided,"Recent, Commit activity not negligible",100 open < 213 closed,License provided,There are many files related to testing. https://github.com/tensorflow/io/tree/master/tests,2025-04-10
tensorflow/lucid,Y,4699,667,7378,The source code of this project has been organised into different modules in a way that shows the relationship between different files.,"3 have significantly more commits than others, but 27 contributers",Travis used,Documentation provided,Commit activity not negligible,57 open < 92 closed,License provided,There are many files related to testing. https://github.com/tensorflow/io/tree/master/tests,2021-03-19
tensorflow/mesh,Y,1615,658,25010,A few folders,"1 has significantly more commits than others, but 29 contributers",X CI is not used on the project.,Documentation provided,Commit activity not negligible,31 open < 9 closed,License provided,A number of tests https://github.com/tensorflow/graphics/tree/master/tensorflow_graphics/util/tests,2023-11-17
tensorflow/model-analysis,Y,1267,1570,49874,Organised but not in modules,"2 has significantly more commits than others, but 28 contributers",X CI is not used on the project.,Documentation provided,"Recent, Commit activity not negligible",14 open < 20 closed,License provided,A number of tests https://github.com/tensorflow/graphics/tree/master/tensorflow_graphics/util/tests,2025-08-06
tensorflow/models,N,77643,9655,379080,Organised but not in modules,"100 contributers, most significant",X CI is not used on the project.,X Most of the functions in the source code are not documented.,"Recent, Commit activity not negligible",820 open << 4647 closed,License provided,Few tests https://github.com/tensorflow/models/tree/master/official/utils/testing/scripts,2025-09-27
tensorflow/privacy,Y,1985,899,30114,The source code of this project has been organised into different modules in a way that shows the relationship between different files. https://github.com/tensorflow/privacy/tree/master/tensorflow_privacy/privacy,"6 has significantly more commits than others, but 26contributers",X CI is not used on the project.,X Most of the functions in the source code are not documented.,"Recent, Commit activity not negligible",22 open < 66 closed,License provided,X Doesn't seem to have unit test,2025-06-13
tensorflow/quantum,Y,2017,934,15821,Organised but not in modules,"2 have significantly more commits than others, but 16 contributers",X CI is not used on the project.,X Most of the functions in the source code are not documented.,"Recent, Commit activity not negligible",36 open < 61 closed,License provided,A number of tests https://github.com/tensorflow/quantum/tree/master/benchmarks/scripts,2025-09-14
tensorflow/ranking,Y,2781,556,21292,"Organised but not in modules, not many files too","3 have significantly more commits than others, but 15 contributers",X CI is not used on the project.,X Most of the functions in the source code are not documented.,Commit activity not negligible,13 open < 176 closed,License provided,Quite a number of tests https://github.com/tensorflow/ranking/tree/master/tensorflow_ranking/python,2024-03-18
tensorflow/serving,Y,6325,9171,2292,Organised but not in modules,"1 has significantly more commits than others, but 100 contributers",X CI is not used on the project.,X Most of the functions in the source code are not documented.,Commit activity not negligible,67 open << 1086 closed,License provided,X 2 tests https://github.com/tensorflow/serving/tree/master/tensorflow_serving/test_util,2025-09-26
tensorflow/tcav,Y,646,171,2100,X The source code of the project exists as ad-hoc scripts.,"2 have significantly more commits than others, but 10 contributers",X CI is not used on the project.,X Most of the functions in the source code are not documented.,Commit activity not negligible,2 open << 31 closed,License provided,X Doesn't seem to have unit test,2021-09-16
tensorflow/text,N,1273,922,18446,"Organised but not in modules, not many files too","1 has significantly more commits than others, but 23 contributers",X CI is not used on the project.,X Most of the functions in the source code are not documented.,"Recent, Commit activity not negligible",20 open < 50 closed,License provided,X few test,2025-08-18
tensorflow/tfjs,Y,18968,6112,12161,The source code of this project has been organised into different modules in a way that shows the relationship between different files.,"100 contributers, most significant",X CI is not used on the project.,Documentation mostly in links,"Recent, Commit activity not negligible",376 open << 1828 closed,License provided,Have,2025-06-06
tensorforce/tensorforce,Y,3316,2116,22423,Organised but not in modules,"3 have significantly more commits than others, but 59 contributers",Travis used,Documentation mostly in links,Commit activity not negligible,11 open < 490 closed,License provided,Quite a number of tests https://github.com/tensorforce/tensorforce/tree/master/test,2024-07-31
tensorlayer/hyperpose,Y,1263,538,8411,Organised but not in modules,"2 have significantly more commits than others, but 14 contributers",X CI is not used on the project.,X not much,Commit activity not negligible,6 open << 120 closed,"X There is no license to be found, either in the form of a license file or written inside the source code file.",X Doesn't seem to have unit test,2021-11-13
tensorlayer/RLzoo,Y,640,346,8119,Organised but not in modules,"2 have significantly more commits than others, but 5contributers",X CI is not used on the project.,Documentation mostly in links,"Recent, Commit activity not negligible",2 open < 9closed,License provided,X Doesn't seem to have unit test,2022-12-15
tensorlayer/tensorlayer,Y,7374,3353,28813,Organised but not in modules,"1 has significantly more commits than others, but 84 contributers",Travis used,Documentation provided,Commit activity not negligible,34 open < 403 closed,License provided,Quite a number of tests https://github.com/tensorforce/tensorforce/tree/master/test,2023-02-18
tensorpack/tensorpack,Y,6303,2944,24811,The source code of this project has been organised into different modules in a way that shows the relationship between different files. https://github.com/tensorflow/privacy/tree/master/tensorflow_privacy/privacy,"2 has significantly more commits than others, but 53 contributers",X CI is not used on the project.,Documentation provided,Commit activity not negligible,7 open << 1k+ closed,License provided,A number of tests https://github.com/tensorpack/tensorpack/tree/master/tests,2023-08-06
tensorwerk/hangar-py,Y,205,616,25556,The source code of this project has been organised into different modules in a way that shows the relationship between different files. https://github.com/tensorflow/privacy/tree/master/tensorflow_privacy/privacy,"1 has significantly more commits than others, but 5contributers",Travis used,Documentation provided,Commit activity not negligible,19 open < 44 closed,License provided,Quite a number of tests https://github.com/tensorwerk/hangar-py/tree/master/tests,2020-09-02
Tessellate-Imaging/Monk_Object_Detection,Y,641,772,322272,Organized into projects where each project source code exists as ad-hoc scripts.,https://github.com/Tessellate-Imaging/Monk_Object_Detection/graphs/contributors shows that there are multiple contributors but mainly 1,CI is not used on the project.,There is a well-maintained documentation,Evidence of sustained commit activity but not very stable,"The project maintainers respond to issues, as evidenced by https://github.com/Tessellate-Imaging/Monk_Object_Detection/issues/37 and https://github.com/Tessellate-Imaging/Monk_Object_Detection/issues/32 but not often",https://github.com/Tessellate-Imaging/Monk_Object_Detection/blob/master/LICENSE.md is provided.,There are many projects in this git and some of them have test files,2020-11-24
Tessellate-Imaging/monk_v1,Y,582,600,59957,Organized into projects where each project source code have been organised into different modules in a way that shows the relationship between different files.,https://github.com/Tessellate-Imaging/monk_v1/graphs/contributors shows that there are multiple contributors,CI is not used on the project.,There is a well-maintained documentation,Evidence of sustained commit activity,"The project maintainers (mainly 1 person) respond to issues, as evidenced by https://github.com/Tessellate-Imaging/monk_v1/issues/75 and https://github.com/Tessellate-Imaging/monk_v1/issues/33",https://github.com/Tessellate-Imaging/monk_v1/blob/master/LICENSE.md is provided.,There are many files related to testing,2020-10-28
tf-encrypted/tf-encrypted,Y,1235,605,22814,Organised but not in modules,"1 has significantly more commits than others, but 24 contributers",CircleCI used,Documentation provided,Commit activity not negligible,155 open < 222 closed,License provided,Quite a number of tests,2024-09-25
TheAlgorithms/Python,Y,209443,3597,46108,The source code of this project has been organised into different modules in a way that shows the relationship between different files.,https://github.com/TheAlgorithms/Python/graphs/contributors shows that there are multiple contributors,The project uses Travis CI,Most of the functions in the source code are not documented.,Evidence of sustained commit activity,"The project maintainers respond to issues, as evidenced by https://github.com/TheAlgorithms/Python/issues/1919 and https://github.com/TheAlgorithms/Python/issues/2153, a lot of spam issues in this project by random users",https://github.com/TheAlgorithms/Python/blob/master/LICENSE.md is provided.,There is no evidence of any testing done on the project.,2025-09-24
THUDM/cogdl,Y,1800,486,36153,The source code of this project has been organised into different modules in a way that shows the relationship between different files.,https://github.com/THUDM/cogdl/graphs/contributors shows that there are multiple contributors,The project uses Travis CI,There is a well-maintained documentation,Only until recent 2 months with evidence of sustained commits,"The project maintainers respond to issues, as evidenced by https://github.com/THUDM/cogdl/issues/23 and https://github.com/THUDM/cogdl/issues/11",https://github.com/THUDM/cogdl/blob/master/LICENSE is provided.,There are many files related to testing,2023-11-08
thu-ml/tianshou,Y,8802,1175,35503,Organised but not in modules,"1 has significantly more commits than others, but 19 contributers",X CI is not used on the project.,Documentation provided,"Recent, Commit activity not negligible",16 open < 47 closed,License provided,A number of tests,2025-09-06
thunlp/OpenNRE,N,4429,177,3137,Organised but not in modules,"1 has significantly more commits than others, but 5 contributers",X CI is not used on the project.,X not much,Commit activity not negligible,all closed,License provided,X 1 test https://github.com/thunlp/OpenNRE/tree/master/tests,2024-01-10
Tianxiaomo/pytorch-YOLOv4,N,4521,261,4678,The source code of the project exists as ad-hoc scripts.,https://github.com/Tianxiaomo/pytorch-YOLOv4/graphs/contributors shows that there are multiple contributors,CI is not used on the project.,There is a well-maintained documentation,Evidence of sustained commit activity,"The project maintainers respond to issues, as evidenced by https://github.com/Tianxiaomo/pytorch-YOLOv4/issues/140 and https://github.com/Tianxiaomo/pytorch-YOLOv4/issues/134",https://github.com/Tianxiaomo/pytorch-YOLOv4/blob/master/License.txt is provided.,There is no evidence of any testing done on the project.,2021-12-12
tianzhi0549/FCOS,Y,3336,296,11314,Organised but not in modules,"1 has significantly more commits than others, but 63 contributers",X CI is not used on the project.,X Most of the functions in the source code are not documented.,Commits are quite spread out,116 open < 157 closed,License provided,Quite a number of tests,2023-12-09
Tiiiger/QPyTorch,Y,285,246,3868,The source code of this project has been organised into different modules in a way that shows the relationship between different files.,https://github.com/Tiiiger/QPyTorch/graphs/contributors shows that there are multiple contributors but mainly 1,CI is not used on the project.,There is a well-maintained documentation,No evidence of sustained commit activity,"The project author respond to issues, as evidenced by https://github.com/Tiiiger/QPyTorch/issues/31 and https://github.com/Tiiiger/QPyTorch/issues/21",https://github.com/Tiiiger/QPyTorch/blob/master/LICENSE is provided.,There are many files related to testing,2024-05-20
timesler/facenet-pytorch,Y,4993,252,1467,Organised but not in modules,"1 has significantly more commits than others, but 7 contributers",Travis used,Documentation mostly in links,Commit activity not negligible,9 open < 56 closed,License provided,X 3 tests,2024-08-02
tirthajyoti/Machine-Learning-with-Python,N,3251,502,1349,The source code of this project has been organised into different modules in a way that shows the relationship between different files. https://github.com/tensorflow/privacy/tree/master/tensorflow_privacy/privacy,"There is 1 contributor other than the author, but 1 commit with 1++ 1-- only",X CI is not used on the project.,Documentation provided,Commits are quite spread out,1 open < 4 closed,License provided,X Doesn't seem to have unit test,2022-09-14
tlatkowski/multihead-siamese-nets,Y,182,152,1360,Organised but not in modules,"There is 1 contributor other than the author, but 1 commit only",Travis used,X not much,Commits are quite spread out,same no. of open as closed,License provided,Few,2023-01-03
tobybreckon/fire-detection-cnn,N,564,266,695,X The source code of the project exists as ad-hoc scripts.,"1-2 has significantly more commits than others, but 4 contributers",X CI is not used on the project.,X Most of the functions in the source code are not documented.,Commits are quite spread out,3 open < 40 closed,License provided,X Doesn't seem to have unit test,2021-04-27
tofunlp/lineflow,Y,181,786,2795,X The source code of the project exists as ad-hoc scripts.,"There is 1 contributor other than the author, but 8 commits only",Travis used,X Most of the functions in the source code are not documented.,Commits are quite spread out,2 open < 29 closed,License provided,Few,2023-03-27
torchgan/torchgan,Y,1426,126,4297,Organised but not in modules,"1 has significantly more commits than others, but 7 contributers",Travis used,Documentation provided,Commits are quite spread out,16 open < 24 closed,License provided,A number of tests,2021-10-19
totalgood/nlpia,Y,630,1045,9716,Organised but not in modules,"1 has significantly more commits than others, but 8 contributers",Travis used,X Have but Most of the functions in the source code are not documented.,"Recent, Commit activity not negligible",4 open < 14 closed,License provided,No,2021-07-17
trekhleb/machine-learning-experiments,N,1763,843,98,The source code of this project has been organised into different modules in a way that shows the relationship between different files. https://github.com/tensorflow/privacy/tree/master/tensorflow_privacy/privacy,X There are no contributors to the project other than the author.,X CI is not used on the project.,X Most of the functions in the source code are not documented.,Quite alot of commits past month,"2 open, none closed",License provided,X Doesn't seem to have unit test,2024-11-12
tristandeleu/pytorch-maml-rl,N,864,227,1710,Organised but not in modules,"1 has significantly more commits than others, but 3 contributers",X CI is not used on the project.,X not much,Quite alot of commits past month,6 open < 27 closed,License provided,X Doesn't seem to have unit test,2020-08-31
tristandeleu/pytorch-meta,Y,2047,382,6259,Organised but not in modules,"1 has significantly more commits than others, but 7 contributers",Travis used,X not much,Commit activity not negligible,9 open < 32 closed,License provided,A number,2021-09-20
tslearn-team/tslearn,Y,3037,1685,10150,X The source code of the project exists as ad-hoc scripts.,"2 has significantly more commits than others, but 23 contributers",X CI is not used on the project.,X not much,Quite alot of commits past month,21 open << 154 closed,License provided,Quite a number of tests,2025-09-26
uber/causalml,Y,5589,653,11144,Organised but not in modules,"2 has significantly more commits than others, but 14contributers",Travis used,Documentation provided,Commits are quite spread out,20 open < 80 closed,License provided,A number,2025-09-26
uber/ludwig,Y,11590,3861,95376,Organised but not in modules,"1 has significantly more commits than others, but 71 contributers",Travis used,Documentation provided,"Recent, Commit activity not negligible",82 open << 337 closed,License provided,A number,2024-10-17
udacity/CarND-Capstone,N,190,122,674,The source code of this project has been organised into different modules in a way that shows the relationship between different files. https://github.com/tensorflow/privacy/tree/master/tensorflow_privacy/privacy,"2 has significantly more commits than others, but 15 contributers",X CI is not used on the project.,X not much,Commit activity not negligible,33 open > 24 closed,License provided,X Doesn't seem to have unit test,2022-09-15
UKPLab/sentence-transformers,Y,17603,2375,39022,The source code of this project has been organised into different modules in a way that shows the relationship between different files.,https://github.com/UKPLab/sentence-transformers/graphs/contributors shows that there are multiple contributors,CI is not used on the project.,There is a well-maintained documentation,Evidence of sustained commit activity but not very stable,"The project maintainers respond to issues, as evidenced by https://github.com/UKPLab/sentence-transformers/issues/282 and https://github.com/UKPLab/sentence-transformers/issues/239 but a lot issues left open",https://github.com/TheAlgorithms/Python/blob/master/LICENSE.md is provided.,There are many files related to testing,2025-09-26
ultralytics/xview-yolov3,N,277,932,1899,Organised but not in modules,X There are no contributors to the project other than the author.,X CI is not used on the project.,X not much,Commits are quite spread out,1 open << 21 closed,License provided,X Doesn't seem to have unit test,2025-09-21
ultralytics/yolov3,Y,10457,2899,11096,Organised but not in modules,"1 has significantly more commits than others, but 33 contributers",X CI is not used on the project.,X not much,"Recent, Commit activity not negligible",104 open << 1164 closed,License provided,X 1,2025-08-26
ultralytics/yolov5,Y,55509,2916,11454,Organised but not in modules,"1 has significantly more commits than others, but 11 contributers",X CI is not used on the project.,Tutorials provided,"Recent, Commit activity not negligible",139 open > 105 closed,License provided,X 1,2025-09-21
Unity-Technologies/marathon-envs,Y,311,408,676,The source code of this project has been organised into different modules in a way that shows the relationship between different files.,https://github.com/Unity-Technologies/marathon-envs/graphs/contributors shows that there are multiple contributors,CI is not used on the project.,Most of the functions in the source code are not documented.,Evidence of sustained commit activity but only recently,"The project maintainers respond to issues, as evidenced by https://github.com/Unity-Technologies/marathon-envs/issues/31 and https://github.com/Unity-Technologies/marathon-envs/issues/30",https://github.com/Unity-Technologies/marathon-envs/blob/master/LICENSE is provided.,Only found 1 test file,2020-08-19
Unity-Technologies/ml-agents,Y,18685,3541,27918,The source code of this project has been organised into different modules in a way that shows the relationship between different files but quite messy,https://github.com/Unity-Technologies/ml-agents/graphs/contributors shows that there are multiple contributors,The project uses Circle CI,There is a well-maintained documentation,Evidence of sustained commit activity,"The project maintainers respond to issues, as evidenced by https://github.com/Unity-Technologies/ml-agents/issues/4141 and https://github.com/Unity-Technologies/ml-agents/issues/4112",https://github.com/Unity-Technologies/ml-agents/blob/master/LICENSE is provided.,There are files related to testing,2025-09-17
urduhack/urduhack,Y,300,128,5688,The source code of this project has been organised into different modules in a way that shows the relationship between different files. https://github.com/tensorflow/privacy/tree/master/tensorflow_privacy/privacy,"2 has significantly more commits than others, but 6 contributers",Travis used,Documentation provided,"Recent, Commit activity not negligible",all closed,License provided,X 2,2023-04-27
vaexio/vaex,Y,8432,3712,63938,Organised but not in modules,"1 has significantly more commits than others, but 23 contributers",Travis used,Documentation provided,Commit activity not negligible,154 open < 291 closed,License provided,There are many files related to testing. https://github.com/tensorflow/io/tree/master/tests,2025-09-03
VainF/pytorch-msssim,N,1200,155,700,The source code of this project has been organised into different modules in a way that shows the relationship between different files.,https://github.com/VainF/pytorch-msssim/graphs/contributors shows that there are multiple contributors but mainly 1,CI is not used on the project.,There is a well-maintained documentation,No evidence of sustained commit activity,"The project author respond to issues, as evidenced by https://github.com/VainF/pytorch-msssim/issues/17 and https://github.com/VainF/pytorch-msssim/issues/16",https://github.com/VainF/pytorch-msssim/blob/master/LICENSE is provided.,There are many files related to testing,2023-08-16
vanvalenlab/deepcell-tf,Y,465,421,14131,Organised but not in modules,"1 has significantly more commits than others, but 12 contributers",Travis used,Documentation provided,"Recent, Commit activity not negligible",29 open << 120 closed,License provided,X Doesn't seem to have unit test,2024-08-30
veaba/ncov,N,249,167,409,Organised but not in modules and few files,"1 main contributer, the other has 1 commit",X CI is not used on the project.,in chinese,Commit activity not negligible,17 open > 7 closed,License provided,X Doesn't seem to have unit test,2022-12-11
VertaAI/modeldb,Y,1740,4114,111928,The source code of this project has been organised into different modules in a way that shows the relationship between different files.,https://github.com/VertaAI/modeldb/graphs/contributors shows that there are multiple contributors,CI is not used on the project.,There is a well-maintained documentation,Evidence of sustained commit activity,"The project maintainers respond to issues, as evidenced by https://github.com/VertaAI/modeldb/issues/564 and https://github.com/VertaAI/modeldb/issues/259 but a lot issues left open",https://github.com/VertaAI/modeldb/blob/master/DEPLOY.md is provided.,There are many files related to testing,2024-04-25
vespa-engine/sample-apps,Y,380,5644,11979,The source code of this project has been organised into different modules in a way that shows the relationship between different files. https://github.com/tensorflow/privacy/tree/master/tensorflow_privacy/privacy,around 14 have significant contributions,Travis used,Documentation provided,"Recent, Commit activity not negligible",no issues,License provided,X Doesn't seem to have unit test,2025-09-24
videoflow/videoflow,Y,1029,507,2650,The source code of this project has been organised into different modules in a way that shows the relationship between different files. https://github.com/tensorflow/privacy/tree/master/tensorflow_privacy/privacy,"1 has significantly more commits than others, 3 contributers",Travis used,Documentation provided,Commits are quite spread out,15 open < 34 closed,License provided,A number,2022-01-20
vita-epfl/monoloco,Y,453,297,6421,Organised but not in modules,"2 has significantly more commits than others, but 11 contributers",Travis used,Documentation provided,Commits are quite spread out,1 open << 11 closed,License provided,A number,2021-09-09
vita-epfl/openpifpaf,Y,91,1746,19893,Organised but not in modules,"1 has significantly more commits than others, 3 contributers",Travis used,Documentation provided,Commit activity not negligible,7 open << 113 closed,License provided,A number,2024-03-14
vwxyzjn/cleanrl,N,7945,841,12634,X The source code of the project exists as ad-hoc scripts.,"1 has significantly more commits than others, 2 contributers",X CI is not used on the project.,Documentation provided,"Recent, Commit activity not negligible",3 open < 7 closed,License provided,A number,2025-07-08
wandb/client,Y,10367,8446,217482,The source code of this project has been organised into different modules,about 11 active contributors,CircleCI used,Documentation provided,"Recent, Commit activity not negligible",207 open < 354 closed,License provided,There are many files related to testing. https://github.com/tensorflow/io/tree/master/tests,2025-09-27
wandb/examples,N,1181,1003,7128,X The source code of the project exists as ad-hoc scripts in folders,Yes,X CI is not used on the project.,X not much,Commits are quite spread out,3 open > 1 closed,"X There is no license to be found, either in the form of a license file or written inside the source code file.",X 1,2025-09-23
wikipedia2vec/wikipedia2vec,Y,956,333,4481,X The source code of the project exists as ad-hoc scripts in folders,"1 has significantly more commits than others, 30 contributers",CircleCI used,X not much,Commits are quite spread out,all closed,License provided,A few,2024-01-11
wjmaddox/swa_gaussian,N,472,346,7291,The experiments of this project has been organised into different modules,"2 has significantly more commits than others, 6 contributers",X CI is not used on the project.,X Most of the functions in the source code are not documented.,about 1+ per month,2 open < 7 closed,License provided,X 2,2023-01-04
wubinzzu/NeuRec,N,1059,217,6930,Organised but not in modules,"1 has significantly more commits than others, 3 contributers",Travis used,X Most of the functions in the source code are not documented.,Commit activity not negligible,8 open < 10 closed,License provided,X Doesn't seem to have unit test,2021-11-26
x4nth055/pythoncode-tutorials,N,2913,641,41945,The source code of this project has been organised into different modules in a way that shows the relationship between different files. https://github.com/tensorflow/privacy/tree/master/tensorflow_privacy/privacy,X There are no contributors to the project other than the author.,X CI is not used on the project.,Tutorials provided,"Recent, Commit activity not negligible",5 open < 7 closed,License provided,X Doesn't seem to have unit test,2025-09-28
XanaduAI/pennylane,Y,2824,6011,350353,The source code of this project has been organised into different modules in a way that shows the relationship between different files.,https://github.com/XanaduAI/pennylane/graphs/contributors shows that there are multiple contributors,The project uses Travis CI,There is a well-maintained documentation,Evidence of sustained commit activity,"The project maintainers respond to issues, as evidenced by https://github.com/XanaduAI/pennylane/issues/661 and https://github.com/XanaduAI/pennylane/issues/533",https://github.com/XanaduAI/pennylane/blob/master/LICENSE is provided.,There are many files related to testing,2025-09-26
XanaduAI/strawberryfields,Y,817,1172,31745,The source code of this project has been organised into different modules in a way that shows the relationship between different files.,https://github.com/XanaduAI/strawberryfields/graphs/contributors shows that there are multiple contributors,The project uses Travis CI,There is a well-maintained documentation,Evidence of sustained commit activity,"The project maintainers respond to issues, as evidenced by https://github.com/XanaduAI/strawberryfields/issues/304 and https://github.com/XanaduAI/strawberryfields/issues/369",https://github.com/XanaduAI/pennylane/blob/master/LICENSE is provided.,There are many files related to testing,2025-05-20
xiaomiwujiecao/DataAnalysisInAction,N,712,128,1641,"folders named as numbers, inside each is a readme and maybe 1 other file","1 main contributer, the other has 1 commit",X CI is not used on the project.,in chinese,Commits are quite spread out,7 open > 6 closed,License provided,X Doesn't seem to have unit test,2024-01-21
Xilinx/brevitas,Y,1388,1609,58300,The source code of this project has been organised into different modules in a way that shows the relationship between different files.,https://github.com/Xilinx/brevitas/graphs/contributors shows that there are multiple contributors,The project uses pytest,There is a well-maintained documentation,Evidence of sustained commit activity until recently,"The project maintainers respond to issues, as evidenced by https://github.com/Xilinx/brevitas/issues/163 and https://github.com/Xilinx/brevitas/issues/126 but a lot issues left open too",https://github.com/Xilinx/brevitas/blob/master/LICENSE is provided,There are many files related to testing,2025-08-28
yahoo/TensorFlowOnSpark,Y,3872,632,5241,Organised but not in modules,"1 main contributer, the others has 1 commit each",Travis used,https://yahoo.github.io/TensorFlowOnSpark/tensorflowonspark.TFManager.html,Commits are quite spread out,3 open << 327 closed,License provided,License provided,2023-04-27
YaleDHLab/pix-plot,N,626,841,1072,The source code of this project has been organised into different modules in a way that shows the relationship between different files.,https://github.com/YaleDHLab/pix-plot/graphs/contributors shows that there are multiple contributors but mainly 1,CI is not used on the project.,There is a well-maintained documentation,Evidence of sustained commit activity but decreasing,"The project maintainers respond to issues, as evidenced by https://github.com/YaleDHLab/pix-plot/issues/96 and https://github.com/YaleDHLab/pix-plot/issues/69","There is no license to be found, either in the form of a license file or written inside the source code file.",There is no evidence of any testing done on the project.,2023-04-15
yehengchen/Object-Detection-and-Tracking,N,1931,531,4367,organied by names that are not self explanatory,"1 main contributer, the other has 1 commit",X CI is not used on the project.,X Most of the functions in the source code are not documented.,"Recent, Commit activity not negligible",45 open > 17 closed,License provided,A number,2022-11-02
yongzhuo/nlp_xiaojiang,N,1536,146,7656,organied by names that are not self explanatory,X There are no contributors to the project other than the author.,X CI is not used on the project.,Chinese,Commits are quite spread out,all closed,License provided,X Doesn't seem to have unit test,2021-09-23
YosefLab/scVI,Y,1460,4329,52441,The source code of this project has been organised into different modules in a way that shows the relationship between different files.,https://github.com/YosefLab/scVI/graphs/contributors shows that there are multiple contributors,The project uses Travis CI,There is a well-maintained documentation,Evidence of sustained commit activity,"The project maintainers (mainly 1 person) respond to issues, as evidenced by https://github.com/YosefLab/scVI/issues/560 and https://github.com/YosefLab/scVI/issues/690",https://github.com/YosefLab/scVI/blob/master/LICENSE is provided.,There are many files related to testing,2025-09-25
yunjey/pytorch-tutorial,N,31765,173,1301,tutorials for modules,"1 main contributer, the other 26 has 1+ commit",X CI is not used on the project.,Tutorials provided,Commits are quite spread out,47 open < 109 closed,License provided,X Doesn't seem to have unit test,2020-07-06
yzhao062/pyod,Y,9471,1895,16576,Organised but not in modules and few files,"1 has significantly more commits than others, 14 contributers",CircleCI used,Have a docs folder,"Recent, Commit activity not negligible",57 open < 66 closed,License provided,Quite a number,2025-04-29
zalandoresearch/pytorch-ts,Y,1333,438,9932,Organised but not in modules,"1 main contributer, the other 3 has 1+ commit",X CI is not used on the project.,X not much,Commits are quite spread out,2 open < 9 closed,License provided,A number,2024-06-14
zeusees/HyperLPR,N,5991,344,1356,organised in folders,"1 main contributer, others has 1+ commit",X CI is not used on the project.,Chinese,Commits are quite spread out,25 open << 220 closed,License provided,X Doesn't seem to have unit test,2024-07-27
zhanghang1989/PyTorch-Encoding,Y,2051,120,6905,Organised but not in modules,"1 main contributer, the other 4 has 1+ commit",X CI is not used on the project.,Have a docs folder,"Recent, Commit activity not negligible",91 open < 146 closed,License provided,A number,2024-12-21
zhijian-liu/torchprofile,N,630,137,411,X The source code of the project exists as ad-hoc scripts,"2 main contributer, the other 2 has 1 commit",X CI is not used on the project.,X not much,Commits are quite spread out,1 open < 4 closed,License provided,X Doesn't seem to have unit test,2024-05-05
ZQPei/deep_sort_pytorch,N,2979,184,11645,The source code of this project has been organised into different modules in a way that shows the relationship between different files.,https://github.com/ZQPei/deep_sort_pytorch/graphs/contributors shows that there are multiple contributors but mainly 1,CI is not used on the project.,Most of the functions in the source code are not documented.,No evidence of sustained commit activity,Do reply to issues last time but not recently,https://github.com/ZQPei/deep_sort_pytorch/blob/master/LICENSE is provided.,Only 1 test file,2024-06-11
zyfra/ebonite,Y,202,243,13845,Organised but not in modules and few files,"1-2 has significantly more commits than others, but 6 contributers",X CI is not used on the project.,Have a docs folder,Commit activity not negligible,all closed,License provided,Quite a number,2020-10-19
