GitHub Repo,Engineered ML Project,Stars,Commits,Lines of Code,Architecture,Community,Continuous Integration,Documentation,History,Issues,License,Unit Testing,Last Commit Date,Branch Count,Contributor Count,domain,age_days,CI_Status
aiqm/torchani,Y,516,990,53385,The source code of this project has been organised into different modules in a way that shows the relationship between different files.,https://github.com/aiqm/torchani/graphs/contributors shows that there are multiple contributors,The project uses CI but not sure what is it,Most of the functions in the source code are not documented.,Evidence of sustained commit activity but not stable,"The project maintainers respond to issues, as evidenced by https://github.com/XanaduAI/pennylane/issues/661 and https://github.com/XanaduAI/pennylane/issues/533",https://github.com/aiqm/torchani/blob/master/LICENSE is provided.,There are many files related to testing,2025-09-09,11,16,ML Frameworks / Libraries,2802,Yes
alfredfrancis/ai-chatbot-framework,Y,2125,470,2327,The source code of this project has been organised into different modules in a way that shows the relationship between different files.,https://github.com/alfredfrancis/ai-chatbot-framework/graphs/contributors shows that there are multiple contributors,The project uses Travis CI,There is a well-maintained documentation,Evidence of sustained commit activity,"The project maintainers respond to issues, as evidenced by https://github.com/alfredfrancis/ai-chatbot-framework/issues/130 and https://github.com/alfredfrancis/ai-chatbot-framework/issues/113 but not recently",https://github.com/alfredfrancis/ai-chatbot-framework/blob/master/License.txt is provided.,There are files related to testing,2025-02-03,23,21,Natural Language Processing,3274,Yes
allegroai/trains,Y,6293,2561,157601,The source code of this project has been organised into different modules in a way that shows the relationship between different files.,https://github.com/allegroai/trains/graphs/contributors shows that there are multiple contributors,CI is not used on the project.,There is a well-maintained documentation,Little evidence of sustained commit activity,"The project maintainers (mainly 1 person) respond to issues, as evidenced by https://github.com/allegroai/trains/issues/154 and https://github.com/allegroai/trains/issues/138",https://github.com/allegroai/trains/blob/master/LICENSE is provided.,There is no evidence of any testing done on the project.,2025-09-26,4,99,MLOps / Deployment,2368,Yes
amaiya/ktrain,Y,1261,3066,15566,The source code of this project has been organised into different modules in a way that shows the relationship between different files.,https://github.com/amaiya/ktrain/graphs/contributors shows that there are multiple contributors but mainly 1,CI is not used on the project.,There is a well-maintained documentation,Evidence of sustained commit activity,"The project maintainers (mainly 1 person) respond to issues, as evidenced by https://github.com/amaiya/ktrain/issues/191 and https://github.com/amaiya/ktrain/issues/185",https://github.com/amaiya/ktrain/blob/master/LICENSE is provided.,There are many files related to testing,2024-07-09,5,16,Natural Language Processing,2492,Yes
analyticalmindsltd/smote_variants,Y,673,498,21361,The source code of this project has been organised into different modules in a way that shows the relationship between different files.,There are no contributors to the project other than the author.,The project uses Travis and Circle CI,There is a well-maintained documentation,No evidence of sustained commit activity,"The project author respond to issues, as evidenced by https://github.com/analyticalmindsltd/smote_variants/issues/24 and https://github.com/analyticalmindsltd/smote_variants/issues/11 but not often",https://github.com/analyticalmindsltd/smote_variants/blob/master/LICENSE is provided.,Only 1 test file,2024-01-01,5,5,Data Science / Traditional ML,2616,Yes
apache/beam,Y,8304,45656,249436,The source code of this project has been organised into different modules in a way that shows the relationship between different files.,https://github.com/apache/beam/graphs/contributors shows that there are multiple contributors,The project uses CI but not sure what is it,There is a well-maintained documentation,Evidence of sustained commit activity,"The project maintainers respond to issues, as evidenced by https://github.com/apache/beam/pull/12186 and https://github.com/apache/beam/pull/12190",https://github.com/apache/beam/blob/master/LICENSE is provided.,There are many files related to testing,2025-09-27,230,842,MLOps / Deployment,3592,Yes
apache/submarine,Y,706,1051,13139,The source code of this project has been organised into different modules in a way that shows the relationship between different files.,https://github.com/apache/submarine/graphs/contributors shows that there are multiple contributors,The project uses Travis CI,There is a well-maintained documentation,Evidence of sustained commit activity,"5 open, 5 closed",https://github.com/apache/submarine/blob/master/LICENSE-binary and https://github.com/apache/submarine/blob/master/LICENSE-binary are provided.,There are many files related to testing,2024-04-03,23,63,MLOps / Deployment,2267,Yes
ARM-software/CMSIS_5,Y,1522,3264,480,The source code of this project has been organised into different modules in a way that shows the relationship between different files.,https://github.com/ARM-software/CMSIS_5/graphs/contributors shows that there are multiple contributors.,CI is not used on the project.,There is a well-maintained documentation,There are only 5 commits in the past month however there seems to be evidence of sustained commit activity as the commits are quite stable,"The project maintainers respond to issues, as evidenced by https://github.com/ARM-software/CMSIS_5/issues/890 and https://github.com/ARM-software/CMSIS_5/issues/805.",https://github.com/ARM-software/CMSIS_5/blob/develop/LICENSE.txt is provided.,There are many files related to testing.,2024-09-03,3,114,Domain-Specific Applications,3576,Yes
arogozhnikov/einops,Y,9199,713,4042,The source code of this project has been organised into different modules in a way that shows the relationship between different files.,https://github.com/arogozhnikov/einops/graphs/contributors shows that there are multiple contributors but mainly 1,The project uses Travis CI,There is a well-maintained documentation,No evidence of sustained commit activity,Open issues more than closed,https://github.com/arogozhnikov/einops/blob/master/LICENSE is provided.,There are files related to testing,2025-08-12,6,31,ML Frameworks / Libraries,2630,Yes
arogozhnikov/hep_ml,Y,192,371,2839,The source code of this project has been organised into different modules in a way that shows the relationship between different files.,https://github.com/arogozhnikov/hep_ml/graphs/contributors shows that there are multiple contributors but mainly 1,The project uses Travis CI,There is a well-maintained documentation,No evidence of sustained commit activity,Do reply to issues last time but not recently and not often,https://github.com/arogozhnikov/hep_ml/blob/master/LICENSE is provided.,There are many files related to testing,2025-07-01,8,10,Data Science / Traditional ML,3865,Yes
arviz-devs/arviz,Y,1729,1614,33576,The source code of this project has been organised into different modules in a way that shows the relationship between different files.,https://github.com/arviz-devs/arviz/graphs/contributors shows that there are multiple contributors,The project uses Azure Pipeline CI,There is a well-maintained documentation,Evidence of sustained commit activity,"The project maintainers respond to issues, as evidenced by https://github.com/arviz-devs/arviz/issues/1262 and https://github.com/arviz-devs/arviz/issues/1270",https://github.com/arviz-devs/arviz/blob/master/LICENSE is provided.,There are many files related to testing,2025-09-17,6,173,Data Science / Traditional ML,3780,Yes
autorope/donkeycar,Y,3314,2204,22292,The source code of this project has been organised into different modules in a way that shows the relationship between different files.,https://github.com/autorope/donkeycar/graphs/contributors shows that there are multiple contributors,The project uses Travis CI,There is a well-maintained documentation,Evidence of sustained commit activity,"The project maintainers respond to issues, as evidenced by https://github.com/autorope/donkeycar/issues/600 and https://github.com/autorope/donkeycar/issues/566",https://github.com/autorope/donkeycar/blob/dev/LICENSE is provided.,There are many files related to testing,2025-08-04,46,112,ML Frameworks / Libraries,3280,Yes
avrae/avrae,Y,439,6107,35896,The source code of this project has been organised into different modules in a way that shows the relationship between different files.,https://github.com/avrae/avrae/graphs/contributors shows that there are multiple contributors,The project uses Travis CI,Most of the functions in the source code are not documented.,Evidence of sustained commit activity,"Most of the bugs raised by bot, resolved then closed by bot",https://github.com/avrae/avrae/blob/master/LICENSE is provided.,There are many files related to testing,2025-09-26,30,42,Domain-Specific Applications,3226,Yes
awslabs/amazon-sagemaker-examples,Y,10746,3175,70067,The source code of this project has been organised into different modules in a way that shows the relationship between different files.,https://github.com/awslabs/amazon-sagemaker-examples/graphs/contributors shows that there are multiple contributors,CI is not used on the project.,There is a well-maintained documentation,Evidence of sustained commit activity,Open issues more than closed,https://github.com/awslabs/amazon-sagemaker-examples/blob/master/LICENSE.txt is provided.,There are many projects in this git and some of them have test files,2025-09-03,191,531,Reinforcement Learning,2963,Yes
bayesiains/nflows,Y,958,161,6408,The source code of this project has been organised into different modules in a way that shows the relationship between different files.,https://github.com/bayesiains/nflows/graphs/contributors shows that there are multiple contributors,CI is not used on the project.,Most of the functions in the source code are not documented.,Little evidence of sustained commit activity,Open issues more than closed,https://github.com/bayesiains/nflows/blob/master/LICENSE.md is provided.,There are many files related to testing,2024-12-27,2,22,ML Frameworks / Libraries,2116,Yes
Belval/TextRecognitionDataGenerator,Y,3571,156,3319,The source code of this project has been organised into different modules in a way that shows the relationship between different files.,https://github.com/Belval/TextRecognitionDataGenerator/graphs/contributors shows that there are multiple contributors but mainly author,The project uses Travis CI,There is a well-maintained documentation,No evidence of sustained commit activity,"The project maintainers (mainly author) respond to issues, as evidenced by https://github.com/Belval/TextRecognitionDataGenerator/issues/109 and https://github.com/Belval/TextRecognitionDataGenerator/issues/95.",https://github.com/Belval/TextRecognitionDataGenerator/blob/master/LICENSE is provided.,There are 2 files related to testing.,2024-02-15,8,32,Computer Vision,3077,Yes
beringresearch/ivis,Y,338,584,2011,The source code of this project has been organised into different modules in a way that shows the relationship between different files.,https://github.com/beringresearch/ivis/graphs/contributors shows that there are multiple contributors,The project uses Travis CI,There is a well-maintained documentation,Little evidence of sustained commit activity,"The project maintainers respond to issues, as evidenced by https://github.com/beringresearch/ivis/issues/61 and https://github.com/beringresearch/ivis/issues/71",https://github.com/beringresearch/ivis/blob/master/LICENSE is provided.,There are many files related to testing,2024-09-29,2,8,Data Science / Traditional ML,2669,Yes
bethgelab/foolbox,Y,2903,1711,8798,The source code of this project has been organised into different modules in a way that shows the relationship between different files.,https://github.com/bethgelab/foolbox/graphs/contributors shows that there are multiple contributors,CI is not used on the project.,There is a well-maintained documentation,Little evidence of sustained commit activity,"The project maintainers respond to issues, as evidenced by https://github.com/bethgelab/foolbox/issues/498 and https://github.com/bethgelab/foolbox/issues/545 but some are closed without resolving","There is no license to be found, either in the form of a license file or written inside the source code file.",There are many files related to testing,2024-03-04,6,32,ML Frameworks / Libraries,3094,Yes
BindsNET/bindsnet,Y,1625,2124,14028,The source code of the project exists as ad-hoc scripts.,https://github.com/BindsNET/bindsnet/graphs/contributors shows that there are multiple contributors.,The project uses Travis CI,Most of the functions in the source code are not documented.,Little evidence of sustained commit activity with 17 commits last month,"The project maintainers respond to issues, as evidenced by https://github.com/BindsNET/bindsnet/issues/345 and https://github.com/BindsNET/bindsnet/issues/317.",https://github.com/BindsNET/bindsnet/blob/master/LICENSE is provided.,There are many files related to testing.,2025-09-26,24,46,Reinforcement Learning,2854,Yes
bitextor/bitextor,Y,295,4001,4658,The source code of this project has been organised into different modules in a way that shows the relationship between different files but quite messy,https://github.com/bitextor/bitextor/graphs/contributors shows that there are multiple contributors,CI is not used on the project.,There is a well-maintained documentation,Evidence of sustained commit activity until recently,"The project maintainers respond to issues, as evidenced by https://github.com/bitextor/bitextor/issues/169 and https://github.com/bitextor/bitextor/issues/175",https://github.com/bitextor/bitextor/blob/master/document-aligner/LICENSE is provided.,There are files related to testing,2024-11-11,12,23,Natural Language Processing,2788,Yes
BloodAxe/pytorch-toolbelt,Y,1556,1245,12133,The source code of this project has been organised into different modules in a way that shows the relationship between different files.,https://github.com/BloodAxe/pytorch-toolbelt/graphs/contributors shows that there are multiple contributors but mainly author,The project uses Travis CI,Most of the functions in the source code are not documented.,There are only 2 commits in the past month however there seems to be evidence of sustained commit activity as the commits are quite stable,"The project maintainers (mainly author) respond to issues, as evidenced by https://github.com/BloodAxe/pytorch-toolbelt/issues/4 and https://github.com/BloodAxe/pytorch-toolbelt/issues/7.",https://github.com/BloodAxe/pytorch-toolbelt/blob/develop/LICENSE is provided.,There are many files related to testing.,2025-09-12,5,7,Computer Vision,2455,Yes
brainiak/brainiak,Y,358,406,17865,The source code of this project has been organised into different modules in a way that shows the relationship between different files.,https://github.com/brainiak/brainiak/graphs/contributors shows that there are multiple contributors,The project uses Travis CI,There is a well-maintained documentation,Little evidence of sustained commit activity,"The project maintainers respond to issues, as evidenced by https://github.com/brainiak/brainiak/issues/448 and https://github.com/brainiak/brainiak/issues/456",https://github.com/brainiak/brainiak/blob/master/LICENSE is provided.,There are many files related to testing,2025-01-06,4,32,Domain-Specific Applications,3586,Yes
bulletphysics/bullet3,Y,13791,9404,100791,The source code of this project has been organised into different modules in a way that shows the relationship between different files.,https://github.com/bulletphysics/bullet3/graphs/contributors shows that there are multiple contributors,The project uses Travis and Appveyor CI,There is a well-maintained documentation,Evidence of sustained commit activity,"The project maintainers respond to issues, as evidenced by https://github.com/bulletphysics/bullet3/issues/2834 and https://github.com/bulletphysics/bullet3/issues/2907",https://github.com/bulletphysics/bullet3/blob/master/LICENSE.txt is provided.,There are many files related to testing,2025-04-23,19,223,Reinforcement Learning,5349,Yes
Calamari-OCR/calamari,Y,1166,479,11088,The source code of this project has been organised into different modules in a way that shows the relationship between different files.,https://github.com/Calamari-OCR/calamari/graphs/contributors shows that there are multiple contributors but mainly author,The project uses Gitlab CI,Most of the functions in the source code are not documented.,No evidence of sustained commit activity,"The project maintainers respond to issues, as evidenced by https://github.com/Project-MONAI/MONAI/issues/614 and https://github.com/Project-MONAI/MONAI/issues/598.",https://github.com/Cadene/bootstrap.pytorch/blob/master/LICENSE.txt is provided.,There are many files related to testing.,2025-05-12,12,19,Computer Vision,2815,Yes
calico/basenji,Y,452,2009,39869,The source code of this project has been organised into different modules in a way that shows the relationship between different files.,https://github.com/calico/basenji/graphs/contributors shows that there are multiple contributors,CI is not used on the project.,There is a well-maintained documentation,Evidence of sustained commit activity,"The project maintainers respond to issues, as evidenced by https://github.com/calico/basenji/issues/55 and https://github.com/calico/basenji/issues/57",https://github.com/calico/basenji/blob/master/LICENSE is provided.,There are many files related to testing,2025-05-16,21,7,Domain-Specific Applications,3073,No
cgre-aachen/gempy,Y,1158,3113,9841,The source code of this project has been organised into different modules in a way that shows the relationship between different files.,https://github.com/cgre-aachen/gempy/graphs/contributors shows that there are multiple contributors,The project uses Travis CI,There is a well-maintained documentation,Evidence of sustained commit activity,"The project maintainers respond to issues, as evidenced by https://github.com/cgre-aachen/gempy/issues/422 and https://github.com/cgre-aachen/gempy/issues/431 but still a lot open issues",https://github.com/cgre-aachen/gempy/blob/master/LICENSE is provided.,There are many files related to testing,2025-09-24,38,26,Reinforcement Learning,3074,Yes
CLUEbenchmark/CLUE,Y,4188,528,48963,The source code of this project has been organised into different modules in a way that shows the relationship between different files.,https://github.com/CLUEbenchmark/CLUE/graphs/contributors shows that there are multiple contributors but mainly author,CI is not used on the project.,There is a well-maintained documentation,No evidence of sustained commit activity,The author of the project reply to only some of the issues,"There are multiple license files found in models folder such as bert, ernie and bert_wwm.ext",There are many files related to testing specifically 1-2 for each model,2025-09-08,34,20,Natural Language Processing,2203,No
commaai/openpilot,Y,56169,15894,45846,The source code of this project has been organised into different modules in a way that shows the relationship between different files.,https://github.com/commaai/openpilot/graphs/contributors shows that there are multiple contributors,The project uses Jenkins CI,There is a well-maintained documentation,Evidence of sustained commit activity,"The project maintainers respond to issues, as evidenced by https://github.com/commaai/openpilot/issues/1829 and https://github.com/commaai/openpilot/issues/1835",https://github.com/commaai/openpilot/blob/master/LICENSE is provided.,There are many files related to testing,2025-09-27,97,672,Domain-Specific Applications,3297,Yes
cornellius-gp/gpytorch,Y,3777,3975,24163,The source code of this project has been organised into different modules in a way that shows the relationship between different files.,https://github.com/cornellius-gp/gpytorch/graphs/contributors shows that there are multiple contributors.,The project uses TravisCI to test their build and codes,There is a well maintained README,Checking https://github.com/cornellius-gp/gpytorch/pulse/monthly there has been significant commit activity in the past month.,"The project maintainers respond to issues, as evidenced by https://github.com/cornellius-gp/gpytorch/issues/1188 and https://github.com/cornellius-gp/gpytorch/issues/1184",https://github.com/cornellius-gp/gpytorch/blob/master/LICENSE is provided.,There are many files related to testing.,2025-09-03,108,115,ML Frameworks / Libraries,3099,Yes
CornellNLP/Cornell-Conversational-Analysis-Toolkit,Y,603,1497,16129,The source code of this project has been organised into different modules in a way that shows the relationship between different files.,https://github.com/CornellNLP/Cornell-Conversational-Analysis-Toolkit/graphs/contributors shows that there are multiple contributors,The project uses CI but not sure what is it,There is a well-maintained documentation,Evidence of sustained commit activity,"The project maintainers respond to issues, as evidenced by https://github.com/CornellNLP/Cornell-Conversational-Analysis-Toolkit/issues/39 and https://github.com/CornellNLP/Cornell-Conversational-Analysis-Toolkit/issues/33.",https://github.com/CornellNLP/Cornell-Conversational-Analysis-Toolkit/blob/master/LICENSE.md is provided.,"There is no evidence of testing however, the project is mainly on Jupyter so testing may be on the jupyter notebooks",2025-09-22,66,26,Natural Language Processing,3551,Yes
cornell-zhang/heterocl,Y,341,1123,20269,The source code of this project has been organised into different modules in a way that shows the relationship between different files.,https://github.com/cornell-zhang/heterocl/graphs/contributors shows that there are multiple contributors.,The project uses CircleCI to test their build and codes,There is a well maintained README,The project only has 11 commits in the past month.,The project maintainer only replied to selected few issues,https://github.com/cornell-zhang/heterocl/blob/master/LICENSE is provided.,There are many files related to testing.,2024-04-20,15,17,ML Frameworks / Libraries,2905,Yes
cpnota/autonomous-learning-library,Y,652,300,10618,The source code of the project exists as ad-hoc scripts.,https://github.com/cpnota/autonomous-learning-library/graphs/contributors shows that there are a handful (4) of contributors. ,The project hardly uses TravisCI to test their build and codes,Most of the functions in the source code are not documented.,Checking https://github.com/cpnota/autonomous-learning-library/pulse/monthly there has been significant commit activity in the past month.,The author of the project does not reply to issues or close them.,https://github.com/cpnota/autonomous-learning-library/blob/master/LICENSE is provided,There is no evidence of any testing done on the project.,2024-03-17,2,9,Reinforcement Learning,2583,Yes
creme-ml/creme,Y,5558,3982,31014,The source code of this project has been organised into different modules in a way that shows the relationship between different files.,https://github.com/creme-ml/creme/graphs/contributors shows that there are multiple contributors.,The project uses TravisCI to test their build and codes,Most of the functions in the source code are not documented.,Checking https://github.com/creme-ml/creme/pulse/monthly there has been significant commit activity in the past month.,"The project maintainers respond to issues, as evidenced by https://github.com/creme-ml/creme/issues/302",https://github.com/cpnota/autonomous-learning-library/blob/master/LICENSE is provided,There are many files related to testing.,2025-09-26,16,121,Data Science / Traditional ML,2505,Yes
danielegrattarola/spektral,Y,2384,1134,10445,The source code of this project has been organised into different modules in a way that shows the relationship between different files.,https://github.com/danielegrattarola/spektral/graphs/contributors shows that there are multiple contributors.,"The project uses various CI services to compute code coverage, check stylistic violations, etc.",There is a well maintained README at https://github.com/danielegrattarola/spektral/blob/master/spektral/datasets/citation.py,Checking https://github.com/danielegrattarola/spektral/pulse/monthly there has been significant commit activity in the past month.,"The project maintainers respond to issues, as evidenced by https://github.com/danielegrattarola/spektral/issues/69, https://github.com/danielegrattarola/spektral/issues/68",https://github.com/danielegrattarola/spektral/blob/master/LICENSE is provided,There are many files related to testing.,2024-01-21,4,24,ML Frameworks / Libraries,2512,Yes
datamllab/rlcard,Y,3249,875,12848,The source code of this project has been organised into different modules in a way that shows the relationship between different files.,https://github.com/datamllab/rlcard/graphs/contributors shows that there are multiple contributors.,CI is not used on the project.,There is a well maintained README at https://github.com/datamllab/rlcard/tree/master/docs,There is no commit in the past month,"The project maintainers respond to issues, as evidenced by https://github.com/datamllab/rlcard/issues/154 and https://github.com/datamllab/rlcard/issues/153",https://github.com/datamllab/rlcard/blob/master/LICENSE.md is provided,There are many files related to testing.,2024-06-26,2,35,Reinforcement Learning,2281,Yes
data-science-on-aws/workshop,N,3409,3376,95889,The source code of this project has been organised into different modules in a way that shows the relationship between different files.,https://github.com/data-science-on-aws/workshop/graphs/contributors only has 3 contributers,CI is not used on the project.,Most of the functions in the source code are not documented.,Checking https://github.com/data-science-on-aws/workshop/pulse/monthly there has been significant commit activity in the past month.,There aren't any open issues,"There is no license to be found, either in the form of a license file or written as comments in the source code files.",There is no evidence of any testing done on the project.,2024-07-31,6,14,MLOps / Deployment,2104,No
deepchem/deepchem,Y,6227,10635,105916,The source code of the project exists as ad-hoc scripts.,https://github.com/deepchem/deepchem/graphs/contributors shows that there are multiple contributors.,"The project uses various CI services to compute code coverage, check stylistic violations, etc.",There is a well maintained documentation at https://github.com/deepchem/deepchem/tree/master/docs,Checking https://github.com/deepchem/deepchem/pulse/monthly there has been significant commit activity in the past month.,"The project maintainers respond to issues, as evidenced by https://github.com/deepchem/deepchem/issues/1975",https://github.com/deepchem/deepchem/blob/master/LICENSE is provided,There are a few files related to testing.,2025-09-24,15,189,Data Science / Traditional ML,3723,Yes
deepfakes/faceswap,Y,54523,1840,46036,The source code of this project has been organised into different modules in a way that shows the relationship between different files.,https://github.com/deepchem/deepchem/graphs/contributors shows that there are multiple contributors.,"The project uses various CI services to compute code coverage, check stylistic violations, etc.",There is a well maintained documentation at https://github.com/deepfakes/faceswap/tree/master/docs,Checking https://github.com/deepfakes/faceswap/pulse/monthly there has been significant commit activity in the past month.,"The project maintainers respond to issues, as evidenced by https://github.com/deepfakes/faceswap/issues/985",https://github.com/deepfakes/faceswap/blob/master/LICENSE is provided,There are many files related to testing.,2025-09-18,7,81,Computer Vision,2906,Yes
deepmedic/deepmedic,Y,1059,540,6072,The source code of this project has been organised into different modules in a way that shows the relationship between different files.,https://github.com/deepmedic/deepmedic/graphs/contributors shows that there are multiple contributors.,CI is not used on the project.,There is a well maintained documentation at https://github.com/deepmedic/deepmedic/tree/master/documentation,Checking https://github.com/deepmedic/deepmedic/pulse/monthly there has been significant commit activity in the past month.,"The project maintainers respond to issues, as evidenced by https://github.com/deepmedic/deepmedic/issues/177",https://github.com/deepmedic/deepmedic/blob/master/LICENSE.txt is provided,There are a few files related to testing.,2024-08-04,8,6,Computer Vision,3508,No
deepmind/dm-haiku,Y,3100,1024,20792,The source code of this project has been organised into different modules in a way that shows the relationship between different files.,https://github.com/deepmind/dm-haiku/graphs/contributors shows that there are multiple contributors.,"The project uses various CI services to compute code coverage, check stylistic violations, etc.",There is a well maintained documentation at https://github.com/deepmind/dm-haiku/tree/master/docs and README at https://github.com/deepmind/dm-haiku/blob/master/haiku/experimental.py and https://github.com/deepmind/dm-haiku/blob/master/haiku/initializers.py,Checking https://github.com/deepmedic/deepmedic/pulse/monthly there has been significant commit activity in the past month.,"The project maintainers respond to issues, as evidenced by https://github.com/deepmind/dm-haiku/issues/55",https://github.com/deepmind/dm-haiku/blob/master/LICENSE is provided,There are a few files related to testing.,2025-09-18,20,82,ML Frameworks / Libraries,2115,Yes
deepmind/open_spiel,Y,4753,4740,64877,The source code of this project has been organised into different modules in a way that shows the relationship between different files.,https://github.com/deepmind/open_spiel/graphs/contributors shows that there are multiple contributors.,"The project uses various CI services to compute code coverage, check stylistic violations, etc.","There is a well maintained documentation at https://github.com/deepmind/open_spiel/tree/master/docs , https://github.com/deepmind/open_spiel/tree/master/swift and majority of the functions at https://github.com/deepmind/open_spiel/blob/master/open_spiel/scripts/install.sh",Checking https://github.com/deepmind/open_spiel/pulse/monthly there has been significant commit activity in the past month.,"The project maintainers respond to issues, as evidenced by https://github.com/deepmind/open_spiel/issues/292 and https://github.com/deepmind/open_spiel/issues/291",https://github.com/deepmind/open_spiel/blob/master/LICENSE is provided,There are a few files related to testing.,2025-09-24,133,187,Reinforcement Learning,2326,Yes
deepmind/sonnet,Y,9884,873,13196,The source code of this project has been organised into different modules in a way that shows the relationship between different files.,https://github.com/deepmind/sonnet/graphs/contributors shows that there are multiple contributors.,"The project uses various CI services to compute code coverage, check stylistic violations, etc.",There is a well maintained README and documentation at https://github.com/deepmind/sonnet/tree/v2/docs,Checking https://github.com/deepmind/sonnet/pulse/monthly there has been 2 commit activity in the past month.,"The project maintainers respond to issues, as evidenced by https://github.com/deepmind/sonnet/issues/172",https://github.com/deepmind/sonnet/blob/v2/LICENSE is provided,There are a few files related to testing.,2025-08-04,5,56,ML Frameworks / Libraries,3166,Yes
deepmipt/DeepPavlov,Y,6934,2711,16907,The source code of this project has been organised into different modules in a way that shows the relationship between different files.,https://github.com/deepmipt/DeepPavlov/graphs/contributors shows that there are multiple contributors.,"The project uses various CI services to compute code coverage, check stylistic violations, etc.",There is a well maintained README and majority of the function in https://github.com/deepmipt/DeepPavlov/blob/master/deeppavlov/evolve.py,Checking https://github.com/deepmipt/DeepPavlov/pulse/monthly there has been significant commit activity in the past month.,"The project maintainers respond to issues, as evidenced by https://github.com/deepmipt/DeepPavlov/issues/1265",https://github.com/deepmipt/DeepPavlov/blob/master/LICENSE is provided,There are many files related to testing.,2024-11-26,51,70,Natural Language Processing,2938,Yes
deezer/spleeter,Y,27410,540,2291,The source code of this project has been organised into different modules in a way that shows the relationship between different files.,https://github.com/deezer/spleeter/graphs/contributors shows that there are multiple contributors.,"The project uses various CI services to compute code coverage, check stylistic violations, etc.",There is a well maintained README and majority of the function in https://github.com/deezer/spleeter/blob/master/spleeter/__main__.py,Checking https://github.com/deezer/spleeter/pulse/monthly there has been significant commit activity in the past month.,"The project maintainers respond to issues, as evidenced by https://github.com/deezer/spleeter/issues/418 and https://github.com/deezer/spleeter/issues/415",https://github.com/deezer/spleeter/blob/master/LICENSE is provided,There are many files related to testing.,2025-04-02,18,15,ML Frameworks / Libraries,2260,Yes
determined-ai/determined,Y,3190,8394,93990,The source code of this project has been organised into different modules in a way that shows the relationship between different files.,https://github.com/determined-ai/determined/graphs/contributors shows that there are multiple contributors.,"The project uses various CI services to compute code coverage, check stylistic violations, etc.",There is a well maintained README and documentation at https://docs.determined.ai/latest/,Checking https://github.com/determined-ai/determined/pulse/monthly there has been significant commit activity in the past month.,There aren't any open issues,https://github.com/determined-ai/determined/blob/master/LICENSE is provided,There are many files related to testing.,2025-03-20,299,99,MLOps / Deployment,2066,Yes
DigitalSlideArchive/HistomicsTK,Y,446,3031,11307,The source code of this project has been organised into different modules in a way that shows the relationship between different files.,https://github.com/DigitalSlideArchive/HistomicsTK/graphs/contributors shows that there are multiple contributors,The project uses various CI services,There is a well-maintained documentation,No evidence of sustained commit activity for May and June with 2 commits each,"The project maintainers respond to issues, as evidenced by https://github.com/DigitalSlideArchive/HistomicsTK/issues/869 and https://github.com/DigitalSlideArchive/HistomicsTK/issues/867.",https://github.com/DigitalSlideArchive/HistomicsTK/blob/master/LICENSE is provided.,There are many files related to testing.,2025-09-08,7,30,Computer Vision,3702,Yes
DLR-RM/stable-baselines3,Y,11626,907,14536,The source code of this project has been organised into different modules in a way that shows the relationship between different files.,https://github.com/DLR-RM/stable-baselines3/graphs/contributors shows that there are multiple contributors,The project uses Gitlab CI,There is a well-maintained documentation,Evidence of sustained commit activity,"The project maintainers respond to issues, as evidenced by https://github.com/DLR-RM/stable-baselines3/issues/37 and https://github.com/DLR-RM/stable-baselines3/issues/76.",https://github.com/DLR-RM/stable-baselines3/blob/master/LICENSE is provided.,There are many files related to testing.,2025-09-26,19,155,Reinforcement Learning,2038,Yes
dmlc/dgl,Y,14080,4417,197271,The source code of this project has been organised into different modules in a way that shows the relationship between different files.,https://github.com/dmlc/dgl/graphs/contributors shows that there are multiple contributors.,"The project uses various CI services to compute code coverage, check stylistic violations, etc.",There is a well maintained README and majority of the function in https://github.com/dmlc/dgl/blob/master/python/dgl/convert.py and https://github.com/dmlc/dgl/blob/master/python/dgl/view.py,Checking https://github.com/dmlc/dgl/pulse/monthly there has been minor commit activity in the past month.,"The project maintainers respond to issues, as evidenced by https://github.com/dmlc/dgl/issues/1743 and https://github.com/dmlc/dgl/issues/1727",https://github.com/dmlc/dgl/blob/master/LICENSE is provided,There are many files related to testing.,2025-07-31,33,288,Domain-Specific Applications,2784,Yes
DSE-MSU/DeepRobust,Y,1059,858,14598,The source code of this project has been organised into different modules in a way that shows the relationship between different files.,https://github.com/DSE-MSU/DeepRobust/graphs/contributors shows that there are multiple contributors,CI is not used on the project.,There is a well-maintained documentation,Little evidence of sustained commit activity,"The project maintainers respond to issues, as evidenced by https://github.com/DSE-MSU/DeepRobust/issues/15 and https://github.com/DSE-MSU/DeepRobust/issues/13.",https://github.com/DSE-MSU/DeepRobust/blob/master/LICENSE is provided.,There are many files related to testing.,2025-06-26,8,17,ML Frameworks / Libraries,2265,No
dwadden/dygiepp,N,587,712,7411,The source code of the project exists as ad-hoc scripts.,https://github.com/dwadden/dygiepp/graphs/contributors shows that there are only 2 contributors.,CI is not used on the project.,There is a well maintained README and majority of the function in https://github.com/dwadden/dygiepp/blob/master/dygie/commands/predict_dygie.py,Checking https://github.com/dwadden/dygiepp/pulse/monthly there has been only 4 commit activity in the past month.,"The project maintainers respond to issues, as evidenced by https://github.com/dwadden/dygiepp/issues/13","There is no license to be found, either in the form of a license file or written as comments in the source code files.",There are many files related to testing.,2024-06-18,3,11,Natural Language Processing,2480,No
eleurent/rl-agents,Y,683,787,6640,The source code of the project exists as ad-hoc scripts.,There are no contributors to the project other than the author.,"The project uses various CI services to compute code coverage, check stylistic violations, etc.",There is a well maintained README and majority of the function in https://github.com/eleurent/rl-agents/blob/master/scripts/analyze.py and https://github.com/eleurent/rl-agents/blob/master/scripts/experiments.py,Checking https://github.com/eleurent/rl-agents/pulse/monthly there has been only 4 commit activity in the past month.,"The project maintainers respond to issues, as evidenced by https://github.com/eleurent/rl-agents/issues/38",https://github.com/eleurent/rl-agents/blob/master/LICENSE is provided,There are many files related to testing.,2024-01-13,13,6,Reinforcement Learning,3103,Yes
EpistasisLab/tpot,Y,9987,551,8506,The source code of this project has been organised into different modules in a way that shows the relationship between different files.,https://github.com/EpistasisLab/tpot/graphs/contributors shows that there are multiple contributors,The project uses Travis CI and appveyor CI,There is a well-maintained documentation,Little evidence of sustained commit activity,"The project maintainers respond to issues, as evidenced by https://github.com/EpistasisLab/tpot/issues/777 and https://github.com/EpistasisLab/tpot/issues/1075",https://github.com/EpistasisLab/tpot/blob/master/LICENSE is provided.,There are many files related to testing.,2025-09-11,12,9,Data Science / Traditional ML,3683,Yes
ethen8181/machine-learning,Y,3415,520,2780,The source code of this project has been organised into different modules in a way that shows the relationship between different files.,https://github.com/ethen8181/machine-learning/graphs/contributors shows that there are multiple contributors.,"The project uses various CI services to compute code coverage, check stylistic violations, etc.",There is a well maintained README,Checking https://github.com/ethen8181/machine-learning/pulse/monthly there has been 1 commit activity in the past month.,There aren't any open issues,https://github.com/ethen8181/machine-learning/blob/master/LICENSE is provided,There are many files related to testing.,2025-06-27,5,10,Data Science / Traditional ML,3785,No
evilsocket/pwnagotchi,Y,8621,1744,12470,The source code of this project has been organised into different modules in a way that shows the relationship between different files.,https://github.com/evilsocket/pwnagotchi/graphs/contributors shows that there are multiple contributors.,CI is not used on the project.,There is a well maintained README,Checking https://github.com/evilsocket/pwnagotchi/pulse/monthly there has been 2 commit activity in the past month.,"The project maintainers respond to issues, as evidenced by https://github.com/evilsocket/pwnagotchi/issues/892 and https://github.com/evilsocket/pwnagotchi/issues/859",https://github.com/evilsocket/pwnagotchi/blob/master/LICENSE.md is provided,There is no evidence of any testing done on the project.,2025-08-23,5,139,Reinforcement Learning,2267,Yes
explosion/prodigy-recipes,Y,502,210,3842,The source code of the project exists as ad-hoc scripts.,https://github.com/explosion/prodigy-recipes/graphs/contributors shows that there are multiple contributors.,CI is not used on the project.,There is a well maintained README and majority of the function in https://github.com/explosion/prodigy-recipes/blob/master/terms/terms_teach.py,Checking https://github.com/explosion/prodigy-recipes/pulse/monthly there has been 1 commit activity in the past month.,There aren't any open issues,https://github.com/explosion/prodigy-recipes/blob/master/LICENSE is provided,There is no evidence of any testing done on the project.,2024-08-04,13,12,Natural Language Processing,2916,No
explosion/spacy-transformers,Y,1394,1485,2897,The source code of this project has been organised into different modules in a way that shows the relationship between different files.,https://github.com/explosion/spacy-transformers/graphs/contributors shows that there are multiple contributors.,"The project uses various CI services to compute code coverage, check stylistic violations, etc.",There is a well maintained README and majority of the function in https://github.com/explosion/spacy-transformers/blob/master/spacy_transformers/align.py,Checking https://github.com/explosion/spacy-transformers/pulse/monthly there has been significant commit activity in the past month.,"The project maintainers respond to issues, as evidenced by https://github.com/explosion/spacy-transformers/issues/203",https://github.com/explosion/spacy-transformers/blob/master/LICENSE is provided,There are many files related to testing.,2025-05-26,8,20,Natural Language Processing,2322,Yes
facebookresearch/CrypTen,Y,1618,359,21718,The source code of this project has been organised into different modules in a way that shows the relationship between different files.,https://github.com/facebookresearch/CrypTen/graphs/contributors shows that there are multiple contributors.,"The project uses various CI services to compute code coverage, check stylistic violations, etc.",There is a well maintained README and documentation at https://github.com/facebookresearch/CrypTen/tree/master/docs,Checking https://github.com/facebookresearch/CrypTen/pulse/monthly there has been significant commit activity in the past month.,The author of the project does not reply to issues or close them.,https://github.com/facebookresearch/CrypTen/blob/master/LICENSE is provided,There are many files related to testing.,2024-11-23,16,27,MLOps / Deployment,2303,No
facebookresearch/habitat-api,Y,2581,937,64676,The source code of this project has been organised into different modules in a way that shows the relationship between different files.,https://github.com/facebookresearch/habitat-api/graphs/contributors shows that there are multiple contributors.,"The project uses various CI services to compute code coverage, check stylistic violations, etc.",There is a well maintained README and documentation at https://github.com/facebookresearch/habitat-api/tree/master/docs,Checking https://github.com/facebookresearch/habitat-api/pulse/monthly there has been 8 commit activity in the past month.,"The project maintainers respond to issues, as evidenced by https://github.com/facebookresearch/habitat-api/issues/422",https://github.com/facebookresearch/habitat-api/blob/master/LICENSE is provided,There are many files related to testing.,2025-04-17,521,61,Computer Vision,2494,Yes
facebookresearch/mmf,Y,5592,1108,43269,The source code of this project has been organised into different modules in a way that shows the relationship between different files.,https://github.com/facebookresearch/habitat-api/graphs/contributors shows that there are multiple contributors.,"The project uses various CI services to compute code coverage, check stylistic violations, etc.",There is a well maintained README and documentation at https://github.com/facebookresearch/mmf/tree/master/docs,Checking https://github.com/facebookresearch/mmf/pulse/monthly there has been significant commit activity in the past month.,"The project maintainers respond to issues, as evidenced by https://github.com/facebookresearch/mmf/issues/364",https://github.com/facebookresearch/mmf/blob/master/LICENSE is provided,There are many files related to testing.,2025-04-24,75,82,ML Frameworks / Libraries,2716,Yes
facebookresearch/nevergrad,Y,4118,1145,32642,The source code of this project has been organised into different modules in a way that shows the relationship between different files.,https://github.com/facebookresearch/nevergrad/graphs/contributors shows that there are multiple contributors.,"The project uses various CI services to compute code coverage, check stylistic violations, etc.",There is a well maintained README and documentation at https://github.com/facebookresearch/nevergrad/tree/master/docs,Checking https://github.com/facebookresearch/nevergrad/pulse/monthly there has been significant commit activity in the past month.,"The project maintainers respond to issues, as evidenced by https://github.com/facebookresearch/nevergrad/issues/746",https://github.com/facebookresearch/nevergrad/blob/master/LICENSE is provided,There are many files related to testing.,2025-04-23,125,56,Data Science / Traditional ML,2570,Yes
facebookresearch/ReAgent,Y,3665,1614,49789,The source code of this project has been organised into different modules in a way that shows the relationship between different files.,https://github.com/facebookresearch/ReAgent/graphs/contributors shows that there are multiple contributors.,"The project uses various CI services to compute code coverage, check stylistic violations, etc.",There is a well maintained README and documentation at https://github.com/facebookresearch/ReAgent/tree/master/docs,Checking https://github.com/facebookresearch/ReAgent/pulse/monthly there has been significant commit activity in the past month.,"The project maintainers respond to issues, as evidenced by https://github.com/facebookresearch/ReAgent/issues/265",https://github.com/facebookresearch/ReAgent/blob/master/LICENSE is provided,There are many files related to testing.,2025-09-02,5,83,Reinforcement Learning,3051,Yes
fastai/fastai,Y,27456,2882,14973,The source code of this project has been organised into different modules in a way that shows the relationship between different files.,https://github.com/fastai/fastai/graphs/contributors shows that there are multiple contributors.,"The project uses various CI services to compute code coverage, check stylistic violations, etc.",There is a well maintained README and documentation at https://github.com/fastai/fastai/tree/master/docs,There is no commit in the past month,"The project maintainers respond to issues, as evidenced by https://github.com/fastai/fastai/issues/2572",https://github.com/fastai/fastai/blob/master/LICENSE is provided,There are many files related to testing.,2025-09-05,3,241,ML Frameworks / Libraries,3007,Yes
f-dangel/backpack,Y,592,1818,16500,The source code of this project has been organised into different modules in a way that shows the relationship between different files.,https://github.com/f-dangel/backpack/graphs/contributors shows that there are multiple contributors.,"The project uses various CI services to compute code coverage, check stylistic violations, etc.",There is a well maintained README and documentation at https://github.com/f-dangel/backpack/tree/master/docs,Checking https://github.com/f-dangel/backpack/pulse/monthly there has been minor commit activity in the past month.,"The project maintainers respond to issues, as evidenced by https://github.com/f-dangel/backpack/issues/68",https://github.com/f-dangel/backpack/blob/master/LICENSE.txt is provided,There are many files related to testing.,2024-11-21,10,7,ML Frameworks / Libraries,2337,Yes
feast-dev/feast,Y,6357,4164,98817,The source code of this project has been organised into different modules in a way that shows the relationship between different files.,https://github.com/feast-dev/feast/graphs/contributors shows that there are multiple contributors.,"The project uses various CI services to compute code coverage, check stylistic violations, etc.",There is a well maintained README and documentation at https://github.com/feast-dev/feast/tree/master/docs,Checking https://github.com/feast-dev/feast/pulse/monthly there has been significant commit activity in the past month.,"The project maintainers respond to issues, as evidenced by https://github.com/feast-dev/feast/issues/835",https://github.com/feast-dev/feast/blob/master/LICENSE is provided,There are many files related to testing.,2025-09-27,271,298,MLOps / Deployment,2550,Yes
FederatedAI/FATE,Y,5973,13850,52191,The source code of this project has been organised into different modules in a way that shows the relationship between different files.,https://github.com/FederatedAI/FATE/graphs/contributors shows that there are multiple contributors,The project uses Travis CI,There is a well-maintained documentation,Evidence of sustained commit activity,"The project maintainers respond to issues, as evidenced by https://github.com/FederatedAI/FATE/issues/1236 and https://github.com/FederatedAI/FATE/issues/1198",https://github.com/FederatedAI/FATE/blob/master/LICENSE is provided.,There are many files related to testing.,2024-11-19,293,85,MLOps / Deployment,2505,Yes
fepegar/torchio,Y,2273,1800,14026,The source code of this project has been organised into different modules in a way that shows the relationship between different files.,https://github.com/fepegar/torchio/graphs/contributors shows that there are multiple contributors.,"The project uses various CI services to compute code coverage, check stylistic violations, etc.",There is a well maintained README and documentation at https://github.com/fepegar/torchio/tree/master/docs,Checking https://github.com/fepegar/torchio/pulse/monthly there has been significant commit activity in the past month.,"The project maintainers respond to issues, as evidenced by https://github.com/fepegar/torchio/issues/215",https://github.com/fepegar/torchio/blob/master/LICENSE is provided,There are many files related to testing.,2025-09-22,26,60,Computer Vision,2199,Yes
flairNLP/flair,Y,14297,6684,35868,The source code of this project has been organised into different modules in a way that shows the relationship between different files.,https://github.com/flairNLP/flair/graphs/contributors shows that there are multiple contributors.,"The project uses various CI services to compute code coverage, check stylistic violations, etc.",There is a well maintained README and documentations at https://github.com/flairNLP/flair/tree/master/resources/docs,Checking https://github.com/flairNLP/flair/pulse/monthly there has been significant commit activity in the past month.,"The project maintainers respond to issues, as evidenced by https://github.com/flairNLP/flair/issues/1744",https://github.com/flairNLP/flair/blob/master/LICENSE is provided,There are many files related to testing.,2025-06-12,125,211,Natural Language Processing,2732,Yes
flatironinstitute/CaImAn,Y,688,4856,24964,The source code of this project has been organised into different modules in a way that shows the relationship between different files.,https://github.com/flatironinstitute/CaImAn/graphs/contributorsshows that there are multiple contributors.,"The project uses various CI services to compute code coverage, check stylistic violations, etc.",There is a well maintained README and documentations at https://github.com/flatironinstitute/CaImAn/tree/master/docs,Checking https://github.com/flatironinstitute/CaImAn/pulse/monthly there has been significant commit activity in the past month.,"The project maintainers respond to issues, as evidenced by https://github.com/flatironinstitute/CaImAn/issues/780",https://github.com/flatironinstitute/CaImAn/blob/master/LICENSE.txt is provided,There are many files related to testing.,2025-07-17,10,60,Computer Vision,3772,Yes
freewym/espresso,Y,942,2439,141225,The source code of this project has been organised into different modules in a way that shows the relationship between different files.,https://github.com/freewym/espresso/graphs/contributors that there are multiple contributors.,CI is not used on the project.,There is a well maintained README and documentations at https://github.com/freewym/espresso/tree/master/docs,Checking https://github.com/freewym/espresso/pulse/monthly there has been significant commit activity in the past month.,"The project maintainers respond to issues, as evidenced by https://github.com/freewym/espresso/issues/28",https://github.com/freewym/espresso/blob/master/LICENSE is provided,There are many files related to testing.,2024-09-04,3,280,ML Frameworks / Libraries,2559,Yes
FunctionLab/selene,Y,386,860,6352,The source code of this project has been organised into different modules in a way that shows the relationship between different files.,https://github.com/FunctionLab/selene/graphs/contributors shows that there are multiple contributors,The project uses Jenkins CI,There is a well-maintained documentation,No evidence of sustained commit activity,"The project maintainers respond to issues, as evidenced by https://github.com/FunctionLab/selene/issues/133 and https://github.com/FunctionLab/selene/issues/130",https://github.com/FunctionLab/selene/blob/master/LICENSE is provided.,There are many files related to testing.,2024-12-16,2,12,Data Science / Traditional ML,3026,Yes
galaxyproject/galaxy,Y,1612,85630,351424,The source code of this project has been organised into different modules in a way that shows the relationship between different files.,https://github.com/galaxyproject/galaxy/graphs/contributors that there are multiple contributors.,"The project uses various CI services to compute code coverage, check stylistic violations, etc.",There is a well maintained README and documentations at https://github.com/galaxyproject/galaxy/tree/dev/doc,Checking https://github.com/galaxyproject/galaxy/pulse/monthly there has been significant commit activity in the past month.,"The project maintainers respond to issues, as evidenced by https://github.com/galaxyproject/galaxy/issues/9968",https://github.com/galaxyproject/galaxy/blob/dev/LICENSE.txt is provided,There are many files related to testing.,2025-09-27,56,123,Domain-Specific Applications,3936,Yes
geomstats/geomstats,Y,1405,10874,52651,The source code of this project has been organised into different modules in a way that shows the relationship between different files.,https://github.com/geomstats/geomstats/graphs/contributors that there are multiple contributors.,"The project uses various CI services to compute code coverage, check stylistic violations, etc.",There is a well maintained README and documentations at https://github.com/geomstats/geomstats/tree/master/docs,Checking https://github.com/geomstats/geomstats/pulse/monthly there has been significant commit activity in the past month.,"The project maintainers respond to issues, as evidenced by https://github.com/geomstats/geomstats/issues/827",https://github.com/geomstats/geomstats/blob/master/LICENSE.md is provided,There are many files related to testing.,2025-09-26,30,76,ML Frameworks / Libraries,2962,Yes
geoopt/geoopt,Y,987,218,8404,The source code of this project has been organised into different modules in a way that shows the relationship between different files.,https://github.com/geoopt/geoopt/graphs/contributors that there are multiple contributors.,"The project uses various CI services to compute code coverage, check stylistic violations, etc.",There is a well maintained README and documentations at https://github.com/geoopt/geoopt/tree/master/docs,Checking https://github.com/geoopt/geoopt/pulse/monthly there has been 6 commit activity in the past month.,"The project maintainers respond to issues, as evidenced by https://github.com/geoopt/geoopt/issues/136",https://github.com/geoopt/geoopt/blob/master/LICENSE is provided,There are many files related to testing.,2025-08-04,2,10,ML Frameworks / Libraries,2583,Yes
geyang/ml_logger,Y,200,831,4472,The source code of this project has been organised into different modules in a way that shows the relationship between different files.,https://github.com/geyang/ml_logger/graphs/contributors that there are multiple contributors.,CI is not used on the project.,There is a well maintained README and documentations at https://github.com/geyang/ml_logger/tree/master/ml_logger/docs,There is no commit in the past month,"The project maintainers respond to issues, as evidenced by https://github.com/geyang/ml_logger/issues/28",https://github.com/geyang/ml_logger/blob/master/LICENSE.md is provided,There are many files related to testing.,2025-04-21,27,5,Computer Vision,2783,Yes
gjy3035/C-3-Framework,N,723,133,4303,The source code of the project exists as ad-hoc scripts.,https://github.com/gjy3035/C-3-Framework/graphs/contributors that there are multiple contributors.,CI is not used on the project.,Most of the functions in the source code are not documented.,There is no commit in the past month,"The project maintainers respond to issues, as evidenced by https://github.com/gjy3035/C-3-Framework/issues/81",https://github.com/gjy3035/C-3-Framework/blob/python3.x/LICENSE is provided,There are few files related to testing.,2024-03-30,2,6,Computer Vision,2539,No
google/automl,Y,6403,733,22342,The source code of this project has been organised into different modules in a way that shows the relationship between different files.,https://github.com/google/automl/graphs/contributors that there are multiple contributors.,"The project uses various CI services to compute code coverage, check stylistic violations, etc.","There is a well-maintained README, and documentations in https://github.com/google/automl/tree/master/efficientdet/g3doc",Checking https://github.com/google/automl/pulse/monthly there has been significant commit activity in the past month.,"The project maintainers respond to issues, as evidenced by https://github.com/google/automl/issues/572",https://github.com/google/automl/blob/master/LICENSE is provided,There is no evidence of any testing done on the project.,2025-03-02,5,39,Computer Vision,2092,Yes
google/clusterfuzz,Y,5478,3690,106396,The source code of this project has been organised into different modules in a way that shows the relationship between different files.,https://github.com/google/clusterfuzz/graphs/contributors that there are multiple contributors.,"The project uses various CI services to compute code coverage, check stylistic violations, etc.","There is a well-maintained README, and documentations in https://github.com/google/clusterfuzz/tree/master/docs",Checking https://github.com/google/clusterfuzz/pulse/monthly there has been significant commit activity in the past month.,"The project maintainers respond to issues, as evidenced by https://github.com/google/clusterfuzz/issues/1850",https://github.com/google/clusterfuzz/blob/master/LICENSE is provided,There are many files related to testing.,2025-09-26,196,99,MLOps / Deployment,2501,Yes
google/fhir,Y,897,1461,80,The source code of this project has been organised into different modules in a way that shows the relationship between different files.,https://github.com/google/fhir/graphs/contributors that there are multiple contributors.,"The project uses various CI services to compute code coverage, check stylistic violations, etc.","There is a well-maintained README, and documentations in https://github.com/google/fhir/tree/master/py/google/fhir/labels, https://github.com/google/fhir/tree/master/py/google/fhir/models and https://github.com/google/fhir/tree/master/py/google/fhir/seqex",Checking https://github.com/google/fhir/pulse/monthly there has been significant commit activity in the past month.,"The project maintainers respond to issues, as evidenced by https://github.com/google/fhir/issues/13",https://github.com/google/fhir/blob/master/LICENSE is provided,There are many files related to testing.,2025-09-25,12,38,Domain-Specific Applications,2884,No
google/flax,Y,6820,5358,64703,The source code of this project has been organised into different modules in a way that shows the relationship between different files.,https://github.com/google/flax/graphs/contributors that there are multiple contributors.,"The project uses various CI services to compute code coverage, check stylistic violations, etc.","There is a well-maintained README, and documentations in https://github.com/google/flax/tree/master/docs",Checking https://github.com/google/flax/pulse/monthly there has been significant commit activity in the past month.,"The project maintainers respond to issues, as evidenced by https://github.com/google/flax/issues/322",https://github.com/google/flax/blob/master/LICENSE is provided,There are many files related to testing.,2025-09-26,267,258,ML Frameworks / Libraries,2154,Yes
google/ml-metadata,Y,660,909,3619,The source code of this project has been organised into different modules in a way that shows the relationship between different files.,https://github.com/google/ml-metadata/graphs/contributors that there are multiple contributors.,CI is not used on the project.,"There is a well-maintained README, and documentations in https://github.com/google/ml-metadata/tree/master/g3doc",Checking https://github.com/google/ml-metadata/pulse/monthly there has been significant commit activity in the past month.,"The project maintainers respond to issues, as evidenced by https://github.com/google/ml-metadata/issues/42",https://github.com/google/ml-metadata/blob/master/LICENSE is provided,There is no evidence of any testing done on the project.,2025-04-03,30,20,MLOps / Deployment,2514,Yes
google/qkeras,Y,571,451,23397,The source code of this project has been organised into different modules in a way that shows the relationship between different files.,https://github.com/google/qkeras/graphs/contributors that there are multiple contributors.,"The project uses various CI services to compute code coverage, check stylistic violations, etc.","There is a well-maintained README, and majority of the functions in https://github.com/google/qkeras/tree/master/qkeras/autoqkeras and https://github.com/google/qkeras/tree/master/qkeras",Checking https://github.com/google/qkeras/pulse/monthly there has been significant commit activity in the past month.,"The project maintainers respond to issues, as evidenced by https://github.com/google/qkeras/issues/20",https://github.com/google/qkeras/blob/master/LICENSE is provided,There are many files related to testing.,2025-06-13,4,27,ML Frameworks / Libraries,2311,Yes
google/tf-quant-finance,Y,4994,960,50669,The source code of this project has been organised into different modules in a way that shows the relationship between different files.,https://github.com/google/tf-quant-finance/graphs/contributors that there are multiple contributors.,"The project uses various CI services to compute code coverage, check stylistic violations, etc.","There is a well-maintained README, and majority of the functions in https://github.com/google/tf-quant-finance/tree/master/tf_quant_finance and https://github.com/google/tf-quant-finance/tree/master/api_docs",Checking https://github.com/google/tf-quant-finance/pulse/monthly there has been significant commit activity in the past month.,"The project maintainers respond to issues, as evidenced by https://github.com/google/tf-quant-finance/issues/27",https://github.com/google/tf-quant-finance/blob/master/LICENSE is provided,There are few files related to testing.,2025-03-21,2,41,ML Frameworks / Libraries,2324,Yes
GoogleCloudPlatform/healthcare,Y,386,847,7788,The source code of this project has been organised into different modules in a way that shows the relationship between different files.,https://github.com/GoogleCloudPlatform/healthcare/graphs/contributors shows that there are multiple contributors,CI is not used on the project.,There is a well-maintained documentation,Evidence of sustained commit activity,"The project maintainers respond to issues, as evidenced by https://github.com/GoogleCloudPlatform/healthcare/issues/391 and https://github.com/GoogleCloudPlatform/healthcare/issues/463",https://github.com/GoogleCloudPlatform/healthcare/blob/master/LICENSE is provided.,There are many files related to testing but its everywhere,2024-08-20,322,27,Domain-Specific Applications,2841,No
GoogleCloudPlatform/ml-on-gcp,Y,506,376,9308,The source code of this project has been organised into different modules in a way that shows the relationship between different files.,https://github.com/GoogleCloudPlatform/ml-on-gcp/graphs/contributors shows that there are multiple contributors,CI is not used on the project.,There is a well-maintained documentation,Little evidence of sustained commit activity with only 7 commits in the past 2 months,"The project maintainers respond to issues, as evidenced by https://github.com/GoogleCloudPlatform/ml-on-gcp/issues/34 and https://github.com/GoogleCloudPlatform/ml-on-gcp/issues/42 but not often",https://github.com/GoogleCloudPlatform/ml-on-gcp/blob/master/LICENSE is provided.,Not much test files,2024-10-24,34,27,Data Science / Traditional ML,3026,No
GoogleCloudPlatform/professional-services,Y,2944,2324,82363,The source code of this project has been organised into different modules in a way that shows the relationship between different files.,https://github.com/GoogleCloudPlatform/professional-services/graphs/contributors shows that there are multiple contributors,The project uses Cloudbuild CI,There is a well-maintained documentation,Evidence of sustained commit activity,"The project maintainers respond to issues, as evidenced by https://github.com/GoogleCloudPlatform/professional-services/issues/482 and https://github.com/GoogleCloudPlatform/professional-services/issues/333",https://github.com/GoogleCloudPlatform/professional-services/blob/master/LICENSE is provided.,There are many files related to testing but its everywhere,2025-09-24,6,288,MLOps / Deployment,3121,Yes
GoogleCloudPlatform/python-docs-samples,Y,7839,11996,138315,The source code of this project has been organised into different modules in a way that shows the relationship between different files.,https://github.com/GoogleCloudPlatform/python-docs-samples/graphs/contributors shows that there are multiple contributors,The project uses Travis CI,There is a well-maintained documentation,Evidence of sustained commit activity,"The project maintainers respond to issues, as evidenced by https://github.com/GoogleCloudPlatform/python-docs-samples/issues/4206 and https://github.com/GoogleCloudPlatform/python-docs-samples/issues/4162",https://github.com/GoogleCloudPlatform/python-docs-samples/blob/master/LICENSE is provided.,There are many files related to testing but its everywhere,2025-09-26,177,629,MLOps / Deployment,3866,Yes
GoogleCloudPlatform/training-data-analyst,Y,8292,7963,108122,The source code of this project has been organised into different modules in a way that shows the relationship between different files.,https://github.com/GoogleCloudPlatform/training-data-analyst/graphs/contributors shows that there are multiple contributors,CI is not used on the project.,Functions mentioned but not well documented,Evidence of sustained commit activity,"Users ask, answer and resolve their own issues",https://github.com/GoogleCloudPlatform/training-data-analyst/blob/master/LICENSE is provided.,Can't find test files,2025-09-16,352,205,MLOps / Deployment,3517,No
google-research/google-research,Y,36441,4848,1307312,The source code of this project has been organised into different modules in a way that shows the relationship between different files.,https://github.com/google-research/google-research/graphs/contributors that there are multiple contributors.,"The project uses various CI services to compute code coverage, check stylistic violations, etc.",There are multiple well maintained README,Checking https://github.com/google-research/google-research/pulse/monthly there has been significant commit activity in the past month.,"The project maintainers respond to issues, as evidenced by https://github.com/google-research/google-research/issues/313",https://github.com/google-research/google-research/blob/master/LICENSE is provided,There are few files related to testing.,2025-09-17,418,639,ML Frameworks / Libraries,2617,Yes
google-research/meta-dataset,Y,790,319,15178,The source code of this project has been organised into different modules in a way that shows the relationship between different files.,https://github.com/google-research/meta-dataset/graphs/contributors that there are multiple contributors.,CI is not used on the project.,There are is a well maintained README and documentation at https://github.com/google-research/meta-dataset/tree/master/doc,There is no commit in the past month,"The project maintainers respond to issues, as evidenced by https://github.com/google-research/google-research/issues/313",https://github.com/google-research/meta-dataset/blob/master/LICENSE is provided,There are few files related to testing.,2024-05-24,2,22,ML Frameworks / Libraries,2465,No
google-research/tensor2robot,Y,560,237,16147,The source code of the project exists as ad-hoc scripts.,https://github.com/google-research/tensor2robot/graphs/contributors that there are multiple contributors.,CI is not used on the project.,"There is a well-maintained README, and the majority of the functions in https://github.com/google-research/tensor2robot/tree/master/models ",Checking https://github.com/google-research/tensor2robot/pulse/monthly there has been 8 commit activity in the past month.,The author of the project does not reply to issues or close them.,https://github.com/google-research/tensor2robot/blob/master/LICENSE is provided,There are few files related to testing.,2024-08-19,2,14,ML Frameworks / Libraries,2396,No
google-research/text-to-text-transfer-transformer,Y,6425,601,8552,The source code of the project exists as ad-hoc scripts.,https://github.com/google-research/text-to-text-transfer-transformer/graphs/contributors that there are multiple contributors.,"The project uses various CI services to compute code coverage, check stylistic violations, etc.","There is a well-maintained README, and the majority of the functions in https://github.com/google-research/text-to-text-transfer-transformer/tree/master/t5/scripts",Checking https://github.com/google-research/text-to-text-transfer-transformer/pulse/monthly there has been significant commit activity in the past month.,"The project maintainers respond to issues, as evidenced by https://github.com/google-research/text-to-text-transfer-transformer/issues/299",https://github.com/google-research/text-to-text-transfer-transformer/blob/master/LICENSE is provided,There are many files related to testing.,2025-04-28,40,57,ML Frameworks / Libraries,2239,Yes
GRAAL-Research/poutyne,Y,576,774,12874,The source code of this project has been organised into different modules in a way that shows the relationship between different files.,https://github.com/GRAAL-Research/poutyne/graphs/contributors shows that there are multiple contributors,The project uses Travis CI,There is a well-maintained documentation,Little evidence of sustained commit activity,"The project maintainers (mainly 1 person) respond to issues, as evidenced by https://github.com/GRAAL-Research/poutyne/issues/72 and https://github.com/GRAAL-Research/poutyne/issues/40",https://github.com/GRAAL-Research/poutyne/blob/master/LICENSE is provided.,There are many files related to testing.,2025-05-05,8,20,ML Frameworks / Libraries,2918,Yes
graphbrain/graphbrain,Y,618,3218,10180,The source code of this project has been organised into different modules in a way that shows the relationship between different files.,https://github.com/graphbrain/graphbrain/graphs/contributors that there are multiple contributors.,CI is not used on the project.,"There is a well-maintained README, and majority of the functions in https://github.com/graphbrain/graphbrain/tree/master/docs",Checking https://github.com/graphbrain/graphbrain/pulse/monthly there has been 1 commit activity in the past month.,"The project maintainers respond to issues, as evidenced by https://github.com/graphbrain/graphbrain/issues/17",https://github.com/graphbrain/graphbrain/blob/master/LICENSE is provided,There are few files related to testing.,2025-08-06,6,7,Natural Language Processing,3579,No
greentfrapp/lucent,Y,643,191,2009,The source code of this project has been organised into different modules in a way that shows the relationship between different files.,https://github.com/greentfrapp/lucent/graphs/contributors that there are multiple contributors.,"The project uses various CI services to compute code coverage, check stylistic violations, etc.","There is a well-maintained README, and majority of the functions in https://github.com/greentfrapp/lucent/tree/master/lucent",Checking https://github.com/greentfrapp/lucent/pulse/monthly there has been significant commit activity in the past month.,"The project maintainers respond to issues, as evidenced by https://github.com/graphbrain/graphbrain/issues/17",https://github.com/greentfrapp/lucent/blob/master/LICENSE is provided,There are few files related to testing.,2025-03-21,5,11,ML Frameworks / Libraries,2034,Yes
guildai/guildai,Y,889,5779,51790,The source code of this project has been organised into different modules in a way that shows the relationship between different files.,https://github.com/guildai/guildai/graphs/contributors that there are multiple contributors.,"The project uses various CI services to compute code coverage, check stylistic violations, etc.","There is a well-maintained README, and majority of the functions in https://github.com/guildai/guildai/tree/master/guild",Checking https://github.com/guildai/guildai/pulse/monthly there has been significant commit activity in the past month.,"The project maintainers respond to issues, as evidenced by https://github.com/guildai/guildai/issues/205",https://github.com/guildai/guildai/blob/master/LICENSE.txt is provided,There are few files related to testing.,2025-04-29,70,23,MLOps / Deployment,2989,Yes
guillaume-be/rust-bert,Y,2951,1120,176,The source code of this project has been organised into different modules in a way that shows the relationship between different files.,https://github.com/guillaume-be/rust-bert/graphs/contributors that there are multiple contributors.,"The project uses various CI services to compute code coverage, check stylistic violations, etc.","There is a well-maintained README, and majority of the functions in https://github.com/guillaume-be/rust-bert/tree/master/src",Checking https://github.com/guillaume-be/rust-bert/pulse/monthly there has been significant commit activity in the past month.,"The project maintainers respond to issues, as evidenced by https://github.com/guillaume-be/rust-bert/issues/56",https://github.com/guillaume-be/rust-bert/blob/master/LICENSE is provided,There are many files related to testing.,2025-05-26,7,47,Natural Language Processing,2139,Yes
hastagAB/Awesome-Python-Scripts,N,2263,471,7569,The source code of the project exists as ad-hoc scripts.,https://github.com/hastagAB/Awesome-Python-Scripts/graphs/contributors that there are multiple contributors.,"The project uses various CI services to compute code coverage, check stylistic violations, etc.",There is a well-maintained README,Checking https://github.com/hastagAB/Awesome-Python-Scripts/pulse/monthly there has been 2 commit activity in the past month.,"The project maintainers respond to issues, as evidenced by https://github.com/hastagAB/Awesome-Python-Scripts/issues/53",https://github.com/hastagAB/Awesome-Python-Scripts/blob/master/LICENSE.txt is provided,There is no evidence of any testing done on the project.,2024-06-21,12,133,Domain-Specific Applications,2619,No
heartexlabs/label-studio,Y,24894,5537,52356,The source code of this project has been organised into different modules in a way that shows the relationship between different files.,https://github.com/heartexlabs/label-studio/graphs/contributors that there are multiple contributors.,"The project uses various CI services to compute code coverage, check stylistic violations, etc.",There is a well-maintained README,Checking https://github.com/heartexlabs/label-studio/pulse/monthly there has been 2 commit activity in the past month.,"The project maintainers respond to issues, as evidenced by https://github.com/heartexlabs/label-studio/issues/335",https://github.com/heartexlabs/label-studio/blob/master/LICENSE is provided,There is no evidence of any testing done on the project.,2025-09-26,1218,138,Computer Vision,2360,Yes
henrysky/astroNN,Y,204,2181,10096,The source code of this project has been organised into different modules in a way that shows the relationship between different files.,There are no contributors to the project other than the author.,"The project uses various CI services to compute code coverage, check stylistic violations, etc.",There is a well-maintained README and documentation in https://github.com/henrysky/astroNN/tree/master/docs,There is no commit in the past month,"The project maintainers respond to issues, as evidenced by https://github.com/henrysky/astroNN/issues/6",https://github.com/henrysky/astroNN/blob/master/LICENSE is provided,There are many files related to testing.,2025-09-09,9,5,ML Frameworks / Libraries,2973,Yes
home-assistant/core,Y,81605,99340,2109291,The source code of this project has been organised into different modules in a way that shows the relationship between different files.,https://github.com/home-assistant/core/graphs/contributors that there are multiple contributors.,"The project uses various CI services to compute code coverage, check stylistic violations, etc.",There is a well-maintained README,Checking https://github.com/home-assistant/core/pulse/monthly there has been significant commit activity in the past month.,"The project maintainers respond to issues, as evidenced by https://github.com/home-assistant/core/issues/37681",https://github.com/home-assistant/core/blob/dev/LICENSE.md is provided,There are many files related to testing.,2025-09-28,238,1026,Domain-Specific Applications,4460,Yes
huggingface/transformers,Y,150377,20591,988895,The source code of this project has been organised into different modules in a way that shows the relationship between different files.,Multiple contributors: https://github.com/huggingface/transformers/graphs/contributors,"The project uses CI services to compute code coverage, check stylistic violations, etc.","There is a well maintained README, codes are well documented",The project shows frequent and consistent commits throughout the past years: https://github.com/huggingface/transformers/graphs/commit-activity,More closed issues than open. Project authors respond to issues: https://github.com/huggingface/transformers/issues,https://github.com/huggingface/transformers/blob/master/LICENSE,There are many files related to testing.,2025-09-26,964,3231,Natural Language Processing,2592,Yes
huseinzol05/Malaya,Y,506,942,603277,The source code of this project has been organised into different modules in a way that shows the relationship between different files.,Multiple contributors: https://github.com/huseinzol05/Malaya/graphs/contributors,"The project uses various CI services to compute code coverage, check stylistic violations, etc.","There is a well maintained README, codes are well documented",Few commits in the last month: https://github.com/hunkim/PyTorchZeroToAll/graphs/commit-activity,"Only one issue, issues closed frequently: https://github.com/huseinzol05/Malaya/issues?q=is%3Aissue+is%3Aclosed",https://github.com/huseinzol05/Malaya/blob/master/LICENSE,There are few files related to testing.,2025-08-29,47,10,Natural Language Processing,2824,Yes
IBM/adversarial-robustness-toolbox,Y,5560,13028,80632,The source code of this project has been organised into different modules in a way that shows the relationship between different files.,https://github.com/IBM/adversarial-robustness-toolbox/graphs/contributors shows that there are multiple contributors,The project uses Travis CI,There is a well-maintained documentation,Evidence of sustained commit activity,"The project maintainers respond to issues, as evidenced by https://github.com/IBM/adversarial-robustness-toolbox/issues/477 and https://github.com/IBM/adversarial-robustness-toolbox/issues/448",https://github.com/IBM/adversarial-robustness-toolbox/blob/main/LICENSE is provided.,There are many files related to testing.,2025-09-25,7,109,Data Science / Traditional ML,2820,Yes
IBM/AIF360,Y,2657,438,13835,The source code of this project has been organised into different modules in a way that shows the relationship between different files.,https://github.com/IBM/AIF360/graphs/contributors shows that there are multiple contributors,The project uses Travis CI,There is a well-maintained documentation,Little evidence of sustained commit activity but quite stable,"The project maintainers (mainly 1 person) respond to issues, as evidenced by https://github.com/IBM/AIF360/issues/185 and https://github.com/IBM/AIF360/issues/45",https://github.com/IBM/AIF360/blob/master/LICENSE is provided.,There are many files related to testing.,2024-12-10,19,63,Computer Vision,2660,Yes
IBM/AIX360,Y,1735,633,17132,The source code of this project has been organised into different modules in a way that shows the relationship between different files.,https://github.com/IBM/AIX360/graphs/contributors shows that there are multiple contributors,The project uses Travis CI,There is a well-maintained documentation,No evidence of sustained commit activity,"The project maintainers respond to issues but not often, as evidenced by https://github.com/IBM/AIX360/issues/46 and https://github.com/IBM/AIX360/issues/76",https://github.com/IBM/AIX360/blob/master/LICENSE is provided.,There are many files related to testing.,2025-02-26,10,26,Domain-Specific Applications,2337,Yes
IBM/lale,Y,343,1540,80917,The source code of this project has been organised into different modules in a way that shows the relationship between different files.,https://github.com/IBM/lale/graphs/contributors shows that there are multiple contributors,The project uses Travis CI,There is a well-maintained documentation,Evidence of sustained commit activity,The maintainers of the project does not reply to issues or close them.,https://github.com/IBM/lale/blob/master/LICENSE.txt is provided.,There are many files related to testing.,2025-09-19,10,27,Data Science / Traditional ML,2311,Yes
idealo/image-super-resolution,Y,4789,151,2788,The source code of this project has been organised into different modules in a way that shows the relationship between different files.,Multiple contributors: https://github.com/idealo/image-super-resolution/graphs/contributors,"The project uses various CI services to compute code coverage, check stylistic violations, etc.","There is a README, codes are not documented","No commits in the past few months, around 12 commits in the last year",More closed issues than open. Project authors respond to issues: https://github.com/idealo/image-super-resolution/issues,https://github.com/idealo/image-super-resolution/blob/master/LICENSE,There are many files related to testing.,2024-12-18,6,8,Computer Vision,2564,Yes
interpretml/DiCE,Y,1446,791,7492,The source code of this project has been organised into different modules in a way that shows the relationship between different files.,Multiple contributors: https://github.com/interpretml/DiCE/graphs/contributors,"The project uses various CI services to compute code coverage, check stylistic violations, etc.","There is a well maintained README, codes are well documented",Consistent commits in the last month,More closed issues than open. Project authors respond to issues: https://github.com/interpretml/DiCE/issues,https://github.com/interpretml/DiCE/blob/master/LICENSE,There are many files related to testing.,2025-07-13,96,23,Domain-Specific Applications,2407,Yes
interpretml/interpret-community,Y,435,486,10499,The source code of this project has been organised into different modules in a way that shows the relationship between different files.,Multiple contributors: https://github.com/interpretml/interpret-community/graphs/contributors,"The project uses various CI services to compute code coverage, check stylistic violations, etc.","There is a README, codes are not documented",Consistent commits in the last month,More closed issues than open. Project authors respond to issues: https://github.com/interpretml/interpret-community/issues?q=is%3Aopen+is%3Aissue,https://github.com/interpretml/interpret-community/blob/master/LICENSE,There are many files related to testing.,2025-02-07,34,22,Reinforcement Learning,2261,Yes
interpretml/interpret-text,Y,426,152,6861,The source code of this project has been organised into different modules in a way that shows the relationship between different files.,Multiple contributors: https://github.com/interpretml/interpret-text/graphs/contributors,"The project uses various CI services to compute code coverage, check stylistic violations, etc.","There is a well maintained README, codes are well documented",Consistent commits in the last month,"More open issues than closed issues, author does not respond frequently",https://github.com/interpretml/interpret-text/blob/master/LICENSE,There are many files related to testing.,2024-02-05,57,18,Natural Language Processing,2282,Yes
jaakkopasanen/AutoEq,N,14749,896,4958,The source code of this project has been organised into different modules in a way that shows the relationship between different files.,Multiple contributors: https://github.com/jaakkopasanen/AutoEq/graphs/contributors,No indications of using CI services,"There is a README, codes are not documented","No commits the past month, active before that","More closed than open, author does not respond frequently",https://github.com/jaakkopasanen/AutoEq/blob/master/LICENSE,There is no evidence of any testing done on the project.,2025-07-20,9,18,Domain-Specific Applications,2831,No
jantic/DeOldify,N,18416,524,12886,The source code of the project exists as ad-hoc scripts.,Multiple contributors: https://github.com/jantic/DeOldify/graphs/contributors,No indications of using CI services,"There is a README, codes are not documented",No commits in the past month,"More closed than open, author does not respond frequently",https://github.com/jantic/DeOldify/blob/master/LICENSE,There is no evidence of any testing done on the project.,2024-10-19,4,37,Computer Vision,2590,Yes
jeongyoonlee/Kaggler,Y,752,254,2665,The source code of this project has been organised into different modules in a way that shows the relationship between different files.,Multiple contributors: https://github.com/jeongyoonlee/Kaggler/graphs/contributors,"The project uses various CI services to compute code coverage, check stylistic violations, etc.","There is a well maintained README, some codes are documented",No commits in the past month,"More closed than open, author does not respond frequently",https://github.com/jeongyoonlee/Kaggler/blob/master/LICENSE,There are many files related to testing.,2024-04-25,17,8,Data Science / Traditional ML,3962,Yes
jessevig/bertviz,N,7652,308,7099,The source code of the project exists as ad-hoc scripts.,Multiple contributors: hhttps://github.com/jessevig/bertviz/graphs/contributors,"The project uses various CI services to compute code coverage, check stylistic violations, etc.","There is a README, codes are not documented",No commits in the past month,"More closed than open, author does not respond frequently",https://github.com/jessevig/bertviz/blob/master/LICENSE,Only 1 test file,2025-06-01,15,5,Natural Language Processing,2544,No
joeynmt/joeynmt,Y,702,904,9765,The source code of this project has been organised into different modules in a way that shows the relationship between different files.,Multiple contributors: https://github.com/joeynmt/joeynmt/graphs/contributors,"The project uses various CI services to compute code coverage, check stylistic violations, etc.","There is a well maintained README, some codes are documented",Consistent commits in the last month,"More closed than open, author does not respond frequently",https://github.com/joeynmt/joeynmt/blob/master/LICENSE,There are many files related to testing.,2024-01-25,4,30,ML Frameworks / Libraries,2606,Yes
jrzaurin/pytorch-widedeep,Y,1377,965,32158,The source code of this project has been organised into different modules in a way that shows the relationship between different files.,Multiple contributors: https://github.com/jrzaurin/pytorch-widedeep/graphs/contributors,"The project uses various CI services to compute code coverage, check stylistic violations, etc.","There is a well maintained README, some codes are documented","No commits the past month, active before that",More closed issues than open. Project authors respond to issues: https://github.com/jrzaurin/pytorch-widedeep/issues/12,https://github.com/jrzaurin/pytorch-widedeep/blob/master/LICENSE,There are many files related to testing.,2025-09-27,15,10,Natural Language Processing,2965,Yes
junyanz/pytorch-CycleGAN-and-pix2pix,Y,24516,535,2037,The source code of this project has been organised into different modules in a way that shows the relationship between different files.,Multiple contributors: https://github.com/junyanz/pytorch-CycleGAN-and-pix2pix/graphs/contributors,No indications of using CI services,"There is a well maintained README, codes are well documented",Consistent commits in the last month,More closed issues than open. Project authors respond to issues:https://github.com/junyanz/pytorch-CycleGAN-and-pix2pix/issues/1084,https://github.com/junyanz/pytorch-CycleGAN-and-pix2pix/blob/master/LICENSE,There are many files related to testing.,2025-08-06,3,59,Computer Vision,3151,No
kakao/buffalo,Y,578,580,6686,The source code of this project has been organised into different modules in a way that shows the relationship between different files.,Multiple contributors: https://github.com/kakao/buffalo/graphs/contributors,"The project uses various CI services to compute code coverage, check stylistic violations, etc.","There is a well maintained README, codes are well documented",Some commits the past month,"More closed than open, author does not respond frequently",https://github.com/kakao/buffalo/blob/dev/LICENSE,There are many files related to testing.,2025-05-16,14,22,Domain-Specific Applications,2290,Yes
kaushaltrivedi/fast-bert,Y,1905,346,9128,The source code of this project has been organised into different modules in a way that shows the relationship between different files.,Multiple contributors: https://github.com/kaushaltrivedi/fast-bert/graphs/contributors,No indications of using CI services,"There is a well maintained README, codes are well documented",Consistent commits in the last month,"More open issues than closed issues, author does not respond frequently",https://github.com/kaushaltrivedi/fast-bert/blob/master/LICENSE,There are many files related to testing.,2024-08-19,6,27,Natural Language Processing,2421,Yes
keras-team/autokeras,Y,9269,1394,7356,The source code of this project has been organised into different modules in a way that shows the relationship between different files.,Multiple contributors: https://github.com/keras-team/autokeras/graphs/contributors,"The project uses various CI services to compute code coverage, check stylistic violations, etc.",https://github.com/keras-team/keras-tuner/graphs/contributors,Consistent commits in the last month,"More closed than open, author does not respond frequently",https://github.com/keras-team/autokeras/blob/master/LICENSE.txt,There are many files related to testing.,2024-12-16,4,131,ML Frameworks / Libraries,2936,Yes
keras-team/keras-tuner,Y,2903,1087,10943,The source code of this project has been organised into different modules in a way that shows the relationship between different files.,Multiple contributors: https://github.com/keras-team/keras-tuner/graphs/contributors,"The project uses various CI services to compute code coverage, check stylistic violations, etc.",https://github.com/keras-team/keras-tuner/graphs/contributors,Consistent commits in the last month,"More closed than open, author does not respond frequently",https://github.com/keras-team/keras-tuner/blob/master/LICENSE,There are many files related to testing.,2024-06-24,4,57,ML Frameworks / Libraries,2372,Yes
kermitt2/delft,Y,404,942,11351,The source code of the project exists as ad-hoc scripts.,Multiple contributors: https://github.com/kermitt2/delft/graphs/contributors,"The project uses various CI services to compute code coverage, check stylistic violations, etc.","There is a README, some codes are documented",Some commits the past month,"More closed than open, author does not respond frequently",https://github.com/kermitt2/delft/blob/master/LICENSE.txt,There is no evidence of any testing done on the project.,2025-05-19,32,5,Natural Language Processing,2791,Yes
kermitt2/grobid,Y,4335,3832,293,The source code of this project has been organised into different modules in a way that shows the relationship between different files.,Multiple contributors: https://github.com/kermitt2/grobid/graphs/contributors,"The project uses various CI services to compute code coverage, check stylistic violations, etc.","There is a well maintained README, codes are well documented",Consistent commits in the last month,"More closed than open, author responds frequently: https://github.com/kermitt2/grobid/issues/604",https://github.com/kermitt2/grobid/blob/master/LICENSE,There are many files related to testing.,2025-09-18,102,49,Reinforcement Learning,4829,Yes
KevinMusgrave/pytorch-metric-learning,Y,6232,1309,15569,The source code of this project has been organised into different modules in a way that shows the relationship between different files.,https://github.com/KevinMusgrave/pytorch-metric-learning/graphs/contributors shows that there are multiple contributors but mainly 1 person,CI is not used on the project.,There is a well-maintained documentation,Evidence of sustained commit activity,"The project author respond to issues, as evidenced by https://github.com/KevinMusgrave/pytorch-metric-learning/issues/122 and https://github.com/KevinMusgrave/pytorch-metric-learning/issues/116",https://github.com/KevinMusgrave/pytorch-metric-learning/blob/master/LICENSE is provided.,There are many files related to testing.,2025-08-17,20,38,Computer Vision,2233,Yes
kipoi/kipoi,Y,238,1333,9782,The source code of this project has been organised into different modules in a way that shows the relationship between different files.,Multiple contributors: https://github.com/kipoi/kipoi/graphs/contributors,"The project uses various CI services to compute code coverage, check stylistic violations, etc.","There is a well maintained README, codes are well documented",Consistent commits in the last month,"More closed than open, author does not respond frequently",https://github.com/kipoi/kipoi/blob/master/LICENSE,There are many files related to testing.,2024-04-11,13,19,Domain-Specific Applications,3072,Yes
koaning/scikit-lego,Y,1360,569,10542,The source code of this project has been organised into different modules in a way that shows the relationship between different files.,Multiple contributors: https://github.com/koaning/scikit-lego/graphs/contributors,"The project uses various CI services to compute code coverage, check stylistic violations, etc.","There is a well maintained README, codes are well documented",Consistent commits in the last month,More closed issues than open. Project authors respond to issues: https://github.com/koaning/scikit-lego/issues/380,https://github.com/koaning/scikit-lego/blob/master/LICENSE,There are many files related to testing.,2025-09-15,12,60,Data Science / Traditional ML,2508,Yes
kornia/kornia,Y,10774,2965,84657,The source code of this project has been organised into different modules in a way that shows the relationship between different files.,Multiple contributors: https://github.com/kornia/kornia/graphs/contributors,"The project uses various CI services to compute code coverage, check stylistic violations, etc.","There is a well maintained README, codes are well documented",Consistent commits in the last month,"More closed than open, author does not respond frequently",https://github.com/kornia/kornia/blob/master/LICENSE,There are many files related to testing.,2025-09-27,11,289,Computer Vision,2660,Yes
kubeflow/examples,N,1447,544,11038,The source code of the project exists as ad-hoc scripts.,https://github.com/kubeflow/examples/graphs/contributors shows that there are multiple contributors,CI is not used on the project,"There is a well-maintained README, and the majority of the functions in https://github.com/kubeflow/examples/blob/master/object_detection/serving_script/standard_fields.py and https://github.com/kubeflow/examples/blob/master/code_search/src/code_search/nmslib/search_engine.py and https://github.com/kubeflow/examples/blob/master/mnist/model.py have appropriate docstrings",https://github.com/kubeflow/examples/graphs/commit-activity shows there has been activities in the past few months consistently,"The project maintainers respond to issues, as evidenced by https://github.com/kubeflow/examples/issues/806 and https://github.com/kubeflow/examples/issues/798",https://github.com/kubeflow/examples/blob/master/LICENSE,There are many files related to testing,2025-04-14,86,93,MLOps / Deployment,2862,Yes
kubeflow/katib,Y,1628,1361,15845,The source code of this project has been organised into different modules in a way that shows the relationship between different files.,https://github.com/kubeflow/katib/graphs/contributors shows that there are multiple contributors,"The project uses various CI services to compute code coverage, check stylistic violations, etc.",There is a well-maintained README but Most of the functions in the source code are not documented.,https://github.com/kubeflow/katib/graphs/commit-activity shows there has been activities in the past few months consistently,"The project maintainers respond to issues, as evidenced by https://github.com/kubeflow/katib/issues/1211 and https://github.com/kubeflow/katib/issues/1211",https://github.com/kubeflow/katib/blob/master/LICENSE,There are many files related to testing,2025-09-24,21,135,MLOps / Deployment,2801,Yes
kubeflow/kfserving,Y,4593,1896,62085,The source code of this project has been organised into different modules in a way that shows the relationship between different files.,https://github.com/kubeflow/kfserving/graphs/contributors shows that there are multiple contributors,CI is not used on the project,There is a well-maintained README but Most of the functions in the source code are not documented.,https://github.com/kubeflow/kfserving/graphs/commit-activity shows there has been activities in the past few months consistently,"The project maintainers respond to issues, as evidenced by https://github.com/kubeflow/kfserving/issues/916 and https://github.com/kubeflow/kfserving/issues/884",https://github.com/kubeflow/kfserving/blob/master/LICENSE,There are many files related to testing,2025-09-25,19,294,MLOps / Deployment,2443,Yes
kubeflow/pipelines,Y,3954,6514,110404,The source code of this project has been organised into different modules in a way that shows the relationship between different files.,https://github.com/kubeflow/pipelines/graphs/contributors shows that there are multiple contributors,"The project uses various CI services to compute code coverage, check stylistic violations, etc.","There is a well-maintained README, and the majority of the functions in https://github.com/kubeflow/pipelines/blob/master/backend/src/apiserver/model/pipeline_version.go and https://github.com/kubeflow/pipelines/blob/master/backend/src/apiserver/model/job.go have appropriate docstrings",https://github.com/kubeflow/pipelines/graphs/commit-activity shows there has been activities in the past few months consistently,"The project maintainers respond to issues, as evidenced by https://github.com/kubeflow/pipelines/issues/4162 and https://github.com/kubeflow/pipelines/issues/4159",https://github.com/kubeflow/pipelines/blob/master/LICENSE,There are many files related to testing,2025-09-26,314,456,MLOps / Deployment,2763,Yes
kubeflow-kale/kale,Y,640,649,6510,The source code of this project has been organised into different modules in a way that shows the relationship between different files.,https://github.com/kubeflow-kale/kale/graphs/contributors shows that there are multiple contributors but mainly 2,"The project uses various CI services to compute code coverage, check stylistic violations, etc.","There is a well-maintained README, and the majority of the functions in https://github.com/kubeflow-kale/kale/blob/master/backend/kale/utils/jupyter_utils.py and https://github.com/kubeflow-kale/kale/blob/master/backend/kale/utils/graph_utils.py have appropriate docstrings","Checking https://github.com/kubeflow-kale/kale/graphs/commit-activity, there has been activities in the past few months consistently","The project maintainers respond to issues, as evidenced by https://github.com/kubeflow-kale/kale/issues/147 and https://github.com/kubeflow-kale/kale/issues/142",https://github.com/kubeflow-kale/kale/blob/master/LICENSE,There are many files related to testing,2025-09-12,14,8,MLOps / Deployment,2505,Yes
l3p-cv/lost,Y,572,2908,15154,The source code of this project has been organised into different modules in a way that shows the relationship between different files.,https://github.com/l3p-cv/lost/graphs/contributors shows that there are multiple contributors,CI is not used on the project,"There is a well-maintained README, and the majority of the functions in https://github.com/l3p-cv/lost/blob/master/backend/lost/pyapi/script.py and https://github.com/l3p-cv/lost/blob/master/backend/lost/logic/label.py have appropriate docstrings",https://github.com/l3p-cv/lost/graphs/commit-activity shows there has been activities in the past few months consistently,"The project maintainers respond to issues, as evidenced by https://github.com/l3p-cv/lost/issues/74 and https://github.com/l3p-cv/lost/issues/58",https://github.com/l3p-cv/lost/blob/master/LICENSE,There are many files related to testing,2025-09-24,57,12,Computer Vision,2578,Yes
lab-ml/labml,Y,2232,2362,16420,The source code of this project has been organised into different modules in a way that shows the relationship between different files.,https://github.com/lab-ml/labml/graphs/contributors shows that there are multiple contributors but mainly 1,CI is not used on the project,"There is a well-maintained README, but only some of the functions in scripts like https://github.com/lab-ml/labml/blob/master/labml/experiment.py and https://github.com/lab-ml/labml/blob/master/labml/logger.py have appropriate docstrings",https://github.com/lab-ml/labml/graphs/commit-activity shows there has been activities in the past few months consistently,"The project maintainers respond to issues, as evidenced by https://github.com/lab-ml/labml/issues/38 and https://github.com/lab-ml/labml/issues/28",https://github.com/lab-ml/labml/blob/master/license,There are many files related to testing,2025-04-10,7,8,ML Frameworks / Libraries,2574,Yes
learnables/cherry,Y,199,415,11180,The source code of this project has been organised into different modules in a way that shows the relationship between different files.,https://github.com/learnables/cherry/graphs/contributors shows that there are multiple contributors but mainly 1,"The project uses various CI services to compute code coverage, check stylistic violations, etc.","There is a well-maintained README, and the majority of the functions in https://github.com/learnables/cherry/blob/master/cherry/models/robotics.py and https://github.com/learnables/cherry/blob/master/cherry/models/tabular.py and https://github.com/learnables/cherry/blob/master/cherry/models/utils.py have appropriate docstrings",https://github.com/learnables/cherry/graphs/commit-activity shows there has been only 1 commit in the past month,"The project maintainers respond to issues, as evidenced by https://github.com/learnables/cherry/issues/33 and https://github.com/learnables/cherry/issues/22",https://github.com/learnables/cherry/blob/master/LICENSE,There are many files related to testing,2025-06-22,6,9,Reinforcement Learning,2561,Yes
limbo018/DREAMPlace,Y,866,787,14304,The source code of this project has been organised into different modules in a way that shows the relationship between different files.,https://github.com/limbo018/DREAMPlace/graphs/contributors shows that there are multiple contributors,"The project uses various CI services to compute code coverage, check stylistic violations, etc.","There is a well-maintained README, and the majority of the functions in https://github.com/limbo018/DREAMPlace/blob/master/dreamplace/BasicPlace.py and https://github.com/limbo018/DREAMPlace/blob/master/dreamplace/Params.py and https://github.com/limbo018/DREAMPlace/blob/master/dreamplace/EvalMetrics.py have appropriate docstrings",https://github.com/limbo018/DREAMPlace/graphs/commit-activity shows there has been activities in the past few months consistently,"The project maintainers respond to issues, as evidenced by https://github.com/limbo018/DREAMPlace/issues/24 and https://github.com/limbo018/DREAMPlace/issues/23",https://github.com/limbo018/DREAMPlace/blob/master/LICENSE,There are many files related to testing,2025-09-27,20,24,ML Frameworks / Libraries,2470,No
lsds/KungFu,Y,298,384,7566,The source code of this project has been organised into different modules in a way that shows the relationship between different files.,https://github.com/lsds/KungFu/graphs/contributors shows that there are multiple contributors,"The project uses various CI services to compute code coverage, check stylistic violations, etc.",There is a well-maintained README but Most of the functions in the source code are not documented.,https://github.com/lsds/KungFu/graphs/commit-activity shows there has been activities in the past few months consistently,"The project maintainers respond to issues, as evidenced byhttps://github.com/lsds/KungFu/issues/304 and https://github.com/loujie0822/DeepIE/issues/27",https://github.com/lsds/KungFu/blob/master/LICENSE,There are many files related to testing,2024-02-23,41,7,ML Frameworks / Libraries,2531,Yes
magenta/ddsp,Y,3115,472,9882,The source code of this project has been organised into different modules in a way that shows the relationship between different files.,https://github.com/magenta/ddsp/graphs/contributors shows there are multiple contributors,CI is not used on the project,"There is a well-maintained README, and the majority of the functions in https://github.com/magenta/ddsp/blob/master/ddsp/effects.py and https://github.com/magenta/ddsp/blob/master/ddsp/losses.py and https://github.com/magenta/ddsp/blob/master/ddsp/processors.py have appropriate docstrings",https://github.com/magenta/ddsp/graphs/commit-activity shows there have been activities in the past few months,"The project maintainers respond to issues, as evidenced by https://github.com/magenta/ddsp/issues/147 and https://github.com/magenta/ddsp/issues/145",https://github.com/magenta/ddsp/blob/master/LICENSE,There are many files related to testing,2024-09-23,18,26,Domain-Specific Applications,2150,Yes
magenta/magenta,Y,19667,1425,44690,The source code of this project has been organised into different modules in a way that shows the relationship between different files.,https://github.com/magenta/magenta/graphs/contributors shows there are multiple contributors,"The project uses various CI services to compute code coverage, check stylistic violations, etc.","There is a well-maintained README, and the majority of the functions in https://github.com/magenta/magenta/blob/master/magenta/models/melody_rnn/melody_rnn_config_flags.py and https://github.com/magenta/magenta/blob/master/magenta/models/melody_rnn/melody_rnn_pipeline.py and https://github.com/magenta/magenta/blob/master/magenta/models/nsynth/reader.py have appropriate docstrings",https://github.com/magenta/magenta/graphs/commit-activity shows there have been activities in the past few months consistently,"The project maintainers respond to issues, as evidenced by https://github.com/magenta/magenta/issues/1759 and https://github.com/magenta/magenta/issues/1757",https://github.com/magenta/magenta/blob/master/LICENSE,there is no evidence of any testing done on the project.,2025-07-08,10,143,Domain-Specific Applications,3499,Yes
MAIF/melusine,Y,360,806,7613,The source code of this project has been organised into different modules in a way that shows the relationship between different files.,https://github.com/MAIF/melusine/graphs/contributors shows that there are multiple contributors,The project uses Travis CI,There is a well-maintained documentation,Little evidence of sustained commit activity,"The project maintainers respond to issues, as evidenced by https://github.com/MAIF/melusine/issues/1 and https://github.com/MAIF/melusine/issues/5 however there are only 4 issues raised in total",https://github.com/MAIF/melusine/blob/master/LICENSE is provided.,There are many files related to testing.,2025-01-23,3,26,Natural Language Processing,2480,Yes
MarkUsProject/Markus,Y,267,16658,1705,The source code of this project has been organised into different modules in a way that shows the relationship between different files.,https://github.com/MarkUsProject/Markus/graphs/contributors shows that there are multiple contributors,The project uses Travis CI,There is a well-maintained documentation,Evidence of sustained commit activity,"The project maintainers respond to issues, as evidenced by https://github.com/MarkUsProject/Markus/issues/4710 and https://github.com/MarkUsProject/Markus/issues/4473",https://github.com/MarkUsProject/Markus/blob/master/LICENSE is provided.,There are many files related to testing but its everywhere,2025-09-27,34,177,Domain-Specific Applications,5547,Yes
masa-su/pixyz,Y,499,901,5683,The source code of this project has been organised into different modules in a way that shows the relationship between different files.,https://github.com/masa-su/pixyz/graphs/contributors shows that there are multiple contributors but mainly 1,"The project uses various CI services to compute code coverage, check stylistic violations, etc.","There is a well-maintained README, and the majority of the functions in https://github.com/masa-su/pixyz/blob/master/pixyz/utils.py and https://github.com/masa-su/pixyz/blob/master/pixyz/layers/resnet.py and https://github.com/masa-su/pixyz/blob/master/pixyz/losses/elbo.py have appropriate docstrings",https://github.com/masa-su/pixyz/graphs/commit-activity shows that there have been activities in the past few months,"The project maintainers respond to issues, as evidenced by https://github.com/masa-su/pixyz/issues/111 and https://github.com/masa-su/pixyz/issues/101",https://github.com/masa-su/pixyz/blob/master/LICENSE,there is no evidence of any testing done on the project.,2025-09-22,16,11,ML Frameworks / Libraries,2739,Yes
MIC-DKFZ/nnUNet,Y,7341,1773,14017,The source code of this project has been organised into different modules in a way that shows the relationship between different files.,https://github.com/MIC-DKFZ/nnUNet/graphs/contributors shows that there are multiple contributors but mainly 1,CI is not used on the project.,There is a well-maintained documentation,Evidence of sustained commit activity but not last month,"The project maintainers respond to issues, as evidenced by https://github.com/MIC-DKFZ/nnUNet/issues/239 and https://github.com/MIC-DKFZ/nnUNet/issues/212",https://github.com/MIC-DKFZ/nnUNet/blob/master/LICENSE is provided.,Only managed to find 1 file related to testing,2025-08-15,6,77,Computer Vision,2422,Yes
michaelhush/M-LOOP,Y,167,655,4607,The source code of this project has been organised into different modules in a way that shows the relationship between different files.,https://github.com/michaelhush/M-LOOP/graphs/contributors shows that there are multiple contributors,"The project uses various CI services to compute code coverage, check stylistic violations, etc.","There is a well-maintained README, and the majority of the functions in https://github.com/michaelhush/M-LOOP/blob/master/mloop/interfaces.py and https://github.com/michaelhush/M-LOOP/blob/master/mloop/controllers.py and https://github.com/michaelhush/M-LOOP/blob/master/mloop/neuralnet.py have appropriate docstrings",https://github.com/michaelhush/M-LOOP/graphs/commit-activity shows that there have been activities in the past month,"The project maintainers respond to issues, as evidenced by https://github.com/michaelhush/M-LOOP/issues/40 and https://github.com/michaelhush/M-LOOP/issues/38",https://github.com/michaelhush/M-LOOP/blob/master/LICENSE.txt,There are many files related to testing,2025-09-16,2,11,Data Science / Traditional ML,3794,Yes
microsoft/ai-edu,N,13977,694,31803,The source code of this project has been organised into different modules in a way that shows the relationship between different files,https://github.com/microsoft/ai-edu/graphs/contributors shows that there are multiple contributors,CI is not used on the project,There is a well-maintained README but most of the functions in the source code are not documented.,https://github.com/microsoft/ai-edu/graphs/commit-activity shows that there have been activities in the past few months consistently,"The project maintainers respond to issues, as evidenced by https://github.com/microsoft/ai-edu/issues/501 and https://github.com/microsoft/ai-edu/issues/487",https://github.com/microsoft/ai-edu/blob/master/LICENSE.md,there is no evidence of any testing done on the project.,2024-05-16,14,58,Domain-Specific Applications,2574,Yes
microsoft/botbuilder-python,Y,764,1826,47236,The source code of this project has been organised into different modules in a way that shows the relationship between different files,https://github.com/microsoft/botbuilder-python/graphs/contributors shows that there are multiple contributors,"The project uses various CI services to compute code coverage, check stylistic violations, etc.","There is a well-maintained README, and the majority of the functions in https://github.com/microsoft/botbuilder-python/blob/master/libraries/botbuilder-ai/botbuilder/ai/luis/luis_recognizer.py and https://github.com/microsoft/botbuilder-python/blob/master/libraries/botbuilder-applicationinsights/botbuilder/applicationinsights/application_insights_telemetry_client.py and https://github.com/microsoft/botbuilder-python/blob/master/libraries/botbuilder-core/botbuilder/core/activity_handler.py have appropriate docstrings",https://github.com/microsoft/botbuilder-python/graphs/commit-activity shows that there have been activities in the past few months consistently,"The project maintainers respond to issues, as evidenced by https://github.com/microsoft/botbuilder-python/issues/1236 and https://github.com/microsoft/botbuilder-python/issues/1235",https://github.com/microsoft/botbuilder-python/blob/master/LICENSE,There are many files related to testing,2025-05-28,21,68,ML Frameworks / Libraries,2884,Yes
microsoft/DeepSpeed,Y,40233,2931,96442,The source code of this project has been organised into different modules in a way that shows the relationship between different files with ad hoc scripts,https://github.com/microsoft/DeepSpeed/graphs/contributors shows there are multiple contributors,"The project uses various CI services to compute code coverage, check stylistic violations, etc.",There is a well-maintained README but most of the functions in the source code are not documented.,https://github.com/microsoft/DeepSpeed/graphs/commit-activity shows there have been activities in the past few months,"The project maintainers respond to issues, as evidenced by https://github.com/microsoft/DeepSpeed/issues/279 and https://github.com/microsoft/DeepSpeed/issues/274",https://github.com/microsoft/DeepSpeed/blob/master/LICENSE,There are many files related to testing,2025-09-27,819,409,ML Frameworks / Libraries,2141,Yes
microsoft/hummingbird,Y,3481,481,14949,The source code of this project has been organised into different modules in a way that shows the relationship between different files,https://github.com/microsoft/hummingbird/graphs/contributors shows that there are multiple contributors,"The project uses various CI services to compute code coverage, check stylistic violations, etc.","There is a well-maintained README, and the majority of the functions in https://github.com/microsoft/hummingbird/blob/master/hummingbird/ml/convert.py and https://github.com/microsoft/hummingbird/blob/master/hummingbird/ml/operator_converters/skl_decision_tree.py and https://github.com/microsoft/hummingbird/blob/master/hummingbird/ml/ir_converters/topology.py have appropriate docstrings",https://github.com/microsoft/hummingbird/graphs/commit-activity shows that there have been few activities in the past few months with some activities in the last month.,"The project maintainers respond to issues, as evidenced by https://github.com/microsoft/hummingbird/issues/184 and https://github.com/microsoft/hummingbird/issues/181",https://github.com/microsoft/hummingbird/blob/master/LICENSE,There are many files related to testing,2025-07-17,31,35,ML Frameworks / Libraries,2092,Yes
microsoft/MMdnn,Y,5813,1085,27846,The source code of this project has been organised into different modules in a way that shows the relationship between different files,https://github.com/microsoft/MMdnn/graphs/contributors shows there are multiple contributors,"The project uses various CI services to compute code coverage, check stylistic violations, etc.","There is a well-maintained README, and the some of the functions in https://github.com/microsoft/MMdnn/blob/master/mmdnn/conversion/keras/extra_layers.py and https://github.com/microsoft/MMdnn/blob/master/mmdnn/conversion/paddle/paddle_parser.py have appropriate docstrings",https://github.com/microsoft/MMdnn/graphs/commit-activity shows there have been activities in the past few months,"The project maintainers respond to issues, as evidenced by https://github.com/microsoft/MMdnn/issues/856 and https://github.com/microsoft/MMdnn/issues/853",https://github.com/microsoft/MMdnn/blob/master/LICENSE,There are many files related to testing,2025-08-07,14,65,ML Frameworks / Libraries,3031,Yes
microsoft/Windows-Machine-Learning,Y,1097,1731,562,The source code of this project has been organised into different modules in a way that shows the relationship between different files,https://github.com/microsoft/Windows-Machine-Learning/graphs/contributors shows there are multiple contributors,"The project uses various CI services to compute code coverage, check stylistic violations, etc.",There is a well-maintained README but most of the functions in the source code are not documented.,https://github.com/microsoft/Windows-Machine-Learning/graphs/commit-activity shows there have been activities in the past few months,"The project maintainers respond to issues, as evidenced by https://github.com/microsoft/MMdnn/issues/856 and https://github.com/microsoft/MMdnn/issues/853",https://github.com/microsoft/Windows-Machine-Learning/blob/master/LICENSE,There are many files related to testing,2025-08-07,101,47,ML Frameworks / Libraries,2834,Yes
mindsdb/mindsdb,Y,36195,19670,134139,The source code of this project has been organised into different modules in a way that shows the relationship between different files,https://github.com/mindsdb/mindsdb/graphs/contributors shows that there are multiple contributors but mainly 2,"The project uses various CI services to compute code coverage, check stylistic violations, etc.",There is a well-maintained README but most of the functions in the source code are not documented.,https://github.com/mindsdb/mindsdb/graphs/commit-activity shows that there have been some activities in the past months.,"The project maintainers respond to issues, as evidenced by https://github.com/mindsdb/mindsdb/issues/560 and https://github.com/mindsdb/mindsdb/issues/550",https://github.com/mindsdb/mindsdb/blob/stable/LICENSE,There are many files related to testing,2025-09-25,326,791,Natural Language Processing,2680,Yes
MIPT-Oulu/solt,Y,265,443,4768,The source code of this project has been organised into different modules in a way that shows the relationship between different files.,https://github.com/MIPT-Oulu/solt/graphs/contributors shows that there are multiple contributors,The project uses Travis CI,There is a well-maintained documentation,No evidence of sustained commit activity,"The project maintainers respond to issues, as evidenced by https://github.com/MIPT-Oulu/solt/issues/73 and https://github.com/MIPT-Oulu/solt/issues/59 but not often",https://github.com/MIPT-Oulu/solt/blob/master/LICENSE is provided.,There are files related to testing.,2025-06-01,9,6,Computer Vision,2680,Yes
MITK/MITK,Y,776,46189,55,The source code of this project has been organised into different modules in a way that shows the relationship between different files.,https://github.com/MITK/MITK/graphs/contributors shows that there are multiple contributors,The project uses CTest from CMake,There is a well-maintained documentation,Evidence of sustained commit activity,Issues tab disabled but maintainers do respond to pull requests,https://github.com/MITK/MITK/blob/master/LICENSE is provided.,There are many files related to testing.,2025-08-25,4,61,Domain-Specific Applications,5314,No
mittagessen/kraken,Y,888,2290,13974,The source code of this project has been organised into different modules in a way that shows the relationship between different files,https://github.com/mittagessen/kraken/graphs/contributors shows there are multiple contributors but mainly 1,"The project uses various CI services to compute code coverage, check stylistic violations, etc.","There is a well-maintained README, and the majority of the functions in https://github.com/mittagessen/kraken/blob/master/kraken/pageseg.py and https://github.com/mittagessen/kraken/blob/master/kraken/repo.py and https://github.com/mittagessen/kraken/blob/master/kraken/rpred.py have appropriate docstrings",https://github.com/mittagessen/kraken/graphs/commit-activity shows that there have been activties in the past few months consistently,"The project maintainers respond to issues, as evidenced by https://github.com/mittagessen/kraken/issues/214 and https://github.com/mittagessen/kraken/issues/209",https://github.com/mittagessen/kraken/blob/master/LICENSE,There are many files related to testing,2025-09-25,38,27,Computer Vision,3851,Yes
mlflow/mlflow,Y,22264,8857,320527,The source code of this project has been organised into different modules in a way that shows the relationship between different files with ad hoc scripts,https://github.com/mlflow/mlflow/graphs/contributors shows that there are multiple contributors,"The project uses various CI services to compute code coverage, check stylistic violations, etc.","There is a well-maintained README, and the majority of the functions in https://github.com/mlflow/mlflow/blob/master/mlflow/models/model.py and https://github.com/mlflow/mlflow/blob/master/mlflow/models/flavor_backend.py and https://github.com/mlflow/mlflow/blob/master/mlflow/tracking/fluent.py have appropriate docstrings",https://github.com/mlflow/mlflow/graphs/commit-activity show that there have been significant amount of activities in the past few months consistently,"The project maintainers respond to issues, as evidenced by https://github.com/mlflow/mlflow/issues/3053 and https://github.com/mlflow/mlflow/issues/3052",https://github.com/mlflow/mlflow/blob/master/LICENSE.txt,There are many files related to testing,2025-09-28,312,849,MLOps / Deployment,2738,Yes
mljar/mljar-supervised,Y,3205,1239,19321,The source code of this project has been organised into different modules in a way that shows the relationship between different files with ad hoc scripts,There are no contributors to the project other than the author,"The project uses various CI services to compute code coverage, check stylistic violations, etc.",There is a well-maintained README but most of the functions in the source code are not documented.,https://github.com/mljar/mljar-supervised/graphs/commit-activity shows that there have been some activities in the past months.,"The project maintainers respond to issues, as evidenced by https://github.com/mljar/mljar-supervised/issues/110 and https://github.com/mljar/mljar-supervised/issues/109",https://github.com/mljar/mljar-supervised/blob/master/LICENSE,There are many files related to testing,2025-07-07,5,27,Data Science / Traditional ML,2585,Yes
mlmed/torchxrayvision,Y,1062,414,6002,The source code of this project has been organised into different modules in a way that shows the relationship between different files with ad hoc scripts,https://github.com/mlmed/torchxrayvision/graphs/contributors shows there are multiple contributors but mainly 1,CI is not used on the project,There is a well-maintained README but most of the functions in the source code are not documented.,https://github.com/mlmed/torchxrayvision/graphs/commit-activity shows that there have been some activities in the past months.,"The project maintainers respond to issues, as evidenced by https://github.com/mlmed/torchxrayvision/issues/21 and https://github.com/mlmed/torchxrayvision/issues/13",https://github.com/mlmed/torchxrayvision/blob/master/LICENSE,One test file,2025-09-18,7,9,Computer Vision,2100,Yes
mlperf/inference,N,1467,1824,52082,The source code of the project exists as ad-hoc scripts.,https://github.com/mlperf/inference/graphs/contributors shows that there are multiple contributors,CI is not used on the project,There is a well-maintained README but most of the functions in the source code are not documented.,https://github.com/mlperf/inference/graphs/commit-activity shows that there have been some activities in the past months.,"The project maintainers respond to issues, as evidenced by https://github.com/mlperf/inference/issues/640 and https://github.com/mlperf/inference/issues/638",https://github.com/mlperf/inference/blob/master/LICENSE.md,There are many files related to testing,2025-09-24,100,113,ML Frameworks / Libraries,2639,Yes
mlperf/training,N,1715,379,78482,The source code of this project has been organised into different modules in a way that shows the relationship between different files with ad hoc scripts,https://github.com/mlperf/training/graphs/contributors shows that there are multiple contributors,CI is not used on the project,"There is a well-maintained README, and the majority of the functions in https://github.com/mlperf/training/blob/master/image_classification/tensorflow/official/resnet/imagenet_preprocessing.py and https://github.com/mlperf/training/blob/master/recommendation/pytorch/alias_generator.py and https://github.com/mlperf/training/blob/master/image_classification/tensorflow/official/resnet/resnet_model.py have appropriate docstrings",https://github.com/mlperf/training/graphs/commit-activity shows that there have been some activities in the past months.,"The project maintainers respond to issues, not so actively, as evidenced by https://github.com/mlperf/training/issues/382 and https://github.com/mlperf/training/issues/373",https://github.com/mlperf/training/blob/master/LICENSE.md,there is no evidence of any testing done on the project.,2025-09-22,51,62,ML Frameworks / Libraries,2806,Yes
mozilla/bugbug,Y,547,6468,28261,The source code of this project has been organised into different modules in a way that shows the relationship between different files,https://github.com/mozilla/bugbug/graphs/contributors shows there are multiple contributors but mainly 1,"The project uses various CI services to compute code coverage, check stylistic violations, etc.",There is a well-maintained README but most of the functions in the source code are not documented.,https://github.com/mozilla/bugbug/graphs/commit-activity shows that there have been activties in the past few months consistently,"The project maintainers respond to issues, not so actively, as evidenced by https://github.com/mozilla/bugbug/issues/1642 and https://github.com/mozilla/bugbug/issues/1641",https://github.com/mozilla/bugbug/blob/master/LICENSE,There are many files related to testing,2025-09-26,30,111,Natural Language Processing,2823,Yes
mozilla/DeepSpeech,Y,26614,3467,8842,The source code of this project has been organised into different modules in a way that shows the relationship between different files with ad hoc scripts,https://github.com/mozilla/DeepSpeech/graphs/contributors shows there are multiple contributors,"The project uses various CI services to compute code coverage, check stylistic violations, etc.",There is a README but someof the functions in the https://github.com/mozilla/DeepSpeech/blob/master/training/deepspeech_training/util/augmentations.py have docstrings,https://github.com/mozilla/DeepSpeech/graphs/commit-activity shows that there have been activties in the past few months consistently,"The project maintainers respond to issues, not so actively, as evidenced by https://github.com/mozilla/DeepSpeech/issues?q=is%3Aissue+author%3Atilmankamp and https://github.com/mozilla/DeepSpeech/issues/3143",https://github.com/mozilla/DeepSpeech/blob/master/LICENSE,There are files related to testing,2025-06-19,63,128,ML Frameworks / Libraries,3471,Yes
mpariente/asteroid,Y,2462,918,19013,The source code of this project has been organised into different modules in a way that shows the relationship between different files,https://github.com/mpariente/asteroid/graphs/contributors shows there are multiple contributors but mainly 1,"The project uses various CI services to compute code coverage, check stylistic violations, etc.",There is a well-maintained README and most of the functions in https://github.com/mpariente/asteroid/blob/master/asteroid/masknn/consistency.py and https://github.com/mpariente/asteroid/blob/master/asteroid/masknn/convolutional.py and https://github.com/mpariente/asteroid/blob/master/asteroid/engine/optimizers.py have appropriate docstrings,https://github.com/mpariente/asteroid/graphs/commit-activity shows that there have been some activities in the past months.,"The project maintainers respond to issues, not so actively, as evidenced by https://github.com/mpariente/asteroid/issues/161 and https://github.com/mpariente/asteroid/issues/158",https://github.com/mpariente/asteroid/blob/master/LICENSE,There are many files related to testing,2025-07-23,18,54,ML Frameworks / Libraries,2238,Yes
namisan/mt-dnn,Y,2255,582,13012,The source code of this project has been organised into different modules in a way that shows the relationship between different files with ad hoc scripts,https://github.com/namisan/mt-dnn/graphs/contributors shows there are multiple contributors,"The project uses various CI services to compute code coverage, check stylistic violations, etc.",There is a well-maintained README but most of the functions in the source code are not documented.,https://github.com/namisan/mt-dnn/graphs/commit-activity shows that there have been activties in the past few months consistently,"The project maintainers respond to issues, not so actively, as evidenced by https://github.com/namisan/mt-dnn/issues/177 and https://github.com/namisan/mt-dnn/issues/174",https://github.com/namisan/mt-dnn/blob/master/LICENSE,There are files related to testing,2024-03-07,9,17,Natural Language Processing,2479,Yes
nanoporetech/medaka,Y,482,1494,13952,The source code of this project has been organised into different modules in a way that shows the relationship between different files,https://github.com/nanoporetech/medaka/graphs/contributors shows there are multiple contributors,"The project uses various CI services to compute code coverage, check stylistic violations, etc.",There is a well-maintained README and most of the functions in https://github.com/nanoporetech/medaka/blob/master/src/medaka_trimbam.h and https://github.com/nanoporetech/medaka/blob/master/src/medaka_trimbam.c and https://github.com/nanoporetech/medaka/blob/master/medaka/keras_ext.py have appropriate docstrings,https://github.com/nanoporetech/medaka/graphs/commit-activity shows that there have been activties in the past few months consistently,"The project maintainers respond to issues, not so actively, as evidenced by https://github.com/nanoporetech/medaka/issues/176 and https://github.com/nanoporetech/medaka/issues/175",https://github.com/nanoporetech/medaka/blob/master/LICENSE.md,There are many files related to testing,2025-08-19,2,18,Domain-Specific Applications,3101,Yes
NLeSC/mcfly,Y,365,936,1749,The source code of this project has been organised into different modules in a way that shows the relationship between different files.,https://github.com/NLeSC/mcfly/graphs/contributors shows that there are multiple contributors,The project uses Travis CI and appveyor CI,There is a well-maintained documentation,Little evidence of sustained commit activity,"The project maintainers respond to issues, as evidenced by https://github.com/MisaOgura/flashtorch/issues/23 and https://github.com/MisaOgura/flashtorch/issues/24",https://github.com/NLeSC/mcfly/blob/master/LICENSE is provided.,There are many files related to testing.,2025-07-28,10,15,Domain-Specific Applications,3485,Yes
norse/norse,Y,759,412,14090,The source code of this project has been organised into different modules in a way that shows the relationship between different files,https://github.com/norse/norse/graphs/contributors shows there are multiple contributors but mainly 2,CI is not used on the project,There is a well-maintained README and most of the functions in https://github.com/norse/norse/blob/master/norse/torch/module/encode.py and https://github.com/norse/norse/blob/master/norse/torch/module/leaky_integrator.py and https://github.com/norse/norse/blob/master/norse/torch/functional/superspike.py have appropriate docstrings,https://github.com/norse/norse/graphs/commit-activity shows there are some activities in the past few months,"The project maintainers respond to issues, not so actively, as evidenced by https://github.com/norse/norse/issues/81 and https://github.com/norse/norse/issues/71",https://github.com/norse/norse/blob/master/LICENSE,there is no evidence of any testing done on the project.,2025-09-23,32,24,ML Frameworks / Libraries,2204,Yes
nussl/nussl,Y,640,1030,15649,The source code of this project has been organised into different modules in a way that shows the relationship between different files,https://github.com/nussl/nussl/graphs/contributors shows there are multiple contributors,CI is not used on the project,There is a well-maintained README and most of the functions in https://github.com/nussl/nussl/blob/master/nussl/core/audio_signal.py and https://github.com/nussl/nussl/blob/master/nussl/ml/networks/separation_model.py and https://github.com/nussl/nussl/blob/master/nussl/ml/networks/builders.py have appropriate docstrings,https://github.com/nussl/nussl/graphs/commit-activity shows there are activities in the past few months,"The project maintainers respond to issues, not so actively, as evidenced by https://github.com/nussl/nussl/issues/160 and https://github.com/nussl/nussl/issues/159",https://github.com/nussl/nussl/blob/master/LICENSE.md,There are many files related to testing,2024-12-09,8,10,Domain-Specific Applications,3815,Yes
nutonomy/nuscenes-devkit,Y,2566,238,14748,The source code of this project has been organised into different modules in a way that shows the relationship between different files,https://github.com/nutonomy/nuscenes-devkit/graphs/contributors shows there are multiple contributors but mainly 1,CI is not used on the project,There is a well-maintained README and most of the functions in https://github.com/nutonomy/nuscenes-devkit/blob/master/python-sdk/nuscenes/prediction/models/covernet.py and https://github.com/nutonomy/nuscenes-devkit/blob/master/python-sdk/nuscenes/prediction/models/backbone.py and https://github.com/nutonomy/nuscenes-devkit/blob/master/python-sdk/nuscenes/can_bus/can_bus_api.py have appropriate docstrings,https://github.com/nutonomy/nuscenes-devkit/graphs/commit-activity shows that there have been significant amount of activties in the past few months consistently,0,https://github.com/nutonomy/nuscenes-devkit/blob/master/LICENSE.txt,There are many files related to testing,2025-08-28,11,37,Domain-Specific Applications,2645,Yes
NVIDIA/DeepLearningExamples,Y,14500,1437,294144,The source code of this project has been organised into different modules in a way that shows the relationship between different files.,https://github.com/NVIDIA/DeepLearningExamples/graphs/contributors shows that there are multiple contributors,CI is not used on the project.,There is a well-maintained documentation,Evidence of sustained commit activity,"The project maintainers respond to issues, as evidenced by https://github.com/NVIDIA/DeepLearningExamples/issues/508 and https://github.com/NVIDIA/DeepLearningExamples/issues/451",There are multiple license files as there are multiple projects for this,There is no evidence of any testing done on the project.,2024-04-04,16,104,Natural Language Processing,2772,Yes
NVIDIA/Megatron-LM,Y,13712,7253,135466,The source code of this project has been organised into different modules in a way that shows the relationship between different files.,https://github.com/NVIDIA/Megatron-LM/graphs/contributors shows that there are multiple contributors,CI is not used on the project.,There is a well-maintained documentation,Little evidence of sustained commit activity,The project maintainers only respond to some issues,https://github.com/NVIDIA/Megatron-LM/blob/master/LICENSE is provided.,There are files related to testing but everywhere,2025-09-27,33,177,Natural Language Processing,2449,Yes
NVIDIA/NeMo,Y,15770,8996,422797,The source code of this project has been organised into different modules in a way that shows the relationship between different files.,https://github.com/NVIDIA/NeMo/graphs/contributors shows that there are multiple contributors,The project uses Jenkins CI,There is a well-maintained documentation,Evidence of sustained commit activity,"The project maintainers respond to issues, as evidenced by https://github.com/NVIDIA/NeMo/issues/631 and https://github.com/NVIDIA/NeMo/issues/771",https://github.com/NVIDIA/NeMo/blob/master/LICENSE is provided.,There are many files related to testing.,2025-09-26,1339,435,Natural Language Processing,2312,Yes
NVIDIA/TRTorch,Y,2865,4650,91885,The source code of this project has been organised into different modules in a way that shows the relationship between different files.,https://github.com/NVIDIA/TRTorch/graphs/contributors shows that there are multiple contributors,CI is not used on the project.,There is a well-maintained documentation,Evidence of sustained commit activity,"The project maintainers respond to issues, as evidenced by https://github.com/NVIDIA/TRTorch/issues/98 and https://github.com/NVIDIA/TRTorch/issues/84 but not often",https://github.com/NVIDIA/TRTorch/blob/master/LICENSE is provided.,There are many files related to testing.,2025-09-26,873,101,ML Frameworks / Libraries,2093,Yes
NVIDIAGameWorks/kaolin,Y,4911,386,42464,The source code of this project has been organised into different modules in a way that shows the relationship between different files.,https://github.com/NVIDIAGameWorks/kaolin/graphs/contributors shows that there are multiple contributors,The project uses Gitlab CI,There is a well-maintained documentation,Little evidence of sustained commit activity,"The project maintainers respond to issues, as evidenced by https://github.com/NVIDIAGameWorks/kaolin/issues/249 and https://github.com/NVIDIAGameWorks/kaolin/issues/142",https://github.com/NVIDIAGameWorks/kaolin/blob/master/LICENSE is provided.,There are many files related to testing.,2025-08-26,12,29,ML Frameworks / Libraries,2211,Yes
onnx/onnxmltools,Y,1113,336,25210,The source code of this project has been organised into different modules in a way that shows the relationship between different files,https://github.com/onnx/onnxmltools/graphs/contributors shows there are multiple contributors,"The project uses various CI services to compute code coverage, check stylistic violations, etc.",There is a well-maintained README and some of the functions in https://github.com/onnx/onnxmltools/blob/master/onnxmltools/convert/libsvm/convert.py and https://github.com/onnx/onnxmltools/blob/master/onnxmltools/utils/main.py have appropriate docstrings,https://github.com/onnx/onnxmltools/graphs/commit-activity shows that there have been significant amount of activties in the past few months consistently,"The project maintainers respond to issues, not so actively, as evidenced by https://github.com/onnx/onnxmltools/issues/405 and https://github.com/onnx/onnxmltools/issues/403",https://github.com/onnx/onnxmltools/blob/master/LICENSE,There are many files related to testing,2025-06-10,21,46,ML Frameworks / Libraries,2847,Yes
onnx/tensorflow-onnx,Y,2480,2947,61422,The source code of this project has been organised into different modules in a way that shows the relationship between different files,https://github.com/onnx/tensorflow-onnx/graphs/contributors shows there are multiple contributors,"The project uses various CI services to compute code coverage, check stylistic violations, etc.",There is a well-maintained README and most of the functions in https://github.com/onnx/tensorflow-onnx/blob/master/tf2onnx/tfonnx.py and https://github.com/onnx/tensorflow-onnx/blob/master/tf2onnx/tf_utils.py and https://github.com/onnx/tensorflow-onnx/blob/master/tf2onnx/graph_builder.py have appropriate docstrings,https://github.com/onnx/tensorflow-onnx/graphs/commit-activity shows that there have been significant amount of activties in the past few months consistently,"The project maintainers respond to issues, not so actively, as evidenced by https://github.com/onnx/tensorflow-onnx/issues/997 and https://github.com/onnx/tensorflow-onnx/issues/996",https://github.com/onnx/tensorflow-onnx/blob/master/LICENSE,There are many files related to testing,2025-09-12,29,97,ML Frameworks / Libraries,2822,Yes
opencv/cvat,Y,14466,5486,94933,The source code of this project has been organised into different modules in a way that shows the relationship between different files,https://github.com/opencv/cvat/graphs/contributors shows that there are multiple contributors but mainly 1,"The project uses various CI services to compute code coverage, check stylistic violations, etc.",There is a well-maintained README but most of the functions in the source code are not documented.,https://github.com/opencv/cvat/graphs/commit-activity shows that there have been significant amount of activties in the past few months consistently,"The project maintainers respond to issues, not so actively, as evidenced by https://github.com/opencv/cvat/issues/1870 and https://github.com/opencv/cvat/issues/1869",https://github.com/opencv/cvat/blob/develop/LICENSE,There are files related to testing,2025-09-26,73,259,Computer Vision,2714,Yes
opencv/open_model_zoo,N,4297,8757,91679,The source code of this project has been organised into different modules in a way that shows the relationship between different files,https://github.com/opencv/open_model_zoo/graphs/contributors shows that there are multiple contributors,"The project uses various CI services to compute code coverage, check stylistic violations, etc.",There is a well-maintained README but most of the functions in the source code are not documented.,https://github.com/opencv/open_model_zoo/graphs/commit-activity shows that there have been significant amount of activties in the past few months consistently,"The project maintainers respond to issues, not so actively, as evidenced by https://github.com/opencv/open_model_zoo/issues/1292 and https://github.com/opencv/open_model_zoo/issues/1275",https://github.com/opencv/open_model_zoo/blob/master/LICENSE,there is no evidence of any testing done on the project.,2025-09-19,26,163,ML Frameworks / Libraries,2606,Yes
opencv/openvino_training_extensions,Y,1203,1417,70685,The source code of this project has been organised into different modules in a way that shows the relationship between different files,https://github.com/opencv/openvino_training_extensions/graphs/contributors shows that there are multiple contributors,CI is not used on the project,There is a well-maintained README and some of the functions in https://github.com/opencv/openvino_training_extensions/blob/develop/pytorch_toolkit/face_recognition/evaluate_lfw.py and https://github.com/opencv/openvino_training_extensions/blob/develop/pytorch_toolkit/face_recognition/utils/ie_tools.py and https://github.com/opencv/openvino_training_extensions/blob/develop/pytorch_toolkit/face_recognition/utils/augmentation.py have appropriate docstrings,https://github.com/opencv/openvino_training_extensions/graphs/commit-activity shows that there have been significant amount of activties in the past few months consistently,"The project maintainers respond to issues, not so actively, as evidenced by https://github.com/opencv/openvino_training_extensions/issues/320 and https://github.com/opencv/openvino_training_extensions/issues/316",https://github.com/opencv/openvino_training_extensions/blob/develop/LICENSE,there is no evidence of any testing done on the project.,2025-09-26,29,37,Computer Vision,2595,Yes
OpenMined/PySyft,Y,9783,35229,74198,The source code of this project has been organised into different modules in a way that shows the relationship between different files.,https://github.com/OpenMined/PySyft/graphs/contributors shows that there are multiple contributors,The project uses CI but not sure what is it,There is a well-maintained documentation,Evidence of sustained commit activity,"The project maintainers respond to issues, as evidenced by https://github.com/OpenMined/PySyft/issues/3780 and https://github.com/OpenMined/PySyft/issues/3613",https://github.com/OpenMined/PySyft/blob/master/LICENSE is provided.,There are many files related to testing.,2025-04-13,338,72,ML Frameworks / Libraries,3060,Yes
open-mmlab/mmcv,Y,6271,1467,27143,The source code of this project has been organised into different modules in a way that shows the relationship between different files,https://github.com/open-mmlab/mmcv/graphs/contributors shows there are multiple contributors,CI is not used on the project,There is a well-maintained README and most of the functions in https://github.com/open-mmlab/mmcv/blob/master/mmcv/runner/epoch_based_runner.py and https://github.com/open-mmlab/mmcv/blob/master/mmcv/runner/base_runner.py and https://github.com/open-mmlab/mmcv/blob/master/mmcv/parallel/distributed.py have appropriate docstrings,https://github.com/open-mmlab/mmcv/graphs/commit-activity shows there are some activities in the past few months,"The project maintainers respond to issues, not so actively, as evidenced by https://github.com/open-mmlab/mmcv/issues/406 and https://github.com/open-mmlab/mmcv/issues/397",https://github.com/open-mmlab/mmcv/blob/master/LICENSE,There are many files related to testing,2025-04-25,13,263,Computer Vision,2660,Yes
open-mmlab/mmdetection,Y,31732,2706,161864,The source code of this project has been organised into different modules in a way that shows the relationship between different files,https://github.com/open-mmlab/mmdetection/graphs/contributors shows there are multiple contributors,CI is not used on the project,There is a well-maintained README and most of the functions in https://github.com/open-mmlab/mmdetection/blob/master/mmdet/core/post_processing/merge_augs.py and https://github.com/open-mmlab/mmdetection/blob/master/mmdet/core/mask/mask_target.py and https://github.com/open-mmlab/mmdetection/blob/master/mmdet/core/mask/structures.py have appropriate docstrings,https://github.com/open-mmlab/mmdetection/graphs/commit-activity shows that there have been significant amount of activties in the past few months consistently,"The project maintainers respond to issues, not so actively, as evidenced by https://github.com/open-mmlab/mmdetection/issues/3252 and https://github.com/open-mmlab/mmdetection/issues/3226",https://github.com/open-mmlab/mmdetection/blob/master/LICENSE,There are many files related to testing,2024-02-05,17,425,Computer Vision,2660,Yes
OpenNMT/OpenNMT-py,Y,6941,2895,26821,The source code of this project has been organised into different modules in a way that shows the relationship between different files.,https://github.com/OpenNMT/OpenNMT-py/graphs/contributors shows that there are multiple contributors,The project uses Travis CI,There is a well-maintained documentation,Evidence of sustained commit activity but not consistent,"The project maintainers respond to issues, as evidenced by https://github.com/OpenNMT/OpenNMT-py/issues/1803 and https://github.com/OpenNMT/OpenNMT-py/issues/1802",https://github.com/OpenNMT/OpenNMT-py/blob/master/LICENSE.md is provided.,There are many files related to testing.,2024-06-27,8,170,Natural Language Processing,3206,Yes
openvinotoolkit/model_server,Y,769,3155,13305,The source code of this project has been organised into different modules in a way that shows the relationship between different files,https://github.com/openvinotoolkit/model_server/graphs/contributors shows that there are multiple contributors,CI is not used on the project,There is a well-maintained README but most of the functions in the source code are not documented.,https://github.com/openvinotoolkit/model_server/graphs/commit-activity shows that there have been some activties in the past few months with many activities in the past month.,"The project maintainers respond to issues, not so actively, as evidenced by https://github.com/openvinotoolkit/model_server/issues/272 and https://github.com/openvinotoolkit/model_server/issues/234",https://github.com/openvinotoolkit/model_server/blob/master/LICENSE,There are many files related to testing,2025-09-25,551,47,MLOps / Deployment,2625,Yes
openvinotoolkit/openvino,Y,8910,20074,145379,The source code of this project has been organised into different modules in a way that shows the relationship between different files,https://github.com/openvinotoolkit/openvino/graphs/contributors shows that there are multiple contributors,"The project uses various CI services to compute code coverage, check stylistic violations, etc.",There is a well-maintained README and some of the functions in https://github.com/openvinotoolkit/openvino/blob/master/model-optimizer/extensions/back/InterpolateReshape.py and https://github.com/openvinotoolkit/openvino/blob/master/model-optimizer/extensions/back/LRNToNorm.py have appropriate docstrings,https://github.com/openvinotoolkit/openvino/graphs/commit-activity shows that there have been few activties in the past few months with many activities in the past month.,"The project maintainers respond to issues, not so actively, as evidenced byhttps://github.com/openvinotoolkit/openvino/issues/1239 and https://github.com/openvinotoolkit/openvino/issues/1220",https://github.com/openvinotoolkit/openvino/blob/master/LICENSE,There are many files related to testing,2025-09-26,135,611,Natural Language Processing,2606,Yes
PacktPublishing/Deep-Reinforcement-Learning-Hands-On,N,3027,1200,11006,Organized into projects where each project source code exists as ad-hoc scripts.,https://github.com/PacktPublishing/Deep-Reinforcement-Learning-Hands-On/graphs/contributors shows that there are multiple contributors but mainly 1,CI is not used on the project.,Most of the functions in the source code are not documented.,No evidence of sustained commit activity,"The project maintainers respond to issues, as evidenced by https://github.com/PacktPublishing/Deep-Reinforcement-Learning-Hands-On/issues/79 and https://github.com/PacktPublishing/Deep-Reinforcement-Learning-Hands-On/issues/62",https://github.com/PacktPublishing/Deep-Reinforcement-Learning-Hands-On/blob/master/LICENSE is provided.,There are test files for some of the projects,2025-05-09,4,12,Reinforcement Learning,2819,No
PaddlePaddle/models,Y,6934,5074,45510,The source code of this project has been organised into different modules in a way that shows the relationship between different files.,https://github.com/PaddlePaddle/models/graphs/contributors shows that there are multiple contributors,The project uses Travis CI,There is a well-maintained documentation,Evidence of sustained commit activity,"The project maintainers respond to issues, as evidenced by https://github.com/PaddlePaddle/models/issues/4733 and https://github.com/PaddlePaddle/models/issues/4704 but there's still many open issues",https://github.com/PaddlePaddle/models/blob/release/1.8/LICENSE is provided.,There are test files for some of the projects,2025-01-15,18,269,Natural Language Processing,3149,No
PaddlePaddle/PARL,Y,3410,518,48648,The source code of this project has been organised into different modules in a way that shows the relationship between different files.,https://github.com/PaddlePaddle/PARL/graphs/contributors shows that there are multiple contributors,The project uses Travis CI,There is a well-maintained documentation,Evidence of sustained commit activity,"The project maintainers respond to issues, as evidenced by https://github.com/PaddlePaddle/PARL/issues/324 and https://github.com/PaddlePaddle/PARL/issues/305",https://github.com/PaddlePaddle/PARL/blob/develop/LICENSE is provided.,There are many files related to testing.,2025-09-13,53,39,Reinforcement Learning,2779,Yes
pgmpy/pgmpy,Y,3051,3252,45648,The source code of this project has been organised into different modules in a way that shows the relationship between different files,https://github.com/pgmpy/pgmpy/graphs/contributors shows that there are multiple contributors,"The project uses various CI services to compute code coverage, check stylistic violations, etc.",There is a well-maintained README and most of the functions in https://github.com/pgmpy/pgmpy/blob/dev/pgmpy/base/UndirectedGraph.py and https://github.com/pgmpy/pgmpy/blob/dev/pgmpy/inference/ExactInference.py and https://github.com/pgmpy/pgmpy/blob/dev/pgmpy/inference/EliminationOrder.py have appropriate docstrings,https://github.com/pgmpy/pgmpy/graphs/commit-activity shows that there are have been activities in the past consistently,"The project maintainers respond to issues, not so actively, as evidenced by https://github.com/pgmpy/pgmpy/issues/1298 and https://github.com/pgmpy/pgmpy/issues/1293",https://github.com/pgmpy/pgmpy/blob/dev/LICENSE,There are many files related to testing,2025-09-26,4,153,Data Science / Traditional ML,4457,Yes
philipperemy/keract,Y,1053,417,1080,The source code of this project has been organised into different modules in a way that shows the relationship between different files,https://github.com/philipperemy/keract/graphs/contributors shows that there are multiple contributors,CI is not used on the project,There is a well-maintained README and some of the functions in https://github.com/philipperemy/keract/blob/master/keract/keract.py have appropriate docstrings,https://github.com/philipperemy/keract/graphs/commit-activity shows that there are have been some activities in the past with some activities in the past month,"The project maintainers respond to issues, not so actively, as evidenced by https://github.com/philipperemy/keract/issues/106v and https://github.com/philipperemy/keract/issues/105",https://github.com/philipperemy/keract/blob/master/LICENSE,There are files related to testing,2025-04-07,2,10,ML Frameworks / Libraries,3122,Yes
philipperemy/keras-tcn,N,1971,571,1306,The source code of this project has been organised into different modules in a way that shows the relationship between different files,Multiple contributors (Mainly one): https://github.com/philipperemy/keras-tcn/graphs/contributors,"The project uses various CI services to compute code coverage, check stylistic violations, etc.",0,Few commits in the past month,"More closed than open, author responds frequently: https://github.com/philipperemy/keras-tcn/issues/145",https://github.com/philipperemy/keras-tcn/blob/master/LICENSE,There is no evidence of any testing done on the project.,2025-04-08,2,16,ML Frameworks / Libraries,2814,Yes
Project-MONAI/MONAI,Y,6865,3270,150944,The source code of this project has been organised into different modules in a way that shows the relationship between different files.,https://github.com/Project-MONAI/MONAI/graphs/contributors shows that there are multiple contributors.,"The project uses various CI services to compute code coverage, check stylistic violations, etc.","There is a well-maintained README, and the majority of the functions in https://github.com/Project-MONAI/MONAI/blob/master/monai/handlers/checkpoint_saver.py, https://github.com/Project-MONAI/MONAI/blob/master/monai/networks/utils.py , and https://github.com/Project-MONAI/MONAI/blob/master/monai/visualize/img2tensorboard.py have appropriate docstrings.","Checking https://github.com/Project-MONAI/MONAI/commits/master (or https://github.com/Project-MONAI/MONAI/pulse), there has been significant commit activity in the past month.","The project maintainers respond to issues, as evidenced by https://github.com/Project-MONAI/MONAI/issues/614 and https://github.com/Project-MONAI/MONAI/issues/598.",https://github.com/Project-MONAI/MONAI/blob/master/LICENSE is provided.,There are many files related to testing.,2025-09-22,9,229,Computer Vision,2245,Yes
pyannote/pyannote-audio,Y,8363,2402,10618,The source code of this project has been organised into different modules in a way that shows the relationship between different files,Multiple contributors: https://github.com/pyannote/pyannote-audio/graphs/contributors,"The project uses various CI services to compute code coverage, check stylistic violations, etc.","There is a well maintained README, codes are well documented",Consistent commits in the last month,"More closed than open, author does not respond frequently",https://github.com/pyannote/pyannote-audio/blob/develop/LICENSE,There are many files related to testing,2025-09-09,87,66,Reinforcement Learning,3558,Yes
pymc-devs/pymc3,Y,9265,10310,59576,The source code of this project has been organised into different modules in a way that shows the relationship between different files,Multiple contributors: https://github.com/pymc-devs/pymc3/graphs/contributors,"The project uses various CI services to compute code coverage, check stylistic violations, etc.","There is a well maintained README, codes are well documented",Consistent commits in the last month,"More closed than open, author does not respond frequently",https://github.com/pymc-devs/pymc3/blob/master/LICENSE,There are many files related to testing,2025-09-23,26,444,Data Science / Traditional ML,6056,Yes
pyro-ppl/pyro,Y,8867,2513,89231,The source code of this project has been organised into different modules in a way that shows the relationship between different files,Multiple contributors: https://github.com/pyro-ppl/pyro/graphs/contributors,No indications of using CI services,"There is a well maintained README, codes are well documented",Consistent commits in the last month,"More closed than open, author responds frequently",https://github.com/pyro-ppl/pyro/blob/dev/LICENSE.md,There are many files related to testing,2025-07-09,226,151,ML Frameworks / Libraries,3092,Yes
pytorch/audio,Y,2742,2442,40441,The source code of this project has been organised into different modules in a way that shows the relationship between different files,Multiple contributors: https://github.com/pytorch/audio/graphs/contributors,"The project uses various CI services to compute code coverage, check stylistic violations, etc.","There is a well maintained README, codes are well documented",Consistent commits in the last month,"More closed than open, author does not respond frequently",https://github.com/pytorch/audio/blob/master/LICENSE,There are many files related to testing,2025-09-13,87,217,ML Frameworks / Libraries,3135,Yes
pytorch/botorch,Y,3353,2305,89598,The source code of this project has been organised into different modules in a way that shows the relationship between different files,Multiple contributors: https://github.com/pytorch/botorch/graphs/contributors,"The project uses various CI services to compute code coverage, check stylistic violations, etc.","There is a well maintained README, codes are well documented",Consistent commits in the last month,"More closed than open, author does not respond frequently",https://github.com/pytorch/botorch/blob/master/LICENSE,There are many files related to testing,2025-09-26,4,112,ML Frameworks / Libraries,2683,Yes
pytorch/builder,Y,354,2799,685,The source code of this project has been organised into different modules in a way that shows the relationship between different files,Multiple contributors: https://github.com/pytorch/builder/graphs/contributors,"The project uses various CI services to compute code coverage, check stylistic violations, etc.","There is a well maintained README, codes are well documented",Consistent commits in the last month,"More open than closed, author sometimes replies",https://github.com/pytorch/builder/blob/master/LICENSE,There are many files related to testing,2025-08-12,126,114,ML Frameworks / Libraries,3379,Yes
pytorch/captum,Y,5416,1367,42238,The source code of this project has been organised into different modules in a way that shows the relationship between different files,Multiple contributors: https://github.com/pytorch/captum/graphs/contributors,"The project uses various CI services to compute code coverage, check stylistic violations, etc.","There is a well maintained README, codes are well documented",Consistent commits in the last month,"More open than closed, author sometimes replies",https://github.com/pytorch/captum/blob/master/LICENSE,There are many files related to testing,2025-09-27,63,110,ML Frameworks / Libraries,2290,Yes
pytorch/examples,N,23429,835,7428,Its a collection of projects/examples,Multiple contributors: https://github.com/pytorch/examples/graphs/contributors,"The project uses various CI services to compute code coverage, check stylistic violations, etc.","There is a well maintained README, codes are well documented",Consistent commits in the last month,"More closed than open, author does not respond frequently",https://github.com/pytorch/examples/blob/master/LICENSE,There is no evidence of any testing done on the project.,2025-09-01,61,258,Reinforcement Learning,3388,Yes
pytorch/fairseq,Y,31839,2329,145783,The source code of this project has been organised into different modules in a way that shows the relationship between different files,Multiole contributors: https://github.com/pytorch/fairseq/graphs/contributors,"The project uses various CI services to compute code coverage, check stylistic violations, etc.","There is a well maintained README, codes are well documented",Consistent commits in the last month,"More closed than open, author does not respond frequently",https://github.com/pytorch/fairseq/blob/master/LICENSE,There are many files related to testing,2025-09-09,78,288,ML Frameworks / Libraries,3018,Yes
pytorch/ignite,Y,4700,1838,48124,The source code of this project has been organised into different modules in a way that shows the relationship between different files,Multiple contributors: https://github.com/pytorch/ignite/graphs/contributors,"The project uses various CI services to compute code coverage, check stylistic violations, etc.","There is a well maintained README, codes are well documented",Consistent commits in the last month,"More closed than open, author responds frequently",https://github.com/pytorch/ignite/blob/master/LICENSE,There are many files related to testing,2025-09-25,37,211,ML Frameworks / Libraries,2932,Yes
pytorch/serve,Y,4350,3891,31729,The source code of this project has been organised into different modules in a way that shows the relationship between different files,Multiple contributors: https://github.com/pytorch/serve/graphs/contributors,"The project uses various CI services to compute code coverage, check stylistic violations, etc.","There is a well maintained README, codes are well documented",Consistent commits in the last month,"More closed than open, author responds frequently",https://github.com/pytorch/serve/blob/master/LICENSE,There are many files related to testing,2025-03-17,525,179,MLOps / Deployment,2253,Yes
pytorch/text,Y,3560,1313,14307,The source code of this project has been organised into different modules in a way that shows the relationship between different files,Multiple contributors: https://github.com/pytorch/text/blob/master/LICENSE,"The project uses various CI services to compute code coverage, check stylistic violations, etc.","There is a well maintained README, codes are well documented",Consistent commits in the last month,"More closed than open, author does not respond frequently",https://github.com/pytorch/text/blob/master/LICENSE,There are many files related to testing,2025-09-10,94,143,Natural Language Processing,3279,Yes
pytorch/tutorials,N,8811,2771,14427,Its a collection of projects/tutorials,Multiple contributors: https://github.com/pytorch/tutorials/graphs/contributors,"The project uses various CI services to compute code coverage, check stylistic violations, etc.","There is a well maintained README, codes are well documented",Consistent commits in the last month,"More closed than open, author does not respond frequently",https://github.com/pytorch/tutorials/blob/master/LICENSE,There is no evidence of any testing done on the project.,2025-09-26,261,675,ML Frameworks / Libraries,3351,Yes
pytorch/vision,Y,17178,4118,76374,The source code of this project has been organised into different modules in a way that shows the relationship between different files,Multiple contributors: https://github.com/pytorch/vision/graphs/contributors,"The project uses various CI services to compute code coverage, check stylistic violations, etc.","There is a well maintained README, codes are well documented",Consistent commits in the last month,"More closed than open, author does not respond frequently",https://github.com/pytorch/vision/blob/master/LICENSE,There are many files related to testing,2025-09-27,177,620,Computer Vision,3311,Yes
PyTorchLightning/pytorch-lightning,Y,30179,10863,86858,The source code of this project has been organised into different modules in a way that shows the relationship between different files.,https://github.com/PyTorchLightning/pytorch-lightning/graphs/contributors shows that there are multiple contributors,"The project seems to use Circle CI but drop it, not very sure what they use exactly",There is a well-maintained documentation,Evidence of sustained commit activity,"The project maintainers respond to issues, as evidenced by https://github.com/PyTorchLightning/pytorch-lightning/issues/2495 and https://github.com/PyTorchLightning/pytorch-lightning/issues/2456",https://github.com/PyTorchLightning/pytorch-lightning/blob/master/LICENSE is provided.,There are many files related to testing.,2025-09-26,55,967,ML Frameworks / Libraries,2440,Yes
QData/TextAttack,Y,3277,2772,25560,The source code of this project has been organised into different modules in a way that shows the relationship between different files.,https://github.com/QData/TextAttack/graphs/contributors shows that there are multiple contributors,The project uses Travis CI,There is a well-maintained documentation,Evidence of sustained commit activity,"The project maintainers respond to issues, as evidenced by https://github.com/QData/TextAttack/issues/155 and https://github.com/QData/TextAttack/issues/126",https://github.com/QData/TextAttack/blob/master/LICENSE is provided.,There are many files related to testing.,2025-07-10,9,56,Natural Language Processing,2242,Yes
quantumblacklabs/kedro,Y,10549,4147,24084,The source code of this project has been organised into different modules in a way that shows the relationship between different files,Multiple contributors: https://github.com/quantumblacklabs/kedro/graphs/contributors,"The project uses various CI services to compute code coverage, check stylistic violations, etc.","There is a well maintained README, codes are well documented",Consistent commits in the last month,"More closed than open, author responds frequently",https://github.com/quantumblacklabs/kedro/blob/master/LICENSE.md,There are many files related to testing,2025-09-21,22,238,MLOps / Deployment,2421,Yes
quantumlib/Cirq,Y,4712,4475,169329,The source code of this project has been organised into different modules in a way that shows the relationship between different files,Multiple contributors: https://github.com/quantumlib/Cirq/graphs/contributors,No indications of using CI services,"There is a well maintained README, codes are well documented",Consistent commits in the last month,"More closed than open, author responds frequently",https://github.com/quantumlib/Cirq/blob/master/LICENSE,There is no evidence of any testing done on the project.,2025-09-27,54,243,ML Frameworks / Libraries,2911,Yes
ray-project/ray,Y,39131,27237,637199,The source code of this project has been organised into different modules in a way that shows the relationship between different files,Multiple contributors: https://github.com/ray-project/ray/graphs/contributors,"The project uses various CI services to compute code coverage, check stylistic violations, etc.","There is a well maintained README, codes are well documented",Consistent commits in the last month,"More closed than open, author does not respond frequently",https://github.com/ray-project/ray/blob/master/LICENSE,There are many files related to testing,2025-09-27,1031,890,Natural Language Processing,3326,Yes
ria-com/nomeroff-net,Y,486,1542,10722,The source code of this project has been organised into different modules in a way that shows the relationship between different files,Multiple contributors: https://github.com/ria-com/nomeroff-net/graphs/contributors,No indications of using CI services,"There is a well maintained README, codes are well documented",No commits the past month,"More closed than open, author does not respond frequently",https://github.com/ria-com/nomeroff-net/blob/master/LICENSE,There are many files related to testing,2025-09-26,23,9,Computer Vision,2550,Yes
robertness/causalML,N,782,367,2330,The source code of this project has been organised into different modules in a way that shows the relationship between different files with ad hoc scripts (Seems like a tutorial),Multiple contributors: https://github.com/robertness/causalML/graphs/contributors,No indications of using CI services,"There is a README, some codes are documented",No commits the past month,No open or closed issues,https://github.com/robertness/causalML/blob/master/LICENSE,There is no evidence of any testing done on the project.,2024-07-28,18,50,ML Frameworks / Libraries,2543,No
ROCmSoftwarePlatform/tensorflow-upstream,Y,696,188754,757020,The source code of this project has been organised into different modules in a way that shows the relationship between different files.,https://github.com/ROCmSoftwarePlatform/tensorflow-upstream/graphs/contributors shows that there are multiple contributors,"No evidence of CI used, may missed out because there are alot of files",There is a well-maintained documentation,Evidence of sustained commit activity,"The project maintainers respond to issues, as evidenced by https://github.com/ROCmSoftwarePlatform/tensorflow-upstream/issues/1000 and https://github.com/ROCmSoftwarePlatform/tensorflow-upstream/issues/937",https://github.com/ROCmSoftwarePlatform/tensorflow-upstream/blob/develop-upstream/LICENSE is provided.,There are many files related to testing.,2025-09-26,1766,553,ML Frameworks / Libraries,2795,Yes
RussTedrake/underactuated,Y,870,1915,5955,The source code of this project has been organised into different modules in a way that shows the relationship between different files but quite messy,https://github.com/RussTedrake/underactuated/graphs/contributors shows that there are multiple contributors,Project uses Jenkins CI previously but seems to have removed it,There is a well-maintained documentation,Evidence of sustained commit activity but only recently,"The project maintainers respond to issues, as evidenced by https://github.com/RussTedrake/underactuated/issues/353 and https://github.com/RussTedrake/underactuated/issues/372",https://github.com/RussTedrake/underactuated/blob/master/LICENSE.TXT is provided.,There are files related to testing but not much,2025-08-28,16,34,Domain-Specific Applications,4112,Yes
rusty1s/pytorch_geometric,Y,22939,7889,124071,The source code of this project has been organised into different modules in a way that shows the relationship between different files,Multiple contributors: https://github.com/rusty1s/pytorch_geometric/graphs/contributors,"The project uses various CI services to compute code coverage, check stylistic violations, etc.","There is a well maintained README, codes are well documented",Consistent commits in the last month,"More closed than open, author responds frequently",https://github.com/rusty1s/pytorch_geometric/blob/master/LICENSE,There are many files related to testing,2025-09-23,165,514,ML Frameworks / Libraries,2980,Yes
rusty1s/pytorch_scatter,Y,1690,1049,1450,The source code of this project has been organised into different modules in a way that shows the relationship between different files,Multiple contributors: https://github.com/rusty1s/pytorch_scatter/graphs/contributors,"The project uses various CI services to compute code coverage, check stylistic violations, etc.","There is a well maintained README, codes are well documented",Some commits the past month,"More closed than open, author responds frequently",https://github.com/rusty1s/pytorch_scatter/blob/master/LICENSE,There are many files related to testing,2025-08-12,5,30,ML Frameworks / Libraries,2909,Yes
rwightman/pytorch-image-models,Y,35368,2940,83829,The source code of this project has been organised into different modules in a way that shows the relationship between different files with some ad hoc scripts,Multiple contributors: https://github.com/rwightman/pytorch-image-models/graphs/contributors,"The project uses various CI services to compute code coverage, check stylistic violations, etc.","There is a well maintained README, codes are well documented",Consistent commits in the last month,"More closed than open, author responds frequently",https://github.com/rwightman/pytorch-image-models/blob/master/LICENSE,There are many files related to testing,2025-09-24,163,157,Computer Vision,2496,Yes
rwth-i6/returnn,Y,370,12170,145490,The source code of the project consists of some ad-hoc scripts.,Multiple contributors: https://github.com/rwth-i6/returnn/graphs/contributors,"The project uses various CI services to compute code coverage, check stylistic violations, etc.","There is a well maintained README, codes are well documented",Consistent commits in the last month,"More closed than open, author responds sometimes",https://github.com/rwth-i6/returnn/blob/master/LICENSE,There are many files related to testing,2025-09-22,52,57,ML Frameworks / Libraries,3459,Yes
scikit-learn-contrib/imbalanced-learn,Y,7038,896,16049,The source code of this project has been organised into different modules in a way that shows the relationship between different files,Multiple contributors: https://github.com/scikit-learn-contrib/imbalanced-learn/graphs/contributors,"The project uses various CI services to compute code coverage, check stylistic violations, etc.","There is a well maintained README, codes are well documented",Some commits the past month,"More closed than open, author does not respond frequently",https://github.com/scikit-learn-contrib/imbalanced-learn/blob/master/LICENSE,There are many files related to testing,2025-08-14,15,82,Data Science / Traditional ML,4127,Yes
SeldonIO/alibi,Y,2558,677,20797,The source code of this project has been organised into different modules in a way that shows the relationship between different files.,https://github.com/SeldonIO/alibi/graphs/contributors shows that there are multiple contributors,The project uses Travis and Circle CI,There is a well-maintained documentation,Little evidence of sustained commit activity,"The project maintainers respond to issues, as evidenced by https://github.com/SeldonIO/alibi/issues/256 and https://github.com/SeldonIO/alibi/issues/251 but not often as there's still a lot open issues",https://github.com/SeldonIO/alibi/blob/master/LICENSE is provided.,There are many files related to testing.,2025-09-23,37,22,Domain-Specific Applications,2472,Yes
SeldonIO/alibi-detect,Y,2429,746,24028,The source code of this project has been organised into different modules in a way that shows the relationship between different files.,https://github.com/SeldonIO/alibi-detect/graphs/contributors shows that there are multiple contributors,The project uses Travis CI,There is a well-maintained documentation,Little evidence of sustained commit activity,Do reply to issues last time but not now,https://github.com/SeldonIO/alibi-detect/blob/master/LICENSE is provided.,There are many files related to testing.,2025-09-03,14,25,Domain-Specific Applications,2249,Yes
SeldonIO/seldon-core,Y,4638,1207,3289,The source code of this project has been organised into different modules in a way that shows the relationship between different files.,https://github.com/SeldonIO/seldon-core/graphs/contributors shows that there are multiple contributors,The project uses Jenkins CI,There is a well-maintained documentation,Evidence of sustained commit activity but only recently,"The project maintainers respond to issues, as evidenced by https://github.com/SeldonIO/seldon-core/issues/2068 and https://github.com/SeldonIO/seldon-core/issues/2048",https://github.com/SeldonIO/seldon-core/blob/master/LICENSE is provided.,There are many files related to testing.,2025-09-26,482,38,MLOps / Deployment,2905,Yes
sigopt/sigopt-examples,Y,201,601,5255,The source code of this project has been organised into different modules in a way that shows the relationship between different files.,"Multiple contributors, each with contribution that is not negligible https://github.com/sigopt/sigopt-examples/graphs/contributors",Travis used,Documentation for each module,Commits are quite spread out,2 still open << 6 closed,License provided,X Doesn't seem to have unit test,2024-04-29,11,24,Data Science / Traditional ML,3935,Yes
sisl/NeuralVerification.jl,Y,232,932,61,The source code of this project has been organised into different modules in a way that shows the relationship between different files.,1-3 active contributers,Travis used,Most of the functions in the source code are not documented.,Commits are quite spread out,27 open < 36 closed,License provided,There are many files related to testing.,2025-05-01,15,13,Domain-Specific Applications,2673,Yes
skorch-dev/skorch,Y,6113,1123,20587,X The source code of the project exists as ad-hoc scripts.,"4-6 active contributers, 33 contributers in total",Travis used,Documentation not negligible,Commit activity not negligible,45 open << 266 closed,License provided,X Doesn't seem to have unit test,2025-08-15,46,62,ML Frameworks / Libraries,3061,Yes
slundberg/shap,Y,24462,2867,23375,The source code of this project has been organised into different modules in a way that shows the relationship between different files.,"1 has significantly more commits than others, but 87 contributers",Travis used,Documentation provided,Commit activity not negligible,643 open >> 428 closed,License provided,A number of tests,2025-09-26,18,228,Data Science / Traditional ML,3298,Yes
snap-stanford/ogb,N,2036,679,21473,The source code of this project has been organised into different modules in a way that shows the relationship between different files.,1-3 active contributers out of 7,X CI is not used on the project.,Documentation provided,"Recent, Commit activity not negligible",1 open <<< 32 closed,License provided,X Doesn't seem to have unit test,2025-05-06,3,25,Domain-Specific Applications,2203,No
snipsco/tract,Y,2601,8101,1472,The source code of this project has been organised into different modules in a way that shows the relationship between different files.,"1 has significantly more commits than others, but 14 contributers",Travis used,Documentation provided,"Recent, Commit activity not negligible",13 open < 28 closed,License provided,X Doesn't seem to have unit test,2025-09-26,213,69,ML Frameworks / Libraries,3040,Yes
snorkel-team/snorkel,Y,5918,2693,7633,The source code of this project has been organised into different modules in a way that shows the relationship between different files.,4 active contributors out of 52,Travis used,Documentation provided mostly in links,Commits are quite spread out,27 open << 880 closed,License provided,There are many files related to testing.,2024-02-27,11,69,Computer Vision,3568,Yes
SPFlow/SPFlow,Y,304,650,16505,The source code of this project has been organised into different modules in a way that shows the relationship between different files.,https://github.com/SPFlow/SPFlow/graphs/contributors shows that there are multiple contributors,CI is not used on the project.,There is a well-maintained documentation,Little evidence of sustained commit activity,"The project maintainers respond to issues, as evidenced by https://github.com/SPFlow/SPFlow/issues/78 and https://github.com/SPFlow/SPFlow/issues/58 but not often",https://github.com/SPFlow/SPFlow/blob/master/LICENSE.md is provided.,There is no evidence of any testing done on the project.,2025-04-04,11,22,ML Frameworks / Libraries,2815,Yes
spmallick/learnopencv,N,22329,2608,120110,"Many folders, each have a few files inside",4 active contributors our of 17,X CI is not used on the project.,Documentation provided mostly in links,"Recent, Commit activity not negligible",146 open >> 43 closed,License provided,X Doesn't seem to have unit test,2025-09-23,5,81,Computer Vision,3942,No
sql-machine-learning/elasticdl,Y,743,1829,21950,The source code of this project has been organised into different modules in a way that shows the relationship between different files.,14 active contributors out of 18,Travis used,Documentation provided,"Recent, Commit activity not negligible",101 open << 641 closed,License provided,Tests contained,2024-01-26,9,23,ML Frameworks / Libraries,2599,Yes
stanfordnlp/stanza,Y,7607,4785,51429,X The source code of the project exists as ad-hoc scripts.,6 active contributors out of 18,Travis used,Documentation provided mostly in links,Commit activity not negligible,36 open << 260 closed,License provided,Quite a number of tests,2024-12-24,31,52,Natural Language Processing,2990,Yes
stephenhky/PyShortTextCategorization,Y,472,1539,2590,"Many folders, each have a few files inside in https://github.com/stephenhky/PyShortTextCategorization/tree/master/shorttext","1 has significantly more commits than others, but 5 contributers",Travis used,Documentation mostly in links,Commit activity not negligible,6 open << 32 closed,License provided,A number of tests,2025-09-19,184,7,Natural Language Processing,3346,Yes
streamlit/streamlit,Y,41585,8344,113797,Organised but not in modules,"2 have significantly more commits than others, but 51 contributers",CircleCI used,Documentation provided,"Recent, Commit activity not negligible",387 open < 608 closed,License provided,A number of tests https://github.com/streamlit/streamlit/tree/develop/lib/tests,2025-09-26,428,280,Data Science / Traditional ML,2294,Yes
tensorflow/addons,Y,1707,1519,28322,The source code of this project has been organised into different modules in a way that shows the relationship between different files.,"2 have significantly more commits than others, but 103 contributers",X CI is not used on the project.,Documentation provided,"Recent, Commit activity not negligible",113 open < 473 closed,License provided,Few tests https://github.com/tensorflow/addons/tree/master/tools/testing,2024-04-15,30,195,ML Frameworks / Libraries,2564,Yes
tensorflow/data-validation,Y,773,995,28157,Organised but not in modules,"2 have significantly more commits than others, but 4 contributers",X CI is not used on the project.,Documentation provided,"Recent, Commit activity not negligible",34 open < 62 closed,License provided,X 1 integration test https://github.com/tensorflow/data-validation/tree/master/tensorflow_data_validation/integration_tests,2025-06-23,33,26,ML Frameworks / Libraries,2711,Yes
tensorflow/examples,N,8185,2187,31727,The source code of this project has been organised into different modules in a way that shows the relationship between different files.,"1 has significantly more commits than others, but 177 contributers",X CI is not used on the project.,Documentation provided,"Recent, Commit activity not negligible",46 open < 180 closed,License provided,X Doesn't seem to have unit test,2025-08-21,16,263,ML Frameworks / Libraries,2697,No
tensorflow/fairness-indicators,Y,353,397,1520,2 modules,"2 have significantly more commits than others, but 11 contributers",X CI is not used on the project.,Documentation provided,"Recent, Commit activity not negligible",all closed,License provided,X Doesn't seem to have unit test,2025-08-04,55,31,ML Frameworks / Libraries,2256,Yes
tensorflow/federated,Y,2397,5691,96954,X The source code of the project exists as ad-hoc scripts.,"4 have significantly more commits than others, but 53 contributers",X CI is not used on the project.,Documentation provided,"Recent, Commit activity not negligible",21 open < 142 closed,License provided,X Doesn't seem to have unit test,2025-09-28,230,110,ML Frameworks / Libraries,2548,Yes
tensorflow/graphics,Y,2781,770,33411,The source code of this project has been organised into different modules in a way that shows the relationship between different files.,"1 has significantly more commits than others, but 20contributers",X CI is not used on the project.,Documentation provided,"Recent, Commit activity not negligible",40 open < 74 closed,License provided,A number of tests https://github.com/tensorflow/graphics/tree/master/tensorflow_graphics/util/tests,2025-02-03,26,35,ML Frameworks / Libraries,2521,Yes
tensorflow/io,Y,731,1700,26222,The source code of this project has been organised into different modules in a way that shows the relationship between different files.,"1 has significantly more commits than others, but 20 contributers",X CI is not used on the project.,Documentation provided,"Recent, Commit activity not negligible",100 open < 213 closed,License provided,There are many files related to testing. https://github.com/tensorflow/io/tree/master/tests,2025-04-10,8,104,ML Frameworks / Libraries,2581,Yes
tensorflow/model-analysis,Y,1267,1570,49874,Organised but not in modules,"2 has significantly more commits than others, but 28 contributers",X CI is not used on the project.,Documentation provided,"Recent, Commit activity not negligible",14 open < 20 closed,License provided,A number of tests https://github.com/tensorflow/graphics/tree/master/tensorflow_graphics/util/tests,2025-08-06,36,55,ML Frameworks / Libraries,2812,Yes
tensorflow/models,N,77643,9655,379080,Organised but not in modules,"100 contributers, most significant",X CI is not used on the project.,X Most of the functions in the source code are not documented.,"Recent, Commit activity not negligible",820 open << 4647 closed,License provided,Few tests https://github.com/tensorflow/models/tree/master/official/utils/testing/scripts,2025-09-27,116,790,ML Frameworks / Libraries,3590,Yes
tensorflow/privacy,Y,1985,899,30114,The source code of this project has been organised into different modules in a way that shows the relationship between different files. https://github.com/tensorflow/privacy/tree/master/tensorflow_privacy/privacy,"6 has significantly more commits than others, but 26contributers",X CI is not used on the project.,X Most of the functions in the source code are not documented.,"Recent, Commit activity not negligible",22 open < 66 closed,License provided,X Doesn't seem to have unit test,2025-06-13,25,56,ML Frameworks / Libraries,2539,No
tensorflow/quantum,Y,2017,934,15821,Organised but not in modules,"2 have significantly more commits than others, but 16 contributers",X CI is not used on the project.,X Most of the functions in the source code are not documented.,"Recent, Commit activity not negligible",36 open < 61 closed,License provided,A number of tests https://github.com/tensorflow/quantum/tree/master/benchmarks/scripts,2025-09-14,23,35,ML Frameworks / Libraries,2127,Yes
tensorflow/serving,Y,6325,9171,2292,Organised but not in modules,"1 has significantly more commits than others, but 100 contributers",X CI is not used on the project.,X Most of the functions in the source code are not documented.,Commit activity not negligible,67 open << 1086 closed,License provided,X 2 tests https://github.com/tensorflow/serving/tree/master/tensorflow_serving/test_util,2025-09-26,78,210,ML Frameworks / Libraries,3599,Yes
tensorflow/text,N,1273,922,18446,"Organised but not in modules, not many files too","1 has significantly more commits than others, but 23 contributers",X CI is not used on the project.,X Most of the functions in the source code are not documented.,"Recent, Commit activity not negligible",20 open < 50 closed,License provided,X few test,2025-08-18,245,111,ML Frameworks / Libraries,2380,No
tensorflow/tfjs,Y,18968,6112,12161,The source code of this project has been organised into different modules in a way that shows the relationship between different files.,"100 contributers, most significant",X CI is not used on the project.,Documentation mostly in links,"Recent, Commit activity not negligible",376 open << 1828 closed,License provided,Have,2025-06-06,490,340,ML Frameworks / Libraries,2830,Yes
tf-encrypted/tf-encrypted,Y,1235,605,22814,Organised but not in modules,"1 has significantly more commits than others, but 24 contributers",CircleCI used,Documentation provided,Commit activity not negligible,155 open < 222 closed,License provided,Quite a number of tests,2024-09-25,59,25,ML Frameworks / Libraries,2814,Yes
TheAlgorithms/Python,Y,209443,3597,46108,The source code of this project has been organised into different modules in a way that shows the relationship between different files.,https://github.com/TheAlgorithms/Python/graphs/contributors shows that there are multiple contributors,The project uses Travis CI,Most of the functions in the source code are not documented.,Evidence of sustained commit activity,"The project maintainers respond to issues, as evidenced by https://github.com/TheAlgorithms/Python/issues/1919 and https://github.com/TheAlgorithms/Python/issues/2153, a lot of spam issues in this project by random users",https://github.com/TheAlgorithms/Python/blob/master/LICENSE.md is provided.,There is no evidence of any testing done on the project.,2025-09-24,10,1217,Domain-Specific Applications,3427,Yes
thu-ml/tianshou,Y,8802,1175,35503,Organised but not in modules,"1 has significantly more commits than others, but 19 contributers",X CI is not used on the project.,Documentation provided,"Recent, Commit activity not negligible",16 open < 47 closed,License provided,A number of tests,2025-09-06,13,77,Reinforcement Learning,2788,Yes
thunlp/OpenNRE,N,4429,177,3137,Organised but not in modules,"1 has significantly more commits than others, but 5 contributers",X CI is not used on the project.,X not much,Commit activity not negligible,all closed,License provided,X 1 test https://github.com/thunlp/OpenNRE/tree/master/tests,2024-01-10,6,8,Natural Language Processing,3202,No
Tiiiger/QPyTorch,Y,285,246,3868,The source code of this project has been organised into different modules in a way that shows the relationship between different files.,https://github.com/Tiiiger/QPyTorch/graphs/contributors shows that there are multiple contributors but mainly 1,CI is not used on the project.,There is a well-maintained documentation,No evidence of sustained commit activity,"The project author respond to issues, as evidenced by https://github.com/Tiiiger/QPyTorch/issues/31 and https://github.com/Tiiiger/QPyTorch/issues/21",https://github.com/Tiiiger/QPyTorch/blob/master/LICENSE is provided.,There are many files related to testing,2024-05-20,2,9,ML Frameworks / Libraries,2684,No
timesler/facenet-pytorch,Y,4993,252,1467,Organised but not in modules,"1 has significantly more commits than others, but 7 contributers",Travis used,Documentation mostly in links,Commit activity not negligible,9 open < 56 closed,License provided,X 3 tests,2024-08-02,5,17,ML Frameworks / Libraries,2385,Yes
tslearn-team/tslearn,Y,3037,1685,10150,X The source code of the project exists as ad-hoc scripts.,"2 has significantly more commits than others, but 23 contributers",X CI is not used on the project.,X not much,Quite alot of commits past month,21 open << 154 closed,License provided,Quite a number of tests,2025-09-26,11,39,Domain-Specific Applications,3135,Yes
uber/causalml,Y,5589,653,11144,Organised but not in modules,"2 has significantly more commits than others, but 14contributers",Travis used,Documentation provided,Commits are quite spread out,20 open < 80 closed,License provided,A number,2025-09-26,127,68,Data Science / Traditional ML,2340,Yes
uber/ludwig,Y,11590,3861,95376,Organised but not in modules,"1 has significantly more commits than others, but 71 contributers",Travis used,Documentation provided,"Recent, Commit activity not negligible",82 open << 337 closed,License provided,A number,2024-10-17,243,148,Natural Language Processing,2533,Yes
UKPLab/sentence-transformers,Y,17603,2375,39022,The source code of this project has been organised into different modules in a way that shows the relationship between different files.,https://github.com/UKPLab/sentence-transformers/graphs/contributors shows that there are multiple contributors,CI is not used on the project.,There is a well-maintained documentation,Evidence of sustained commit activity but not very stable,"The project maintainers respond to issues, as evidenced by https://github.com/UKPLab/sentence-transformers/issues/282 and https://github.com/UKPLab/sentence-transformers/issues/239 but a lot issues left open",https://github.com/TheAlgorithms/Python/blob/master/LICENSE.md is provided.,There are many files related to testing,2025-09-26,16,226,Natural Language Processing,2324,Yes
ultralytics/yolov3,Y,10457,2899,11096,Organised but not in modules,"1 has significantly more commits than others, but 33 contributers",X CI is not used on the project.,X not much,"Recent, Commit activity not negligible",104 open << 1164 closed,License provided,X 1,2025-08-26,3,48,Computer Vision,2656,Yes
ultralytics/yolov5,Y,55509,2916,11454,Organised but not in modules,"1 has significantly more commits than others, but 11 contributers",X CI is not used on the project.,Tutorials provided,"Recent, Commit activity not negligible",139 open > 105 closed,License provided,X 1,2025-09-21,12,335,Computer Vision,2025,Yes
Unity-Technologies/ml-agents,Y,18685,3541,27918,The source code of this project has been organised into different modules in a way that shows the relationship between different files but quite messy,https://github.com/Unity-Technologies/ml-agents/graphs/contributors shows that there are multiple contributors,The project uses Circle CI,There is a well-maintained documentation,Evidence of sustained commit activity,"The project maintainers respond to issues, as evidenced by https://github.com/Unity-Technologies/ml-agents/issues/4141 and https://github.com/Unity-Technologies/ml-agents/issues/4112",https://github.com/Unity-Technologies/ml-agents/blob/master/LICENSE is provided.,There are files related to testing,2025-09-17,447,146,Reinforcement Learning,3008,Yes
vaexio/vaex,Y,8432,3712,63938,Organised but not in modules,"1 has significantly more commits than others, but 23 contributers",Travis used,Documentation provided,Commit activity not negligible,154 open < 291 closed,License provided,There are many files related to testing. https://github.com/tensorflow/io/tree/master/tests,2025-09-03,271,65,Data Science / Traditional ML,4085,Yes
vanvalenlab/deepcell-tf,Y,465,421,14131,Organised but not in modules,"1 has significantly more commits than others, but 12 contributers",Travis used,Documentation provided,"Recent, Commit activity not negligible",29 open << 120 closed,License provided,X Doesn't seem to have unit test,2024-08-30,19,21,ML Frameworks / Libraries,2758,Yes
VertaAI/modeldb,Y,1740,4114,111928,The source code of this project has been organised into different modules in a way that shows the relationship between different files.,https://github.com/VertaAI/modeldb/graphs/contributors shows that there are multiple contributors,CI is not used on the project.,There is a well-maintained documentation,Evidence of sustained commit activity,"The project maintainers respond to issues, as evidenced by https://github.com/VertaAI/modeldb/issues/564 and https://github.com/VertaAI/modeldb/issues/259 but a lot issues left open",https://github.com/VertaAI/modeldb/blob/master/DEPLOY.md is provided.,There are many files related to testing,2024-04-25,689,49,MLOps / Deployment,3333,Yes
vespa-engine/sample-apps,Y,380,5644,11979,The source code of this project has been organised into different modules in a way that shows the relationship between different files. https://github.com/tensorflow/privacy/tree/master/tensorflow_privacy/privacy,around 14 have significant contributions,Travis used,Documentation provided,"Recent, Commit activity not negligible",no issues,License provided,X Doesn't seem to have unit test,2025-09-24,40,63,MLOps / Deployment,3031,Yes
vwxyzjn/cleanrl,N,7945,841,12634,X The source code of the project exists as ad-hoc scripts.,"1 has significantly more commits than others, 2 contributers",X CI is not used on the project.,Documentation provided,"Recent, Commit activity not negligible",3 open < 7 closed,License provided,A number,2025-07-08,126,42,Reinforcement Learning,2371,Yes
wandb/client,Y,10367,8446,217482,The source code of this project has been organised into different modules,about 11 active contributors,CircleCI used,Documentation provided,"Recent, Commit activity not negligible",207 open < 354 closed,License provided,There are many files related to testing. https://github.com/tensorflow/io/tree/master/tests,2025-09-27,1629,200,Reinforcement Learning,3176,Yes
wandb/examples,N,1181,1003,7128,X The source code of the project exists as ad-hoc scripts in folders,Yes,X CI is not used on the project.,X not much,Commits are quite spread out,3 open > 1 closed,"X There is no license to be found, either in the form of a license file or written inside the source code file.",X 1,2025-09-23,290,68,Data Science / Traditional ML,2865,Yes
wikipedia2vec/wikipedia2vec,Y,956,333,4481,X The source code of the project exists as ad-hoc scripts in folders,"1 has significantly more commits than others, 30 contributers",CircleCI used,X not much,Commits are quite spread out,all closed,License provided,A few,2024-01-11,4,5,Natural Language Processing,3691,Yes
x4nth055/pythoncode-tutorials,N,2913,641,41945,The source code of this project has been organised into different modules in a way that shows the relationship between different files. https://github.com/tensorflow/privacy/tree/master/tensorflow_privacy/privacy,X There are no contributors to the project other than the author.,X CI is not used on the project.,Tutorials provided,"Recent, Commit activity not negligible",5 open < 7 closed,License provided,X Doesn't seem to have unit test,2025-09-28,15,14,Natural Language Processing,2319,No
XanaduAI/pennylane,Y,2824,6011,350353,The source code of this project has been organised into different modules in a way that shows the relationship between different files.,https://github.com/XanaduAI/pennylane/graphs/contributors shows that there are multiple contributors,The project uses Travis CI,There is a well-maintained documentation,Evidence of sustained commit activity,"The project maintainers respond to issues, as evidenced by https://github.com/XanaduAI/pennylane/issues/661 and https://github.com/XanaduAI/pennylane/issues/533",https://github.com/XanaduAI/pennylane/blob/master/LICENSE is provided.,There are many files related to testing,2025-09-26,407,200,ML Frameworks / Libraries,2787,Yes
XanaduAI/strawberryfields,Y,817,1172,31745,The source code of this project has been organised into different modules in a way that shows the relationship between different files.,https://github.com/XanaduAI/strawberryfields/graphs/contributors shows that there are multiple contributors,The project uses Travis CI,There is a well-maintained documentation,Evidence of sustained commit activity,"The project maintainers respond to issues, as evidenced by https://github.com/XanaduAI/strawberryfields/issues/304 and https://github.com/XanaduAI/strawberryfields/issues/369",https://github.com/XanaduAI/pennylane/blob/master/LICENSE is provided.,There are many files related to testing,2025-05-20,46,42,ML Frameworks / Libraries,2809,Yes
Xilinx/brevitas,Y,1388,1609,58300,The source code of this project has been organised into different modules in a way that shows the relationship between different files.,https://github.com/Xilinx/brevitas/graphs/contributors shows that there are multiple contributors,The project uses pytest,There is a well-maintained documentation,Evidence of sustained commit activity until recently,"The project maintainers respond to issues, as evidenced by https://github.com/Xilinx/brevitas/issues/163 and https://github.com/Xilinx/brevitas/issues/126 but a lot issues left open too",https://github.com/Xilinx/brevitas/blob/master/LICENSE is provided,There are many files related to testing,2025-08-28,22,26,ML Frameworks / Libraries,2703,Yes
YosefLab/scVI,Y,1460,4329,52441,The source code of this project has been organised into different modules in a way that shows the relationship between different files.,https://github.com/YosefLab/scVI/graphs/contributors shows that there are multiple contributors,The project uses Travis CI,There is a well-maintained documentation,Evidence of sustained commit activity,"The project maintainers (mainly 1 person) respond to issues, as evidenced by https://github.com/YosefLab/scVI/issues/560 and https://github.com/YosefLab/scVI/issues/690",https://github.com/YosefLab/scVI/blob/master/LICENSE is provided.,There are many files related to testing,2025-09-25,86,74,Domain-Specific Applications,3010,Yes
yzhao062/pyod,Y,9471,1895,16576,Organised but not in modules and few files,"1 has significantly more commits than others, 14 contributers",CircleCI used,Have a docs folder,"Recent, Commit activity not negligible",57 open < 66 closed,License provided,Quite a number,2025-04-29,2,53,Data Science / Traditional ML,2983,Yes
zalandoresearch/pytorch-ts,Y,1333,438,9932,Organised but not in modules,"1 main contributer, the other 3 has 1+ commit",X CI is not used on the project.,X not much,Commits are quite spread out,2 open < 9 closed,License provided,A number,2024-06-14,13,11,ML Frameworks / Libraries,2088,Yes
zeusees/HyperLPR,N,5991,344,1356,organised in folders,"1 main contributer, others has 1+ commit",X CI is not used on the project.,Chinese,Commits are quite spread out,25 open << 220 closed,License provided,X Doesn't seem to have unit test,2024-07-27,22,17,ML Frameworks / Libraries,2992,No
zhanghang1989/PyTorch-Encoding,Y,2051,120,6905,Organised but not in modules,"1 main contributer, the other 4 has 1+ commit",X CI is not used on the project.,Have a docs folder,"Recent, Commit activity not negligible",91 open < 146 closed,License provided,A number,2024-12-21,6,9,Computer Vision,3127,Yes
